masterfile1,;HEADER SIZE...................,;VEHICLE NAME..................,;MISSION NAME..................,;MISSION TYPE..................,;MISSION OPERATOR..............,;MISSION CUSTOMER..............,;LAUNCH DATE...................,;LAUNCH TIME  (UTC ZULU).......,;EVENT DESCRIPTION.............,;EVENT SITE....................,;PROJECT.......................,;ORGANIZATION..................,;RECORDER LOCATION.............,;RECORDER LOCATION SHORT NAME..,;SAMPLES TOTAL.................,;RUN NOTES.....................,;CH NUMBER.....................,;CH DESCRIPTION................,;TRANSDUCER MODEL..............,;TRANSDUCER SN.................,;MEAS SENS (mV/Pa).............,;ORIENTATION...................,;WINDSCREEN....................,;GRID..........................,;PREAMP MODEL..................,;PREAMP SN.....................,;RECORDER MODEL................,;COORDINATES...................,;DATUM.........................,;LATITUDE......................,;LONGITUDE.....................,;MICROPHONE HEIGHT AGL M.......,;CH NOTES......................,;QC NOTE.......................,T=-12,T=-11,T=-10,T=-9,T=-8,T=-7,T=-6,T=-5,T=-4,T=-3,T=-2,T=-1,T=0,T=1,T=2,T=3,T=4,T=5,T=6,T=7,T=8,T=9,T=10,T=11,T=12,T=13,T=14,T=15,T=16,T=17,T=18,T=19,T=20,T=21,T=22,T=23,T=24,T=25,T=26,T=27,T=28,T=29,T=30,T=31,T=32,T=33,T=34,T=35,T=36,T=37,T=38,T=39,T=40,T=41,T=42,T=43,T=44,T=45,T=46,T=47,T=48,T=49,T=50,T=51,T=52,T=53,T=54,T=55,T=56,T=57,T=58,T=59,T=60,T=61,T=62,T=63,T=64,T=65,T=66,T=67,T=68,T=69,T=70,T=71,T=72,T=73,T=74,T=75,T=76,T=77,T=78,T=79,T=80,T=81,T=82,T=83,T=84,T=85,T=86,T=87,T=88,T=89,T=90,T=91,T=92,T=93,T=94,T=95,T=96,T=97,T=98,T=99,T=100,T=101,T=102,T=103,T=104,T=105,T=106,T=107,T=108,T=109,T=110,T=111,T=112,T=113,T=114,T=115,T=116,T=117,T=118,T=119,T=120,T=121,T=122,T=123,T=124,T=125,T=126,T=127,T=128,T=129,T=130,T=131,T=132,T=133,T=134,T=135,T=136,T=137,T=138,T=139,T=140,T=141,T=142,T=143,T=144,T=145,T=146,T=147,T=148,T=149,T=150,T=151,T=152,T=153,T=154,T=155,T=156,T=157,T=158,T=159,T=160,T=161,T=162,T=163,T=164,T=165,T=166,T=167,T=168,T=169,T=170,T=171,T=172,T=173,T=174,T=175,T=176,T=177,T=178,T=179,T=180,T=181,T=182,T=183,T=184,T=185,T=186,T=187,T=188,T=189,T=190,T=191,T=192,T=193,T=194,T=195,T=196,T=197,T=198,T=199,T=200,T=201,T=202,T=203,T=204,T=205,T=206,T=207,T=208,T=209,T=210,T=211,T=212,T=213,T=214,T=215,T=216,T=217,T=218,T=219,T=220,T=221,T=222,T=223,T=224,T=225,T=226,T=227,T=228,T=229,T=230,T=231,T=232,T=233,T=234,T=235,T=236,T=237,T=238,T=239,T=240,T=241,T=242,T=243,T=244,T=245,T=246,T=247,T=248,T=249,T=250,T=251,T=252,T=253,T=254,T=255,T=256,T=257,T=258,T=259,T=260,T=261,T=262,T=263,T=264,T=265,T=266,T=267,T=268,T=269,T=270,T=271,T=272,T=273,T=274,T=275,T=276,T=277,T=278,T=279,T=280,T=281,T=282,T=283,T=284,T=285,T=286,T=287,T=288,T=289,T=290,T=291,T=292,T=293,T=294,T=295,T=296,T=297,T=298,T=299,T=300,T=301,T=302,T=303,T=304,T=305,T=306,T=307,T=308,T=309,T=310,T=311,T=312,T=313,T=314,T=315,T=316,T=317,T=318,T=319,T=320,T=321,T=322,T=323,T=324,T=325,T=326,T=327,T=328,T=329,T=330,T=331,T=332,T=333,T=334,T=335,T=336,T=337,T=338,T=339,T=340,T=341,T=342,T=343,T=344,T=345,T=346,T=347,T=348,T=349,T=350,T=351,T=352,T=353,T=354,T=355,T=356,T=357,T=358,T=359
masterfile2,33,ANTARES 230,CRS-8E (OA-8E),ISS RESUPPLY,NASA,ORBITAL ATK,12 NOVEMBER 2017,12:19:51.000,LAUNCH NOISE,MARS PAD 0A,ACRP PROJECT 02-81,BLUE RIDGE RESEARCH AND CONSULTING,Z-65,Z65,315,NONE,01,"1/4"" MICROPHONE PRES-FIELD",GRAS 40BD,20780,0.883,INVERTED,YES,YES,GRAS 26CB,54694,NI-9232,GEOGRAPHIC,WGS 84,37.835345,-75.486381,0.0,NONE,NONE,82.7,82.7,82.6,82.7,82.6,82.7,82.8,82.7,82.7,82.7,82.8,82.8,83.9,115.3,115.1,125.4,127.3,130.5,135.3,139.8,143.6,145,145.7,145.5,143.8,142,139.8,137.8,135.7,133.6,130.9,129,127.7,125.3,122.6,121,119.6,117.2,116.5,114.9,114.4,112.4,109.9,108.9,107.9,108,108.2,106.5,105.1,104.4,103.7,104.6,103.4,102.5,103.8,100.9,102.1,99.9,101.5,99.9,98.3,98.2,96,96.5,96.5,96.3,97,97.6,95.9,95.9,97.2,94.9,96.2,93.4,94.7,96.7,95.9,97.4,95.5,96.1,95.8,96.3,95.1,98.6,99.7,98.7,95.9,96.7,96.8,95.3,97.3,97.4,96.1,94.7,95.1,95,93.3,95.5,97.1,93.5,96.4,94.5,94.2,94.7,95,95.2,95.3,95.8,94.2,94.8,94.8,95.3,94.1,94.4,94.3,93.5,94.9,94.6,94,94.1,94.1,93.8,94.6,93.6,93,93.3,93.4,92.7,92.5,93.7,93,92.1,93.3,93.4,93.7,93.1,92.1,92.7,91.9,90.9,91.9,90.9,90.7,90.3,91.3,90.4,90,90.3,90.5,89.8,90.7,91.2,89.3,91.4,89.8,90.8,89.6,90.1,90.5,89.8,90.5,91,90.4,90,90.3,90.1,89.6,89.2,88.6,90.2,89.3,89.3,88.8,89,89.8,88,88,89,89.3,88.9,90.5,89.3,89.5,89,89.3,89.4,88.2,89.8,88.9,88.3,89.2,88.5,88.7,87.6,87.8,87.5,88.9,88,87.5,87.8,87.3,87.2,88.1,88.8,88.2,87.6,87.1,88.6,87.4,87.2,88.4,87.5,86.8,87.4,86.9,86.5,88.1,87.9,86.8,87.2,87,88,87.1,87.3,87.3,87.5,87.1,86.4,87.1,86.8,86.8,86.4,86.1,86.2,86.4,86.8,85.8,85.9,85.3,85.8,86.1,86,85.4,85.7,85.9,85.8,85.8,85.6,86.7,85.7,85.8,86.1,85.6,85.3,85.6,85.4,85.2,85.6,86.3,85.7,85.2,85.9,85.9,85.7,86.4,85.9,85.6,85.7,86,86.3,87.7,85.2,85.3,85.3,85.3,85.5,85,85.1,85.1,85,85.1,85.4,86.2,85.9,85.4,85.3,85.4,85.4,85.7,85.7,85.1,84.8,84.9,84.9,85.4,84.7,85.3,84.8,85.2,84.7,84.7,84.9,85.1,85.2,87.9,91.2,89.4,89.4,90.7,89.5,89.2,88.5,89,88.6,89.6,,,,,,,,,,,,,,,,,,,,,,,,,,,,,,,,,,,,,,,,,,,,,,,,,,,,,,,,,
masterfile3,33,ANTARES 230,CRS-8E (OA-8E),ISS RESUPPLY,NASA,ORBITAL ATK,12 NOVEMBER 2017,12:19:51.000,LAUNCH NOISE,MARS PAD 0A,ACRP PROJECT 02-81,BLUE RIDGE RESEARCH AND CONSULTING,Z-65,Z65,315,NONE,02,"1/4"" MICROPHONE PRES-FIELD",GRAS 40BD,41697,1.450,GRAZING,YES,YES,GRAS 26CB,61107,NI-9232,GEOGRAPHIC,WGS 84,37.835345,-75.486381,1.5,NONE,NONE,78.7,78.5,78.4,78.4,78.5,78.5,78.5,78.8,78.8,78.9,79.1,79.1,82.1,114.4,116.3,126.2,127.6,130.6,134.6,139,142.8,144.5,145,144.9,142.5,140.8,139.4,137.3,134.7,133.2,130.4,128.7,127.7,125.2,122.8,121.2,119.9,117.5,117,115.7,115.4,113.6,111.2,109.8,110,109.5,110,108.9,107,106.5,105.9,106.4,105.7,104.3,105.6,102.7,104.4,102.1,103.8,102.9,103,102.1,99.5,99,100.1,100.4,99.7,100.1,98.4,98.2,100.3,98.3,99.2,97.8,98.2,99.3,98.8,99.9,98,98.9,99.6,100.1,98.5,101.4,102,101.5,99.7,100.5,99.9,99,99.6,100.4,100,99.3,99.4,98.3,97.3,99,100,97.8,99.5,98,97.2,97.8,98.1,98.4,98.3,98.5,96.6,97.5,97.1,97.2,96.3,98,98.4,97.2,97.4,96.7,95.8,97.1,97.4,97.5,98.1,97.7,96.7,96.4,96.9,96.5,95.9,97,97.1,95.7,96.3,96.8,97.1,97.7,97.5,98.1,98.9,98.5,98.4,97,96.9,96.1,96,96.5,96.3,95.5,95.7,94.2,94.8,95.5,95.4,96.7,97.3,96.2,96,96.8,96.2,96.2,95.5,96.1,96.7,97.4,97.5,96.3,95,94.7,94.9,96.9,96.6,94.9,94.2,96,97.3,96.7,94.4,94.7,95.1,95.5,96.6,95.8,95.7,95.4,95.4,96.6,96.1,96,95.5,93.3,92.7,92.5,94.6,96.1,96.7,97,95.6,95.7,95.8,95.3,95.1,94.8,94.6,95.5,96.3,96.4,96.6,98.1,98,97.2,97.2,97.4,98,97.6,96.2,96.5,96.6,96.5,95.8,95.6,95.5,95.5,94.5,94.8,95.1,95.7,96,95.8,97,97.2,96.9,95.3,94.8,94,93.6,94.1,94.9,96.1,95.6,94.8,95,95.2,96.4,96.2,96.3,95.1,94.4,93.9,94,97.6,99.3,96.9,95,93.8,92.8,92.4,93.3,93.5,93.6,94.3,94.3,94.4,94.4,95.8,96.6,95.8,94,93.8,93.8,94.8,95.4,93.5,93,94,93.8,93.7,93.6,95.2,96.3,95.1,93.9,94.1,94.1,93,95.2,95.7,95,94,92.9,93,92.7,94.2,95.5,94.3,92.7,92.3,94,95.2,95.1,93.4,92.3,91.7,92.8,95,96.7,96.7,95.6,94,94.3,94.2,95.4,95.7,97.2,96.9,96.7,,,,,,,,,,,,,,,,,,,,,,,,,,,,,,,,,,,,,,,,,,,,,,,,,,,,,,,,,
masterfile4,33,ANTARES 230,CRS-8E (OA-8E),ISS RESUPPLY,NASA,ORBITAL ATK,12 NOVEMBER 2017,12:19:51.000,LAUNCH NOISE,MARS PAD 0A,ACRP PROJECT 02-81,BLUE RIDGE RESEARCH AND CONSULTING,Z-65,Z65,315,NONE,03,"1/4"" MICROPHONE FREE-FIELD",GRAS 40BE,66437,3.054,SKY,YES,YES,GRAS 26CB,191203,NI-9232,GEOGRAPHIC,WGS 84,37.835345,-75.486381,7.3,NONE,NONE,72.9,74,72.7,72.6,73.1,73,72.6,73.6,73.9,73.9,74.4,74.9,80.9,114,116.1,126,127.7,130.6,134.5,138.4,141.8,143.3,143.8,143.6,141.6,139.9,138.4,135.8,134.1,132.4,129.9,127.7,126.7,123.7,121.5,119.9,118.8,116.5,116,114.8,114.4,113.2,110.1,108.3,109.2,108.8,109.5,108.3,106.6,106.3,105.5,105.7,105.6,103.7,105.3,102.3,104,101.6,103.7,103.1,100.8,100.2,98.4,98.1,99,98.9,98.4,99.1,97.5,97.5,99.5,97.3,98.2,97.6,98.4,99.4,98,99.2,97.4,98.3,98.2,98,97.5,100.7,101.4,101.1,99.4,101.1,100.7,98.6,99,99.6,98.6,97.9,98.2,97,95.7,97.3,98.9,96,98.2,96.2,97,98.2,97.2,96.6,95.8,96.7,94.8,95.6,95.5,96.1,95.8,96.6,97.2,95.2,96.1,96.4,96.3,95.9,95.8,95.7,96.5,95.5,95.6,94.8,94.9,94.9,95.3,96.2,94.8,93.7,95.6,96.4,96.5,96,96.2,95.4,95.6,95.3,97.1,96.8,95.8,95.4,95.6,95.1,94.4,93.1,93.4,92.9,93.8,95.3,95.5,95.5,94.2,95.1,94.7,95.2,95.1,94.2,94.9,94.8,94.2,94.6,94,94.1,93.6,93.5,93.5,94.1,93.9,93.9,94.7,95.9,95.8,93.9,92.7,92.6,93.6,92.4,93,92.4,93.1,92.8,93.8,94.9,93.5,93.4,93.7,93.8,94.7,94.2,95,95.7,95.5,93.5,93.6,93.1,93.2,93.1,93.1,93.9,93.9,93.9,93.8,93.3,93.1,95.1,96.9,96.2,96.1,96.3,94.3,93.8,93.4,94.6,95.6,94.8,93,93,93.4,93.4,93.1,93.3,93.4,93.4,93.4,93.8,93.9,93.2,93.8,93.8,93.1,92.7,93.1,93,92.6,92.9,93.9,95.8,95.8,94.6,94.8,93.4,93.4,93.2,93.5,94.2,93.5,91.8,92.1,93.5,94.1,91.3,91.2,91.3,92.4,91.9,91.6,91.5,91.2,93.1,94.9,95.7,95.4,94.2,93.1,93,92.6,92.2,91.7,91.4,91.2,91.2,92.2,93.9,95.2,95.7,93.1,91.9,92.5,93,93.3,92.8,92.2,92.2,93.2,92.7,93.7,94.7,94.6,93.9,94.3,95.2,94.2,92.7,93.1,92.8,91.7,91.2,92.1,93.4,94.4,93.1,92.8,95,93.7,93.3,95,94.7,95.3,94.2,93,92.5,92.9,,,,,,,,,,,,,,,,,,,,,,,,,,,,,,,,,,,,,,,,,,,,,,,,,,,,,,,,,
masterfile5,35,ANTARES 230,CRS-8E (OA-8E),ISS RESUPPLY,NASA,ORBITAL ATK,12 NOVEMBER 2017,12:19:51.000,LAUNCH NOISE,MARS PAD 0A,ACRP PROJECT 02-81,BLUE RIDGE RESEARCH AND CONSULTING,X-5,X05,315,NONE,04,"1/2"" MICROPHONE FREE-FIELD",PCB 377B02,105222,50.00,SKY,YES,YES,PCB PRM831,0471,LD-831,GEOGRAPHIC,WGS 84,37.840820,-75.481336,1.5,NONE,NONE,,,,58.7,58.5,59,59,60.5,61.6,61,60.4,62.1,64.1,61.1,64.2,63.6,60.9,61.7,85.7,95.2,103,107.1,107.8,108.7,109.5,113,118,120.2,124.2,126.1,128.3,129,129.9,130.4,131,130.5,130.6,128.9,128.7,128.2,127.2,125.6,126,124.3,124.4,123,121.4,120.4,119.7,119.1,117.5,117.5,116.1,115.4,115.8,115.6,113.3,113.6,112.8,112.3,111,110.4,109.1,108,106.3,104.2,103.4,102.4,102.8,102.6,101.9,101.2,101,100.7,99.9,99.3,98,98.6,98.2,99,98.4,96.2,96.9,95.8,96.8,97.7,98.6,100.4,100.2,96.7,96.5,97.2,97.6,95.7,98.9,96,94.1,96.2,94.5,94.7,95.9,97.5,95.4,96.9,95,93.6,95.3,93.7,95.7,94.9,92.3,95.4,94.4,95.1,94.6,92.3,92.3,92.3,92.1,93.2,93,93.3,91.8,91.4,92.2,91.2,92.9,91.1,92.6,91.2,91.2,90.5,91.2,89.9,89.2,89.7,89.3,91.3,88.9,90.4,90.1,89.4,89.8,88.8,88.6,88.5,88.4,88.5,89.1,86.5,88.2,86.4,88.6,88.3,89.7,83.6,88.4,88.5,88.3,87.7,88.1,87.4,88.5,88.5,88.6,88,88.5,88.7,87.1,87.9,86.9,86.7,86.3,86.7,87.3,86.4,87.2,88.3,85.4,83.8,85.2,85.1,84.6,86,86.1,86.2,85.3,84.6,86.4,84.5,84.7,85.9,85,85.5,87.6,86.7,86.8,86.3,85.9,87,87.1,85.6,86.4,85.8,84.3,85.8,84.9,84.3,84.5,82.9,86,81.9,82.1,84.8,82.3,81.5,84,85.3,81.3,85.1,85.6,84,84.6,83.9,85.4,84.5,84.4,82.5,84.2,83,83.3,83,83,82.8,82.5,82.1,82.4,81.9,83.5,82.6,80,80.9,80.5,81.6,82.6,79.2,80.9,82.4,82.1,81.1,80.8,83.4,81.6,82.1,83.5,81.9,81.5,80.1,82.5,82.1,81.6,81.6,83.6,80.6,81.6,81,80,80.5,81.7,79.3,80.6,78.4,78.8,77.8,79.2,79.1,80.4,80.3,78.9,80.3,78.5,79.7,78.4,79.8,79.7,81.8,79.4,80.5,80.8,80.6,80.8,79.7,78.9,80,80.3,79.3,80.3,78.9,79,78.3,78.7,79.4,79.5,76,77.8,77.7,79.6,80.2,81.3,80.6,81.5,79.7,79.3,79.3,79.3,78.3,76.3,77.2,,,,,,,,,,,,,,,,,,,,,,,,,,,,,,,,,,,,,,,,,,,,,,,,,,,,,,
masterfile6,35,ANTARES 230,CRS-8E (OA-8E),ISS RESUPPLY,NASA,ORBITAL ATK,12 NOVEMBER 2017,12:19:51.000,LAUNCH NOISE,MARS PAD 0A,ACRP PROJECT 02-81,BLUE RIDGE RESEARCH AND CONSULTING,UAV Runway,UAV,315,NONE,05,"1/2"" MICROPHONE RND-FIELD",PCB 377B20,148905,50.00,SKY,YES,YES,PCB PRMLxT1,046757,LD-LxT,GEOGRAPHIC,WGS 84,37.826428,-75.495126,1.5,CONTINUOUS LOW-LEVEL MECH TONAL NOISE 40&80HZ,NONE,,,,NaN,NaN,NaN,NaN,NaN,NaN,NaN,NaN,NaN,NaN,NaN,NaN,NaN,NaN,NaN,NaN,NaN,NaN,NaN,NaN,NaN,NaN,NaN,NaN,NaN,NaN,NaN,NaN,NaN,NaN,NaN,NaN,NaN,NaN,NaN,NaN,NaN,NaN,NaN,NaN,NaN,NaN,NaN,NaN,NaN,NaN,NaN,NaN,NaN,NaN,NaN,NaN,NaN,NaN,NaN,NaN,NaN,NaN,NaN,NaN,NaN,NaN,NaN,NaN,NaN,NaN,NaN,NaN,NaN,NaN,NaN,NaN,NaN,NaN,NaN,NaN,NaN,NaN,NaN,NaN,NaN,NaN,NaN,NaN,NaN,NaN,NaN,NaN,NaN,NaN,NaN,NaN,NaN,NaN,NaN,NaN,NaN,NaN,NaN,NaN,NaN,NaN,NaN,NaN,NaN,NaN,NaN,NaN,NaN,NaN,NaN,NaN,NaN,NaN,NaN,NaN,NaN,NaN,NaN,NaN,NaN,NaN,NaN,NaN,NaN,NaN,NaN,NaN,NaN,NaN,NaN,NaN,NaN,NaN,NaN,NaN,NaN,NaN,NaN,NaN,NaN,NaN,NaN,NaN,NaN,NaN,NaN,NaN,NaN,NaN,NaN,NaN,NaN,NaN,NaN,NaN,NaN,NaN,NaN,NaN,NaN,NaN,NaN,NaN,NaN,NaN,NaN,NaN,NaN,NaN,NaN,NaN,NaN,NaN,NaN,NaN,NaN,NaN,NaN,NaN,NaN,NaN,NaN,NaN,NaN,NaN,NaN,NaN,NaN,NaN,NaN,NaN,NaN,NaN,NaN,NaN,NaN,NaN,NaN,NaN,NaN,NaN,NaN,NaN,NaN,NaN,NaN,NaN,NaN,NaN,NaN,NaN,NaN,NaN,NaN,NaN,NaN,NaN,NaN,NaN,NaN,NaN,NaN,NaN,NaN,NaN,NaN,NaN,NaN,NaN,NaN,NaN,NaN,NaN,NaN,NaN,NaN,NaN,NaN,NaN,NaN,NaN,NaN,NaN,NaN,NaN,NaN,NaN,NaN,NaN,NaN,NaN,NaN,NaN,NaN,NaN,NaN,NaN,NaN,NaN,NaN,NaN,NaN,NaN,NaN,NaN,NaN,NaN,NaN,NaN,NaN,NaN,NaN,NaN,NaN,NaN,NaN,NaN,NaN,NaN,NaN,NaN,NaN,NaN,NaN,NaN,NaN,NaN,NaN,NaN,NaN,NaN,NaN,NaN,NaN,NaN,NaN,NaN,NaN,NaN,NaN,NaN,NaN,NaN,NaN,NaN,NaN,NaN,NaN,NaN,NaN,NaN,NaN,NaN,NaN,,,,,,,,,,,,,,,,,,,,,,,,,,,,,,,,,,,,,,,,,,,,,,,,,,,,,,
masterfile7,35,ANTARES 230,CRS-8E (OA-8E),ISS RESUPPLY,NASA,ORBITAL ATK,12 NOVEMBER 2017,12:19:51.000,LAUNCH NOISE,MARS PAD 0A,ACRP PROJECT 02-81,BLUE RIDGE RESEARCH AND CONSULTING,South Beach Dune,SBDUNE,315,NONE,06,"1/2"" MICROPHONE RND-FIELD",PCB 377B20,148910,50.00,SKY,YES,YES,PCB PRMLxT1,046762,LD-LxT,GEOGRAPHIC,WGS 84,37.820683,-75.501097,1.5,NONE,NONE,,,,,,NaN,NaN,NaN,NaN,NaN,NaN,NaN,NaN,NaN,NaN,NaN,NaN,NaN,NaN,NaN,NaN,NaN,NaN,NaN,NaN,NaN,NaN,NaN,NaN,NaN,NaN,NaN,NaN,NaN,NaN,NaN,NaN,NaN,NaN,NaN,NaN,NaN,NaN,NaN,NaN,NaN,NaN,NaN,NaN,NaN,NaN,NaN,NaN,NaN,NaN,NaN,NaN,NaN,NaN,NaN,NaN,NaN,NaN,NaN,NaN,NaN,NaN,NaN,NaN,NaN,NaN,NaN,NaN,NaN,NaN,NaN,NaN,NaN,NaN,NaN,NaN,NaN,NaN,NaN,NaN,NaN,NaN,NaN,NaN,NaN,NaN,NaN,NaN,NaN,NaN,NaN,NaN,NaN,NaN,NaN,NaN,NaN,NaN,NaN,NaN,NaN,NaN,NaN,NaN,NaN,NaN,NaN,NaN,NaN,NaN,NaN,NaN,NaN,NaN,NaN,NaN,NaN,NaN,NaN,NaN,NaN,NaN,NaN,NaN,NaN,NaN,NaN,NaN,NaN,NaN,NaN,NaN,NaN,NaN,NaN,NaN,NaN,NaN,NaN,NaN,NaN,NaN,NaN,NaN,NaN,NaN,NaN,NaN,NaN,NaN,NaN,NaN,NaN,NaN,NaN,NaN,NaN,NaN,NaN,NaN,NaN,NaN,NaN,NaN,NaN,NaN,NaN,NaN,NaN,NaN,NaN,NaN,NaN,NaN,NaN,NaN,NaN,NaN,NaN,NaN,NaN,NaN,NaN,NaN,NaN,NaN,NaN,NaN,NaN,NaN,NaN,NaN,NaN,NaN,NaN,NaN,NaN,NaN,NaN,NaN,NaN,NaN,NaN,NaN,NaN,NaN,NaN,NaN,NaN,NaN,NaN,NaN,NaN,NaN,NaN,NaN,NaN,NaN,NaN,NaN,NaN,NaN,NaN,NaN,NaN,NaN,NaN,NaN,NaN,NaN,NaN,NaN,NaN,NaN,NaN,NaN,NaN,NaN,NaN,NaN,NaN,NaN,NaN,NaN,NaN,NaN,NaN,NaN,NaN,NaN,NaN,NaN,NaN,NaN,NaN,NaN,NaN,NaN,NaN,NaN,NaN,NaN,NaN,NaN,NaN,NaN,NaN,NaN,NaN,NaN,NaN,NaN,NaN,NaN,NaN,NaN,NaN,NaN,NaN,NaN,NaN,NaN,NaN,NaN,NaN,NaN,NaN,NaN,NaN,NaN,NaN,NaN,NaN,NaN,NaN,NaN,NaN,NaN,NaN,NaN,NaN,NaN,NaN,NaN,NaN,NaN,NaN,NaN,NaN,NaN,NaN,NaN,NaN,NaN,NaN,,,,,,,,,,,,,,,,,,,,,,,,,,,,,,,,,,,,,,,,,,,,,,,,,,,,
masterfile8,35,ANTARES 230,CRS-8E (OA-8E),ISS RESUPPLY,NASA,ORBITAL ATK,12 NOVEMBER 2017,12:19:51.000,LAUNCH NOISE,MARS PAD 0A,ACRP PROJECT 02-81,BLUE RIDGE RESEARCH AND CONSULTING,Scout Pad,SCTPAD,315,NONE,07,"1/2"" MICROPHONE FREE-FIELD",PCB 377B02,106212,50.00,SKY,YES,YES,PCB PRM831,10021,LD-831,GEOGRAPHIC,WGS 84,37.847750,-75.473186,1.5,CONTINUOUS LOW-LEVEL MECH TONAL NOISE 40&80HZ,NONE,,,,,,,71.1,78.8,70,70.7,69.7,64.6,66.7,65.9,65.8,66.4,69,70.9,66.5,65.5,66.9,91.9,90.5,104.7,104.2,105.5,105.8,108.7,110.9,113.8,114.1,113.6,113.6,115.2,117.5,119.4,119.9,120.9,121.2,121.7,122.2,122.2,123.4,123.1,121.7,123.1,123.8,122.4,123.8,121.7,121.5,120,119.6,117.4,119.5,117.9,117.5,116,116.2,113.8,114.6,115.3,113.2,112,109,109.9,106.5,107.1,106.9,105.5,104.7,105,104.2,104,103.6,102.6,101.6,103,102.2,102.3,102.5,100.3,101.4,100.8,103,102.2,102.5,104.8,102.8,101.6,100.7,101.4,99.7,99.7,100.5,98.2,97.1,98.1,97,96.5,98.5,97.3,96,97.1,94.9,95.2,93.9,95.2,95.8,92.4,95.3,94,94.3,96.4,93.7,92.2,92.7,92.6,92.9,92,93.3,92.5,91.4,91.4,89.8,92.7,91,92.7,91.4,90,92.4,92.2,90.3,91.3,90.4,90.2,91.6,91.6,91.8,91.6,90,91.1,90.4,88.5,89.7,87.7,88.5,90.5,86.6,87.9,88.1,88,88.7,89.9,85.6,88.1,89.8,89.1,89,87.8,87.7,88.6,88.7,88.1,88,88.7,87.9,87.8,86.8,88.2,87.1,85,87.2,88.2,87.4,87.9,88.3,87.4,84.9,85.8,85.8,83.8,86.7,85.1,86.6,85.3,83.3,84.6,85.6,84.2,86.9,85.1,84.2,87.9,85.6,86.1,86.3,86.2,86.5,87.3,84.8,85.8,85.7,83.7,84.8,84.7,84.3,84.6,83.3,85.1,84,81.5,83.6,83.7,82.5,83.4,85.8,82.8,84.5,85.9,83.9,84,82.8,84.8,85.6,84.5,82.7,83.5,82.4,83.1,84.1,82.5,81.9,82.1,81.4,81.6,79.5,81.8,81.5,79.7,78.4,78.6,79.1,81.3,79.8,79.9,81.9,82.9,81.2,81.6,84.2,83,83.1,83.4,82.6,81.9,79.9,81.1,81.2,79,80.6,81,78,79.5,80.5,80.5,79.9,80.7,77.2,80.3,78.2,80,77.4,77.9,78.9,78.6,80.8,77.8,81.5,77.9,80.4,80,80.4,79.5,81.5,80.2,79.8,79.9,81.5,81,81,77.7,80,81,79.2,80.7,80,80.1,77.8,80.1,79.2,80,77.4,77.3,77.1,80.2,81.5,80,79.2,81.1,78.4,79.3,79.7,78.3,77.7,76.1,78.6,77.4,77.5,76.6,77.7,,,,,,,,,,,,,,,,,,,,,,,,,,,,,,,,,,,,,,,,,,,,,,,,,,,
masterfile9,35,ANTARES 230,CRS-8E (OA-8E),ISS RESUPPLY,NASA,ORBITAL ATK,12 NOVEMBER 2017,12:19:51.000,LAUNCH NOISE,MARS PAD 0A,ACRP PROJECT 02-81,BLUE RIDGE RESEARCH AND CONSULTING,Seawall and Bypass,BYPASS,315,NONE,08,"1/2"" MICROPHONE FREE-FIELD",PCB 377B02,105430,50.00,SKY,YES,YES,PCB PRM831,0466,LD-831,GEOGRAPHIC,WGS 84,37.853528,-75.466900,1.5,CONTINUOUS LOW-LEVEL MECH TONAL NOISE 80 HZ,NONE,,,,,,,,,72.4,72.8,66.2,63.8,63.7,67.5,63,62.6,63.9,62,60.4,64.6,60,61.2,59.7,70.6,94.2,102.1,111.2,113.7,113.8,114.2,113.3,115.9,115.9,114.2,112.7,111.9,111.3,110.9,111.4,112.3,113.3,114,114.7,114.7,115.7,119.2,118.2,118.4,119.6,119.2,120.5,120.5,121.5,120.7,118.6,118.4,119.8,118.8,117.8,116.2,117,115.7,115.3,115.3,114.3,112.5,110.8,109,108.4,108.4,107.9,107.4,106.9,106.9,106.5,105.6,103.9,104.7,104.2,104.3,104.8,104.5,103.3,103.3,102.8,105.5,104.7,105.2,107.2,105.1,103.9,103.4,103.3,101.9,103.1,102.3,99.4,99,100.5,99.6,99.4,101.2,98.2,99.3,99,97.4,98.1,96.1,97.6,97.4,95.7,96.5,96.2,97.6,95.6,94.5,94.7,93.7,93.2,93.5,93.3,94.7,91.8,91.7,89.7,92.7,91.4,92,91.8,92.2,90.7,92.4,91.4,92.9,88.9,91.5,90.7,92.7,92.1,91.5,91.2,91.1,91.5,89.6,88.9,89.2,87.9,90.3,87.2,88.4,87.2,88.1,88.3,89,86.6,87.4,90,87.3,89.8,87.1,87.6,89,88.6,87.8,89.2,89.6,87.5,88.7,87.1,87.5,87.5,84.7,87.3,86.7,87.3,87.3,87.6,89.3,85.9,86.2,86,85.8,85.9,87.1,87.7,85.7,85.4,85.5,85.3,84.8,86.8,85.7,83.9,87.5,85.9,86.2,87.2,86,87.8,87.6,86.5,85.4,85.9,84.2,84.3,84.3,84.4,84.1,82.8,83.7,84.3,81.5,82.2,84.3,82.6,80.2,86.6,81,82.5,85.3,83.4,83.1,84.1,84,85,84.2,84.9,84.8,84.2,83.9,83,82.5,81.4,82.1,82.3,81,79.1,81.2,82.2,79.7,79.1,80.7,79.7,81,80.5,80.3,81.6,82.1,80.9,81.4,81.8,82.1,81.3,82.4,80.9,80.2,78.1,79.5,79.5,75.4,78.1,79.4,78.9,76.9,79.2,80.8,78.3,80.9,78.7,78.7,87.7,86,79.1,79.5,80.6,79.3,82.5,80.4,82.1,78.7,80.9,79.8,79.1,79,80.9,78.8,78.7,78.8,77.8,78.9,80.1,78.1,78.4,79.6,78,79.6,78.2,79.6,76.9,80.3,78.1,81,77.8,77.4,78.1,79.6,79.6,79,79.1,80.5,80.5,80.3,82,81.1,80.1,77.3,78.4,77.7,78.4,77.3,77.3,75.8,74.9,,,,,,,,,,,,,,,,,,,,,,,,,,,,,,,,,,,,,,,,,,,,,,,,,
masterfile10,33,ANTARES 230,CRS-8E (OA-8E),ISS RESUPPLY,NASA,ORBITAL ATK,12 NOVEMBER 2017,12:19:51.000,LAUNCH NOISE,MARS PAD 0A,ACRP PROJECT 02-81,BLUE RIDGE RESEARCH AND CONSULTING,Arbuckle Neck Road (NI),ARBNRD,315,NONE,09,"1/2"" MICROPHONE PRES-FIELD",PCB 377B11,126876,45.872,GRAZING,YES,YES,PCB 426E01,18841,NI-9232,GEOGRAPHIC,WGS 84,37.847604,-75.513816,1.5,CONTINUOUS LOW-LEVEL MECH TONAL NOISE 40&80HZ,NONE,,,,,,,,,59.8,61,61.3,62.3,62.1,61.8,63.8,66.7,65.2,66,68,67.3,66.3,67.8,89,93.5,101.9,104,105.8,108.8,113.3,114.8,114.6,114.2,111.8,111.1,113.9,116.2,116.6,116.8,115.7,117.2,117.8,118.7,120.3,120.1,120,120.2,120,121.1,118.9,120.1,119.3,117.4,118.2,118.4,118.2,118.9,117.4,116.5,115.1,116,115,115.2,115.8,113,112.6,111.5,109.6,107.2,107.4,107.6,106.8,107.5,104.7,106.1,105.1,105.6,103.3,103.6,103.7,102.8,104.1,103.4,103.4,101.8,102.9,102.6,102.4,103.6,104.3,105.8,102.2,102.4,101.3,101.7,99.6,101.5,101.1,101.4,99,100,99.4,98,100.7,97.8,98.4,98.4,97.1,96.3,96.4,95,96.2,95.8,96.1,94,94.3,94,94.3,93,93.1,92.6,92.3,92.5,92.6,91.1,91.8,91.7,91.8,92.5,91.6,90.7,92,89,91,90.1,90.2,88.9,90,87.9,88.9,91.5,90,89.1,89.8,88.2,88.2,87.7,88.4,88,88.6,87.5,89.5,87.7,86.7,87.7,87.2,86.3,87.2,88,85.2,88.9,87.6,88.5,86.6,88,88.1,88.2,88.2,88.1,86,87.7,86.9,86.3,86.4,85.3,85.3,84.2,86.8,84.5,84.5,85.3,87.2,86.2,84.3,85.6,87.7,86.2,87.2,87.8,87.6,87,85.8,86.3,85.8,85.6,87.3,85,84.1,86.7,84.5,85.6,83.9,84,85.3,84.8,85.5,84.6,83.8,84,83.9,85.3,84.5,85.4,83.6,82.5,85.9,83.5,83.6,85.3,81.9,83.4,83.4,82.5,81.9,84.2,84,82.9,82.3,80.5,83.4,82.4,83.8,82.2,82.3,82.5,81.2,82.5,82.6,82.6,82.8,82.4,82.7,82.1,83.8,82.1,81.9,81.8,80.9,82.5,82.7,82.8,81.6,82.8,82.8,82.4,81.6,82.9,80.3,79.7,83.1,80.2,79.1,77.6,79.8,81.3,78.3,80.3,81.2,80.9,80.9,80.3,82.2,80.5,83.9,81.7,80.9,82.2,82.3,80.5,80,80.2,78.7,82,79.6,79.1,77.1,81,78,79.4,78.3,78,81.1,78.7,79.5,82.1,79.4,79.7,79.1,78.3,79.9,77.7,77.9,78.3,79.5,78.4,78.4,78.2,78.8,78.2,76.7,75.7,79.1,78.6,79.6,78.3,78,80,81.9,79.6,81.3,80.3,80.3,80.3,80.7,,,,,,,,,,,,,,,,,,,,,,,,,,,,,,,,,,,,,,,,,,,,,,,,,
masterfile11,33,ANTARES 230,CRS-8E (OA-8E),ISS RESUPPLY,NASA,ORBITAL ATK,12 NOVEMBER 2017,12:19:51.000,LAUNCH NOISE,MARS PAD 0A,ACRP PROJECT 02-81,BLUE RIDGE RESEARCH AND CONSULTING,Arbuckle Neck Road (NI),ARBNRD,315,NONE,10,"1/2"" MICROPHONE FREE-FIELD",PCB 378A07,160133,5.228,SOURCE,YES,YES,PCB 426E01,125137,NI-9232,GEOGRAPHIC,WGS 84,37.847604,-75.513816,1.5,CONTINUOUS LOW-LEVEL MECH TONAL NOISE 40&80HZ,NONE,,,,,,,,,70.5,73.2,71.7,72.3,68,69.3,69.3,77.1,69.4,71.5,74.3,70.8,69.5,71.9,89.3,93.6,101.8,103.8,105.6,108.5,113.1,114.5,114.3,113.9,111.6,110.8,113.6,115.9,116.3,116.4,115.2,116.6,117.2,118.2,119.7,119.6,119.4,119.6,119.5,120.6,118.3,119.6,118.7,116.8,117.6,117.9,117.5,118.4,116.7,115.9,114.5,115.5,114.5,114.8,115.3,112.5,112.1,110.8,109.1,106.4,106.7,106.8,106,106.9,104.2,105.5,104.6,105,102.6,102.9,103.2,102.2,103.7,102.9,102.9,101.3,102.5,102.2,101.9,103.4,104.1,105.8,102.3,102.2,101.6,101.9,99.8,101.6,100.9,101.5,99,100,99.3,97.7,100.7,98.4,98.1,98.8,97.2,96.7,96.5,95,96.2,95.7,96.4,94.4,94.8,94.4,94.6,92.9,93.1,92.7,92.3,92.8,92.9,92.2,92.5,92,92.8,93.4,91.9,92.6,92.2,89.6,91.8,90.8,90.2,89.2,90.4,88.7,89.6,92.3,90,89.6,90.3,88.8,88.3,87.4,88.8,88.5,89,88.3,90.7,88.8,88,88.2,87.9,86.7,89.1,88.2,88.2,89.2,87.6,89,87,90,88.5,89.2,89.8,88.6,86.5,88.4,87.6,86,87.9,86.5,86.2,86.2,86.8,85.1,84.7,85.3,87.9,86.3,84.3,85.8,88.9,86.5,88.4,88.6,88.2,86.9,86.4,86.6,86.1,85.8,88.8,86.6,85.7,88.3,84.8,86.2,84.7,85.2,86.8,86.1,86,85.2,84.3,86.3,85.5,85.8,84.9,86.6,84.4,83.7,86.3,87.1,85.2,86.7,83.1,87,84.8,82.3,84.9,84.7,85.5,84.4,83,82.7,84.2,82.9,84.9,82.6,84.7,84.3,82.7,83.1,84.3,84.2,83.3,87,84.5,82.7,86.1,82.7,82.9,83.2,81.7,83.1,83.5,83.3,82.3,83.2,84.1,85.5,81.8,83.3,81.9,81.3,85.1,80.9,81.6,82.3,85.7,81.3,82.5,81.1,83.4,81.3,82,83.1,83.4,81.3,85.1,84.3,82.8,88,85.5,82.2,83.3,80.9,79,82.9,80.4,80.2,79.4,84.3,81.3,81.6,79.2,83.4,84.8,84.6,85.3,85.3,84.2,81.8,82.5,82.7,81.8,80.9,82.7,80.4,83.4,81.4,80.7,79.3,81.1,79.8,78.4,78.4,81.7,81.6,83.1,79.6,80,83.4,82.5,84.1,82.8,82.9,81.9,84.4,83.1,,,,,,,,,,,,,,,,,,,,,,,,,,,,,,,,,,,,,,,,,,,,,,,,,
masterfile12,33,ANTARES 230,CRS-8E (OA-8E),ISS RESUPPLY,NASA,ORBITAL ATK,12 NOVEMBER 2017,12:19:51.000,LAUNCH NOISE,MARS PAD 0A,ACRP PROJECT 02-81,BLUE RIDGE RESEARCH AND CONSULTING,Arbuckle Neck Road (PXI),ARBNRD,308,NONE,11,"1/2"" MICROPHONE PRES-FIELD",PCB 377B11,127589,46.669,GRAZING,YES,YES,PCB 426E01,18837,PXI-4462,GEOGRAPHIC,WGS 84,37.847604,-75.513816,1.5,CONTINUOUS MECH TONAL NOISE 500 HZ & <80 HZ,NONE,,,,,,,,,,,,,,,63.4,68.7,58.9,62.9,65.6,62.1,60.6,67.9,88,93.1,101.6,103.8,105.7,108.6,113.2,114.5,114.5,114.1,111.6,110.9,113.6,116.1,116.4,116.5,115.4,117,117.5,118.4,120,119.7,119.7,119.8,119.7,120.7,118.4,119.7,118.9,117,117.8,118,117.8,118.3,117,115.9,114.7,115.5,114.5,114.6,115.2,112.5,112,110.9,109,106.6,106.9,107.1,106.1,106.9,103.8,105.5,104.4,104.9,102.5,103.1,102.9,102.2,103.2,102.7,102.5,100.9,102.1,101.8,101.5,102.5,103.3,104.7,101.1,101.2,99.8,100.5,98.1,100.4,99.9,100.3,97.8,98.6,98.3,96.9,99.2,96.4,96.8,97.1,95.8,95,95.1,94.2,95.2,94.7,94.4,92.7,92.7,92.3,92.8,92,92.1,91.6,91.5,90.9,91.5,89.3,90.5,90.5,89.8,90.1,89.9,88.5,90.6,87.8,88.6,88.7,88.9,87.6,88.8,86.7,87.8,89.9,88.7,87.6,87.8,87.1,86.8,86.8,86.9,86.9,86.5,84.8,87.4,86.1,85.3,86.1,85.4,84.7,85.3,86.3,84.3,86.7,86.3,87.6,84.9,86.3,86.3,85.9,86.1,86.2,84.7,85.7,85.6,84.7,84.7,83.6,83.8,82.5,84.2,83.5,83.7,84,85,84.8,83.4,84.5,84.9,83.7,84.5,86.8,86.1,85.6,83.9,85.3,84.4,84.7,85.8,83.5,82.8,84.5,83.4,84.3,82.8,82.5,83.3,83.4,84.1,83.4,82.9,82.7,81.6,83.6,83.3,83.6,82.6,81.2,84.2,80.9,81.7,82.5,81.1,80.6,81.5,80.5,79.3,82.7,81.7,80.3,80.9,79,81.8,80.8,81.9,80.4,80.7,80.3,79.2,80.9,80.5,80.6,80.7,81.2,81.7,80.6,81.9,80.8,80.5,80.3,80,81.5,81.3,81.3,79.8,81.4,81.1,80.7,79.1,80.7,79.2,78.1,80.1,77.9,77.3,75.8,77.9,79.5,77,79,79.8,78.8,78.2,79,79.9,78.2,81.9,79.7,79.8,80.5,80.8,79.3,78.8,79.2,78.6,80.5,78.2,77.5,75.3,76.9,75.8,75.9,76.4,76.7,77.3,77,76.5,75.3,77.3,77.2,75.2,76.5,77.3,76.8,76.7,76.9,76.6,75.9,76.1,75.1,76.7,75.5,74.3,74.3,75.7,77.3,76.2,76.6,77,77.8,77.7,77.4,79.1,79.4,79,77.6,,,,,,,,,,,,,,,,,,,,,,,,,,,,,,,,,,,,,,,,,,,,,,,,,,
masterfile13,33,ANTARES 230,CRS-8E (OA-8E),ISS RESUPPLY,NASA,ORBITAL ATK,12 NOVEMBER 2017,12:19:51.000,LAUNCH NOISE,MARS PAD 0A,ACRP PROJECT 02-81,BLUE RIDGE RESEARCH AND CONSULTING,Arbuckle Neck Road (PXI),ARBNRD,308,NONE,12,"1/2"" MICROPHONE FREE-FIELD",PCB 378A07,132085,5.381,SOURCE,YES,YES,PCB 426E01,132085,PXI-4462,GEOGRAPHIC,WGS 84,37.847604,-75.513816,1.5,CONTINUOUS MECH TONAL NOISE 500 HZ & <80 HZ,NONE,,,,,,,,,,,,,,,66.1,66.5,61.5,64.3,62.8,63.6,64.9,69.2,88.7,93.5,102,104.1,106,108.9,113.5,114.7,114.8,114.4,111.8,111.1,113.9,116.4,116.7,116.6,115.4,117,117.5,118.5,120,119.7,119.7,119.8,119.7,120.8,118.4,119.8,118.9,117,117.7,118,117.6,118.3,116.9,115.9,114.7,115.4,114.5,114.7,115.2,112.5,112,110.8,109,106.3,106.8,106.7,105.8,106.8,103.9,105.6,104.3,104.8,102.3,103,103,102.1,103.4,102.7,102.6,100.9,102.2,101.9,101.6,102.8,103.6,105.1,101.3,101.4,100.3,100.8,98.5,100.7,100.2,100.5,98,98.9,98.6,97.1,99.8,96.8,97.2,97.5,96.2,95.4,95.5,94.3,95.4,95,95,93.2,93.1,93,93.4,92.2,92.3,91.8,91.6,91.5,92,90,90.9,90.9,90.5,90.9,90.5,89.2,91.2,88.3,89.6,88.9,89.4,88.1,89.1,87,88.1,90.5,89,88,88.3,87.4,87.1,87.2,87.4,87.3,87,85.7,88.1,86.7,85.8,86.5,86.2,85.1,85.9,87,84.4,87.4,86.7,87.9,85.3,86.9,86.9,86.6,86.9,86.9,85.4,86.4,85.7,84.7,85,84.3,84.1,83,85,83.7,83.8,84.3,85.8,85.2,83.4,84.8,86,84.4,85.4,87.1,86.7,86,84.6,85.5,85,84.9,86.3,84,83.2,85.5,83.7,84.8,83.2,83,84.1,83.9,84.7,84,83.1,83.1,82.4,84,83.9,84.4,83,82.4,85.1,81.5,82.1,83.9,81.4,81.3,82.1,81.4,80.7,83.5,83.1,81.2,80.9,79.8,82.2,81.5,82.8,80.8,81.4,81.3,80.1,81.5,81.6,81.4,81.9,81.6,82.3,81.3,82.6,81.1,80.9,80.8,80.1,81.8,81.7,81.8,80.3,81.7,81.7,81.1,79.6,81.5,79.7,78.9,81.6,78.6,78,76.8,78.8,80.1,77.3,79.5,80.3,79.3,78.5,80.1,80.7,79.1,82.2,80,80,80.7,81.7,79.7,80.1,79.5,78.5,81,78.7,78.5,76.1,78.4,75.8,76.5,77.1,77.1,78.2,77.5,77.5,76,77.4,78,76.4,77.7,77.9,77.2,76.9,77.1,77.8,76.3,77.5,76.2,78.1,76.4,75.5,74.5,76.8,78.1,78.3,77.4,77.6,78.7,78.4,78,80.1,79.8,79.6,79,,,,,,,,,,,,,,,,,,,,,,,,,,,,,,,,,,,,,,,,,,,,,,,,,,
masterfile14,33,ANTARES 230,CRS-8E (OA-8E),ISS RESUPPLY,NASA,ORBITAL ATK,12 NOVEMBER 2017,12:19:51.000,LAUNCH NOISE,MARS PAD 0A,ACRP PROJECT 02-81,BLUE RIDGE RESEARCH AND CONSULTING,Arbuckle Neck Road (PXI),ARBNRD,308,NONE,13,"1/2"" MICROPHONE PRES-FIELD",PCB 377B11,126877,43.974,GRAZING,YES,YES,PCB 426E01,18839,PXI-4496,GEOGRAPHIC,WGS 84,37.847604,-75.513816,1.5,CONTINUOUS MECH TONAL NOISE 500 HZ & <80 HZ,NONE,,,,,,,,,,,,,,,66,68.7,71.1,70.2,71.3,75.7,70.7,70,88.9,93.2,102,104,105.9,108.9,113.4,114.6,114.7,114.3,111.7,111,113.8,116.3,116.6,116.6,115.5,117,117.6,118.6,120.2,119.9,119.9,120,120,120.9,118.7,119.9,119.1,117.2,118,118.3,117.9,118.6,117.2,116.2,115,115.8,114.8,115.1,115.5,112.9,112.4,111.2,109.4,106.8,107.2,107.2,106.3,107.2,104.3,105.9,104.7,105.3,102.8,103.5,103.3,102.5,103.8,103,103,101.3,102.6,102.3,101.9,103.2,104.1,105.5,102,102.1,100.9,101.4,99.3,101.2,100.8,101.2,98.5,99.7,99.1,97.5,100.3,97.5,97.7,98.3,96.8,96.1,96,94.8,96.1,95.5,95.6,93.7,93.9,93.8,93.9,92.9,92.7,92.1,92.1,92,92.4,90.8,91.8,91.3,91.2,91.9,91.1,90.2,91.7,88.8,90.7,89.9,89.9,88.6,89.8,87.7,89,91.1,89.9,88.6,89.1,87.9,87.7,87.7,88.3,88.5,87.6,86.4,89,87.3,86.3,87,86.9,86,86.8,87.3,85,88,87.6,88.6,86,88,87.9,88.1,88.2,87.9,85.8,87.1,86.8,86,86.4,84.9,85.3,84.3,85.7,84.7,84.4,85.3,86.7,86.1,83.8,85.1,87.4,85.6,86.4,87.6,87.4,87,85.3,86.3,85.9,85.2,86.8,84.7,83.8,86.5,84.6,85.6,84.3,84.2,84.9,84.4,85.5,84.8,84.2,83.9,83,85.2,84.4,85.2,84.8,83.1,86,82.9,83.6,85.4,82.2,82.3,84,81.9,81.4,84.3,84,82.4,82.9,81.5,83.8,83,83.1,81.1,82.2,82.7,82,82.5,81.9,83.3,82.7,81.6,82.1,81.7,84.3,81.5,82.2,82.2,81.1,82.8,82.1,82.6,81.9,82.4,82.6,81.7,81.2,82.4,80.4,79.6,83.2,79.1,79.3,80.5,81.9,80.3,77.6,80.7,81.2,80.5,80.4,80.4,82.4,80.2,83.5,81.9,80.7,83.2,82.5,81.4,80.6,81.4,80.9,81.5,79.4,78.8,77.2,79.8,76.8,78.2,77.7,77.9,80.1,78.3,78.9,76.4,78.5,79.8,78.4,78.6,79.2,78.2,79.1,79.1,79.7,76.4,78.7,77.5,78.9,78.2,78.7,77.2,78.7,78.8,78.8,78.1,77.7,80.3,79.6,79.6,80.8,80.3,79.7,79.3,,,,,,,,,,,,,,,,,,,,,,,,,,,,,,,,,,,,,,,,,,,,,,,,,,
masterfile15,33,ANTARES 230,CRS-8E (OA-8E),ISS RESUPPLY,NASA,ORBITAL ATK,12 NOVEMBER 2017,12:19:51.000,LAUNCH NOISE,MARS PAD 0A,ACRP PROJECT 02-81,BLUE RIDGE RESEARCH AND CONSULTING,Arbuckle Neck Road (PXI),ARBNRD,308,NONE,14,"1/2"" MICROPHONE FREE-FIELD",GRAS 40AE,57409,47.544,SOURCE,YES,YES,N/A,N/A,PXI-4496,GEOGRAPHIC,WGS 84,37.847604,-75.513816,1.5,CONTINUOUS MECH TONAL NOISE 500 HZ & <80 HZ,NONE,,,,,,,,,,,,,,,63.5,67.9,64.3,62.2,64.6,63.8,65.1,67.5,89.3,93.3,101.9,103.9,105.9,108.7,113.3,114.5,114.6,114.1,111.6,110.9,113.6,116.2,116.4,116.4,115.3,116.7,117.3,118.3,119.8,119.6,119.5,119.7,119.7,120.7,118.3,119.7,118.8,116.9,117.7,118,117.5,118.4,116.9,116,114.7,115.5,114.6,114.9,115.2,112.6,112.2,110.9,109.1,106.4,106.8,106.7,105.9,106.9,104.1,105.7,104.4,105,102.5,103.2,103.1,102.2,103.7,102.9,102.8,101.1,102.4,102.1,101.7,103.1,104.1,105.5,102,102,101.1,101.5,99.3,101.2,100.8,101.1,98.4,99.7,99.1,97.4,100.5,97.6,97.7,98.4,96.8,96.1,96.1,94.8,96,95.5,95.9,93.8,94,94,94.1,92.6,92.7,92.1,91.9,92.3,92.5,91.1,91.8,91.3,91.6,92.3,91.3,90.5,91.8,89,90.9,90,90,88.7,89.8,87.5,88.7,91.4,89.8,88.7,89.2,88,87.8,87.3,87.9,87.9,88.1,87.1,89.1,87.6,86.7,87.2,87.2,86.1,87.1,87.4,84.8,88.5,87.5,88.4,85.9,88.3,87.7,88,88.2,88,86.3,87.4,86.7,85.6,86.2,85,85.1,83.8,85.6,84.4,84.2,85,86.8,85.9,84,85.2,87.6,85.9,86.9,87.4,87.5,86.8,85.7,86.2,85.6,85.2,87.1,84.9,84.2,86.7,84.4,85.6,83.9,83.9,85.3,85,85.6,84.4,83.6,83.4,82.9,84.8,84.3,85.2,83.5,82.5,85.8,83.3,83.9,85.3,82.2,82.7,83.4,82.3,82.2,84.2,84.4,82.3,82.4,81,83.3,81.9,83.8,81.5,82.3,82.5,81.5,82.6,82.9,82.4,82.6,82.1,82.4,81.6,83.6,81.8,81.7,81.7,80.6,82.4,82.5,82.8,81,82.5,83.1,81.9,81,82.8,80.9,79.9,83.6,79.7,79.2,78.8,80.5,80.8,77.8,80.4,81,80.1,80.5,80.7,82.1,80.3,83.5,81.9,81.2,82.2,82.5,81,79.7,80,79,81.8,79.1,78.8,77.2,80.8,76.5,77.2,77.6,77.9,80,78.2,79.5,76.9,77.8,78.1,77.7,78.5,78.9,78.1,77.6,79,79.5,76.5,79.1,76.8,79.4,78.2,76.7,75.9,77.6,78.7,80.1,78.3,77.9,80.6,80.6,79,80.6,80.6,80.1,79,,,,,,,,,,,,,,,,,,,,,,,,,,,,,,,,,,,,,,,,,,,,,,,,,,
masterfile16,33,ANTARES 230,CRS-8E (OA-8E),ISS RESUPPLY,NASA,ORBITAL ATK,12 NOVEMBER 2017,12:19:51.000,LAUNCH NOISE,MARS PAD 0A,ACRP PROJECT 02-81,BLUE RIDGE RESEARCH AND CONSULTING,Arbuckle Neck Road (PXI),ARBNRD,308,NONE,15,"1/4"" MICROPHONE FREE-FIELD",GRAS 40BE,66434,4.473,GRAZING,YES,YES,GRAS 26CB,61098,PXI-4462,GEOGRAPHIC,WGS 84,37.847604,-75.513816,3.7,CONTINUOUS MECH TONAL NOISE 500 HZ & <80 HZ,NONE,,,,,,,,,,,,,,,70,76.5,78.2,76.6,71,71.6,76.9,75,88.6,93.7,102.5,104.6,106.4,109.3,113.9,115.2,115.2,114.7,112.1,111.5,114.2,116.5,116.5,116.2,114.9,115.9,116.5,117.7,119.2,119.1,118.7,118.9,118.8,120.1,117.7,118.9,117.9,116.2,116.8,117,116.5,117.8,115.9,115.2,113.4,114.7,113.7,114.1,114.2,111.5,111,109.9,108.3,105.3,105.7,104.8,105.7,105.9,103.6,104.9,103.2,103.7,102.1,102,102.3,101,102.4,101.7,101.5,100.1,101.1,101,100.9,102,102.9,104.5,100.2,100.5,99.4,100.6,98.2,99.9,99.6,99.5,96.8,98.5,97.8,96.4,99.2,96.2,96.2,97.3,95.7,94.3,94.7,93.2,94.4,94.3,94.3,92.3,92.3,93.1,93,90.8,91.6,91.4,90.8,91.4,91.7,90.2,90.6,90.5,89.9,89.7,89.6,89.8,91.2,87.5,89,88.3,89.4,88,88.9,86.3,87.4,90.1,89,87.6,89.8,86.7,87.3,86.5,86.9,87,87.5,84.9,88.6,85.8,86.3,85.8,86.4,85.1,85.9,87.6,85.6,88.1,87.1,87.7,85.2,87.2,85.7,85.9,86.3,86.6,85.6,85.7,84.9,85,85.3,84.2,84.9,82,84,83.8,84.9,84.6,85.6,85.3,83.6,84.7,87.4,84.1,85.4,86.8,86.2,85.4,84.5,85.1,85.8,85.2,86.1,84.3,84.3,86.3,84.5,85.8,83.3,83.8,84.3,83.7,83.7,84.1,84.7,82.9,82.6,82.6,83.4,82.9,82.4,81.2,85.3,80.6,82.5,82.8,81.9,81.7,82.6,82.1,80.5,83.5,83.7,81.7,80.5,81.8,81.4,82,82.7,81.6,81.1,81.2,79.8,81,80.6,81.4,82.7,80.9,82.9,82,83,80.5,82.7,80.4,80.1,81.5,81.3,80.6,80,82.1,81.4,81.1,78.9,82.4,80.7,79.6,82.7,78.9,79.3,79.5,79.3,80.3,77.6,80.7,82.2,80.2,79.3,79.6,80.5,78.9,81.6,83.3,82.5,80.3,81.2,79,79.6,79.4,80.8,82.1,78.9,78.9,76.3,79.7,77.1,77,79.2,78.3,81,79.2,80.4,79.4,79.2,82,78.7,78.5,78.9,79.2,78.8,78.7,78.1,76.3,78.3,79.3,78.8,77,77.5,76.1,78,78.1,78.9,80.2,79.4,79.8,79.8,78.3,80.9,79.5,79,78.7,,,,,,,,,,,,,,,,,,,,,,,,,,,,,,,,,,,,,,,,,,,,,,,,,,
masterfile17,33,ANTARES 230,CRS-8E (OA-8E),ISS RESUPPLY,NASA,ORBITAL ATK,12 NOVEMBER 2017,12:19:51.000,LAUNCH NOISE,MARS PAD 0A,ACRP PROJECT 02-81,BLUE RIDGE RESEARCH AND CONSULTING,Arbuckle Neck Road (PXI),ARBNRD,308,NONE,16,"1/4"" MICROPHONE FREE-FIELD",GRAS 40BE,66669,4.312,GRAZING,YES,YES,GRAS 26CB,61086,PXI-4462,GEOGRAPHIC,WGS 84,37.847604,-75.513816,3.7,CONTINUOUS MECH TONAL NOISE 500 HZ & <80 HZ,NONE,,,,,,,,,,,,,,,66.9,72.6,76.7,73.9,71,70.4,77,74.3,88.2,93.2,102.1,104.2,106.1,108.9,113.5,114.8,114.8,114.3,111.7,111.1,113.8,116.1,116.1,115.8,114.5,115.5,116.2,117.3,118.8,118.7,118.3,118.6,118.4,119.7,117.3,118.5,117.5,115.8,116.4,116.6,116.1,117.3,115.5,114.7,112.9,114.2,113.3,113.6,113.8,111,110.5,109.4,107.9,104.9,105.3,104.4,105.2,105.4,103.2,104.4,102.7,103.1,101.6,101.6,101.8,100.5,101.9,101.2,100.9,99.6,100.7,100.5,100.3,101.5,102.3,103.8,99.8,99.9,98.9,100,97.7,99.3,99,98.9,96.4,97.9,97.2,95.6,98.5,95.6,95.7,96.7,95.3,94,94,92.8,93.9,93.7,93.8,91.5,91.6,92.2,92.2,90.4,90.9,90.7,90.3,90.4,90.8,88.7,89.4,89.9,90,89.8,89.5,88.7,90.5,87.6,88.5,87.9,88.7,86.6,88.2,85.9,87.5,89,88.5,87.2,88.6,86,86.4,86.1,86.4,86.3,86.3,84.5,88.1,86,85.3,85.1,85.5,84.5,85.6,87,83.4,86.5,86.3,86.9,84.6,85.8,85,85.4,85.8,85.8,84.6,85.9,85.2,84.1,83.9,83.9,83.7,82.3,83.5,83.2,84.8,84.1,84.7,84.1,82.8,83.7,86,82.8,84.7,86,86.2,84.6,83.6,84.6,85.3,84.6,85.7,83.5,83.9,85.7,82.7,84.1,82.5,83.4,83.9,82.7,84,83.4,83.4,81.5,81.7,82.3,82.7,82.7,82.1,81.1,84.9,80.2,81.4,82.3,81.1,81,81.7,81.8,80,83.1,82.8,80.2,81.5,80.4,81.3,81,81.9,81.2,79.7,80.5,79,81.1,80.4,80.4,81.2,80.2,81.6,80.9,81.1,80.3,81.7,81.3,79.9,80.4,80.9,80,79.3,80.5,80.4,81.3,78.8,81.7,79.9,79,81.7,78.8,78.6,77.9,78.7,80.2,77,79.8,81.4,79.8,79.1,79.8,80,78.4,81.6,80.7,81.4,80.1,80,78.6,78.7,78.6,79.1,81.2,78.3,79,76.4,78.3,77.3,76.1,78,78.1,78.5,78.3,78.9,78.5,77.8,82.7,77.3,76.9,78.1,77.5,77.9,78.1,78.9,75.5,76.8,76.9,78.4,75.2,76.1,75.7,77.4,77.8,78.4,78.2,78.2,78.3,77.8,77.4,80.4,78.5,78.8,77.9,,,,,,,,,,,,,,,,,,,,,,,,,,,,,,,,,,,,,,,,,,,,,,,,,,
masterfile18,33,ANTARES 230,CRS-8E (OA-8E),ISS RESUPPLY,NASA,ORBITAL ATK,12 NOVEMBER 2017,12:19:51.000,LAUNCH NOISE,MARS PAD 0A,ACRP PROJECT 02-81,BLUE RIDGE RESEARCH AND CONSULTING,Arbuckle Neck Road (PXI),ARBNRD,308,NONE,17,"1/4"" MICROPHONE FREE-FIELD",GRAS 40BE,66670,4.196,GRAZING,YES,YES,GRAS 26CB,61085,PXI-4462,GEOGRAPHIC,WGS 84,37.847604,-75.513816,3.7,CONTINUOUS MECH TONAL NOISE 500 HZ & <80 HZ,NONE,,,,,,,,,,,,,,,71.4,76.6,76.4,74.3,71.4,71.2,78.2,75.3,88.6,93.8,102.5,104.5,106.3,109.2,113.8,115.1,115.1,114.6,112.1,111.4,114.1,116.4,116.4,116.1,114.8,115.7,116.4,117.6,119.1,119,118.6,118.8,118.7,120,117.6,118.8,117.8,116.2,116.7,116.9,116.4,117.7,115.8,115,113.2,114.5,113.6,113.9,114.1,111.4,110.9,109.8,108.2,105.2,105.6,104.7,105.5,105.8,103.5,104.7,103,103.5,101.9,101.9,102.2,101,102.2,101.7,101.3,100,101,100.9,100.7,101.9,102.7,104.2,100.1,100.2,99.4,100.3,98,99.7,99.4,99.4,96.7,98.4,97.7,96.2,99,96,96.3,97,95.6,94.3,94.5,93.3,94.2,94.4,94.4,92,92.1,92.8,92.8,90.6,91.4,90.3,90.7,91,91.3,89.7,90.2,89.8,89.9,89.7,90.1,89.2,90.7,88,88.4,88.3,89,87.5,88.6,86.4,87.7,89.9,88.9,88.1,88.9,86.5,87.1,86.6,86.5,86.5,86.9,84.7,88.8,85.8,85.9,86,86.2,85,85.7,87.6,84.7,88.2,87,87.7,85.3,86.7,85.7,86.2,85.9,86.7,86.3,85.5,85.5,84.6,85,83.7,83.9,82.5,84.5,83.5,84.5,84.7,85.1,85.5,84,84.4,86.4,83.6,84.9,86.7,85.9,85.3,84.1,85.3,85.7,85.3,86.5,83.6,84.3,86.9,83.9,84.9,83.5,83.9,84.3,83.5,83.9,84.2,84,82.2,82.3,82.4,83,83.2,82.2,81.2,85.1,81,82.2,83.2,81.6,80.7,82.3,82.1,80.9,83.3,83.3,82.3,81,81,81.1,81.9,82.2,81.7,80.3,80.4,79.5,80.9,80.6,80.8,81.5,81.3,82.5,81.7,82.4,79.9,81.9,81,79.7,81.4,81.4,80.9,79.4,81.5,81.5,81.4,78.1,81.6,80.5,79,82.6,79.4,78.6,79.2,79.2,80,77.8,80.3,83.4,80,80,80.4,80.9,78.6,81.1,82.8,80.9,80.8,81.3,79.5,79.2,79.2,78.8,80.9,78.6,78.7,76.8,79.4,76.9,77.1,79.7,79.8,80.5,79.4,80,78.9,78.2,80.3,78.7,78.3,78.5,79.3,76.9,77.3,78.1,76.2,78.1,78.5,79.4,77.1,76.8,75.4,77.8,78.5,78.3,79.1,79.1,79.3,79.5,77.7,80.6,78.9,79.2,79,,,,,,,,,,,,,,,,,,,,,,,,,,,,,,,,,,,,,,,,,,,,,,,,,,
masterfile19,33,ANTARES 230,CRS-8E (OA-8E),ISS RESUPPLY,NASA,ORBITAL ATK,12 NOVEMBER 2017,12:19:51.000,LAUNCH NOISE,MARS PAD 0A,ACRP PROJECT 02-81,BLUE RIDGE RESEARCH AND CONSULTING,Arbuckle Neck Road (PXI),ARBNRD,308,NONE,18,"1/4"" MICROPHONE FREE-FIELD",GRAS 40BE,105095,4.078,GRAZING,YES,YES,GRAS 26CB,107340,PXI-4462,GEOGRAPHIC,WGS 84,37.847604,-75.513816,3.7,CONTINUOUS MECH TONAL NOISE 500 HZ & <80 HZ,NONE,,,,,,,,,,,,,,,71,77.3,77.5,77.8,74.9,73.4,75.1,78.1,88,94.5,103.3,105.5,107.3,110.1,114.8,116,116,115.6,113.1,112.4,115.1,117.4,117.4,117.3,115.8,116.8,117.5,118.8,120.3,120,119.7,119.8,119.8,120.7,118.4,119.5,118.5,116.5,117.1,117.1,117.1,117.5,116.1,115,113.6,114.3,113.3,113.4,113.9,111.2,110.5,109.5,108.2,105.6,105.9,105.1,105.7,105.9,103.1,104.5,102.7,102.9,101.7,101.9,101.8,100.8,101.2,101,100,99.4,100.3,100.1,99.7,100.5,100.7,102.3,99,98.7,97.4,98.4,96.6,97.6,97,97.7,95.7,96.3,95.6,94.4,96,94,92.9,94.3,92.6,92.2,93.1,92.6,92.7,92.7,91.8,91.1,90.1,89.9,90.5,90.1,90.4,89.6,90.2,88.8,89.1,87.9,88.9,88,87.7,87.3,87.8,86.5,87.7,86.4,85.6,85.9,86.7,86.2,87.9,86,86.4,88.2,88.4,85.7,86.9,85.4,84.7,85.9,84.8,84.8,84.1,83.3,85.4,84.8,83.5,84.4,83.2,84.3,84.5,85.2,83.7,85.4,85,86.9,83.9,84.5,84.5,83.3,83.5,85.4,84.4,83.9,83.7,83.7,83.3,82,84,81.6,82.8,82.3,84.1,82.9,82.7,84,83.6,83.3,85.4,82.5,82.7,85.2,84.2,83.9,82.6,83.7,83.5,84.1,84.4,82.9,83.5,83,83.5,84.1,84.4,81.9,83,82.9,82.9,82.5,81.6,81.9,81.1,82.5,82.3,82.2,81.6,80.6,83.1,80.5,80.3,80.7,80.9,79.7,80.1,80.4,78.6,82.5,81.2,79.8,80.5,80,80,80.7,81.9,79.4,79.8,80.1,79.7,80,79.5,80.9,80,80.6,81,81.2,81.1,80,80.1,81.4,79.6,80.3,79.6,80.8,79.3,80.4,80.5,80.3,79.2,78.8,78.6,78,79.7,77.8,77.8,78.6,80.4,78.9,76.4,79,80.2,79.7,78.6,78.9,78.3,78.3,80,81.5,81.7,78.6,79.8,78.6,79.1,78.3,79.9,80.3,79,78.5,78.3,78.5,76.2,77.3,78,78.5,77.7,79.6,81.7,79.5,80.1,82.8,77.5,76.4,78.4,77.8,78.2,77.9,77,76.5,78.4,79.7,78.1,76.8,77.9,76.6,78,76.7,76.7,78,78.9,77,78,76.5,79.8,80.8,77.5,77.9,,,,,,,,,,,,,,,,,,,,,,,,,,,,,,,,,,,,,,,,,,,,,,,,,,
masterfile20,33,ANTARES 230,CRS-8E (OA-8E),ISS RESUPPLY,NASA,ORBITAL ATK,12 NOVEMBER 2017,12:19:51.000,LAUNCH NOISE,MARS PAD 0A,ACRP PROJECT 02-81,BLUE RIDGE RESEARCH AND CONSULTING,Arbuckle Neck Road (PXI),ARBNRD,308,NONE,19,"1/4"" MICROPHONE PRES-FIELD",GRAS 40BD,56500,1.712,GRAZING,YES,YES,GRAS 26CB,54738,PXI-4496,GEOGRAPHIC,WGS 84,37.847604,-75.513816,7.3,CONTINUOUS MECH TONAL NOISE 500 HZ & <80 HZ,NONE,,,,,,,,,,,,,,,64.2,65.7,63.4,65.3,63.3,65.4,65.1,67.1,89.1,92.6,102.1,104,106.1,109.2,113.7,114.9,114.9,114.1,111.4,110.8,113.2,115.3,114.8,114.3,113.4,113.8,114.4,114.9,116.4,116.9,116.6,116.6,115.8,117.8,115.2,116.4,115.6,114.4,115.4,115.7,114.9,116.3,114.4,113.3,112.6,113.1,112.4,112.4,112.1,110.4,110.5,109.8,107.2,105.5,104.9,106.3,104.3,104.5,102.5,103.2,102.9,103.6,101.9,101.7,100.9,99.9,101.4,99.6,101.2,99,100,99.5,99.2,101.2,101.8,102.6,100.4,100.1,98.9,99.4,97.4,98.6,98.9,98.3,95.5,97.6,97.1,95.1,97.9,95.8,96.2,96.8,94.8,93.9,93,90.8,92.3,92.7,93.9,90.3,92.6,92.3,91.5,89.8,89.3,90.1,87.2,90.4,89.7,89,88.7,88.6,89.2,90.6,89.2,88.5,89.3,86.6,89.3,88.6,88,86,87.3,85.7,85.7,89.1,87.4,87,87.9,86.4,86.8,84.7,85.8,85.6,86.5,85.1,87.7,85.5,84.8,84.7,85.4,83.5,84.6,85.7,82.9,87.3,85.2,85.6,83.1,86.5,85.6,86.6,86.6,86.6,83.6,85.6,84.7,83.7,84.4,83.5,83.4,82.2,83.4,82.6,82,82.7,85.8,84.6,82.4,83.2,86,84.6,85.2,84.2,85.4,84.5,84,83.5,83.8,82.3,84.7,83,81.4,85.3,82.2,83.4,81.7,82,82.6,82.4,83.3,82.1,82.1,80.9,81,82.7,82.2,83.3,80.6,80.9,84,81.4,82.3,83.6,80.6,81.6,82.4,81,80.6,82.8,83,81.5,80.7,79.4,81.7,80.4,83,80.2,80.2,80.9,80.1,80.9,81.7,80.4,80.2,79.9,80.1,79.3,81.8,79.9,79.9,79.8,79,79.7,81.1,79.7,78.4,80,80.7,79.2,78.3,81,78.8,79,82.3,78.7,77.6,76.9,78.1,79.2,76.5,78.3,79,78.2,78.6,78,80.4,78.6,82.5,79.3,78.5,80,80.3,77.6,78.3,76.8,77.1,79.4,77.4,76.8,75.6,79.8,74.9,76.1,76.4,75.9,78.3,77.1,77.8,76,76.8,77.3,76.2,77.3,77.3,76.7,76.7,76.1,78.2,75.6,77.5,74.8,76.3,76.8,75.9,73.9,77.6,77.6,78.8,77.3,76.8,78.8,77.5,77.2,78.5,78.9,78.2,77.6,,,,,,,,,,,,,,,,,,,,,,,,,,,,,,,,,,,,,,,,,,,,,,,,,,
masterfile21,33,ANTARES 230,CRS-8E (OA-8E),ISS RESUPPLY,NASA,ORBITAL ATK,12 NOVEMBER 2017,12:19:51.000,LAUNCH NOISE,MARS PAD 0A,ACRP PROJECT 02-81,BLUE RIDGE RESEARCH AND CONSULTING,Arbuckle Neck Road (PXI),ARBNRD,308,NONE,20,"1/4"" MICROPHONE FREE-FIELD",GRAS 40BE,105055,3.948,SOURCE,YES,YES,GRAS 26CB,107342,PXI-4496,GEOGRAPHIC,WGS 84,37.847604,-75.513816,7.3,CONTINUOUS MECH TONAL NOISE 500 HZ & <80 HZ,NONE,,,,,,,,,,,,,,,63,65.4,63.7,64.1,65,63.4,64.7,69.5,89.7,93.3,102.8,104.6,106.8,109.8,114.3,115.5,115.4,114.8,112.1,111.4,113.8,115.8,115.4,114.9,113.9,114.3,114.9,115.4,116.9,117.4,117.1,117.2,116.3,118.3,115.7,117,116.1,114.9,116,116.4,115.7,116.8,115.1,113.8,113.3,113.7,112.9,112.8,112.7,111,111.2,110.4,107.8,106.2,105.6,106.9,104.7,105.2,103.1,103.8,103.5,104.2,102.6,102.3,101.6,100.5,102.1,100.3,101.9,99.7,100.7,100.1,99.8,101.9,102.5,103.3,101.3,100.9,99.8,100.1,98.3,99.3,99.6,99.1,96.3,98.4,97.7,95.8,98.6,96.7,96.9,97.5,95.6,94.7,93.7,91.5,93,93.4,94.8,91.2,93.5,93.2,92.3,90.8,90,90.9,87.9,91.1,90.5,90,89.6,89.5,90.3,91.7,90,89.3,89.9,87.2,90.1,89.6,88.4,86.8,88.1,86.5,86.5,90,87.9,87.7,88.6,87.2,87.3,85.1,86.9,86.2,86.9,86.3,88.4,86.3,85.5,85.7,86.3,84.5,85.5,86.6,84,88.1,86.3,86.4,84.1,87.4,86.4,87,87.6,87.6,84.4,86.2,85.6,84.6,85.8,84.7,84,82.7,84.6,83,82.9,83.4,86.4,85.6,82.8,83.9,87.5,85.8,86.3,84.8,86.2,85,84.5,84.5,84.6,83,85.7,83.8,82.4,86,83.1,84.1,82.1,82.9,84.2,83.1,84.1,82.5,82.6,82,82.1,83.6,82.2,84.4,81.6,80.9,85,82.9,82.8,84.8,80.8,81.6,83.2,82,81.7,83.3,84,82.1,81.3,80.5,82.5,81,83.8,81.2,81.4,82,81,81.8,82.2,81.9,81.4,81.1,80.7,80.2,82.6,80.7,80.7,80.8,79.4,80.3,81.2,80.9,79.7,81.1,82,80.2,79.5,82,79.8,79.9,83.2,79.2,78.8,77.7,79.6,79.5,76.3,79.2,79.9,78.9,79.7,79,81.4,79.4,83.7,80.8,79.6,81.9,80.7,79.6,78.8,77.2,77.3,80.3,78.1,77.4,76.1,80.5,75.6,76.9,77,76.9,79.5,77.3,79.8,76.3,76.9,78.2,77,78.9,78.1,76.8,77.3,77,79.6,75.6,78.3,76.8,78,79.1,76.9,74.8,76.8,78.8,79.5,78.3,77.6,79.7,78.8,78.6,79.8,80.1,79.7,78.7,,,,,,,,,,,,,,,,,,,,,,,,,,,,,,,,,,,,,,,,,,,,,,,,,,
masterfile22,33,ANTARES 230,CRS-8E (OA-8E),ISS RESUPPLY,NASA,ORBITAL ATK,12 NOVEMBER 2017,12:19:51.000,LAUNCH NOISE,MARS PAD 0A,ACRP PROJECT 02-81,BLUE RIDGE RESEARCH AND CONSULTING,Old Ferry Dock,OFDOCK,315,NONE,21,"1/2"" MICROPHONE FREE-FIELD",PCB 378A07,132083,5.339,INVERTED,YES,YES,PCB 426E01,132083,NI-9233,GEOGRAPHIC,WGS 84,37.842901,-75.525762,0.0,CONTINUOUS LOW-LEVEL MECH TONAL NOISE 25 HZ,NONE,,,,,,,,,,,65.3,64.8,65.6,65.1,67.1,67.3,68.6,66.3,68.8,68.8,68.3,67.1,71.4,70.7,88,92.2,105.7,107.6,109.6,109.8,113.6,114.7,114.9,114.1,110.5,111.1,112.5,113.5,113.5,115.2,114.7,116.6,116.2,118.3,117.5,119.3,117.6,118,118,119.2,117.2,116.4,116,115.5,117,117.3,116.4,116.9,116.2,116.2,114.9,115.9,115.9,115.1,114.3,112.3,111.7,111.1,109.7,106.6,107.5,107.7,107.4,107.1,105.7,106.3,105.6,105.7,104.7,104.5,105.1,105.1,104.5,104.6,103.2,103.8,103.2,104.4,103.8,104.5,106,106.5,103.3,103,103.1,101.3,101.8,103.9,102.4,100.5,101.4,100,100.5,100,100.2,99.4,99.5,99,97.9,98.7,97.4,97.8,97.4,96.3,96.4,95.4,96.6,96.2,95.1,92.9,93,93.2,94.3,92.7,94.6,92.2,94.1,93.8,92.8,94.4,93.5,93.1,91.7,92.3,92.9,90.8,92.1,91.3,90.8,91,92.7,92.6,91.7,90.5,89.9,89.6,89,90.1,88.6,88.9,88.7,90.2,90.2,88.4,89.4,88.1,88.3,88.3,89.2,86.4,87.3,89,88.6,88.6,87.6,90,88.4,89.5,88.4,89,88.7,88.4,87.7,87.6,87.9,87.3,85.1,87.7,86.9,85.9,85.2,87,88.5,85.2,85.1,87,89,87,88.9,87.7,87.8,87.4,85.7,86.7,84.1,83.9,87,84.6,86.4,85.5,85.7,83.8,84,84.8,86.4,86.3,84.6,85.4,84.6,85.9,86,86.9,87,85.7,85,86.4,85.9,85.2,87.1,85.1,83.2,84.8,84.6,82.9,83.6,84.9,83.6,83.1,82.8,82.1,84.1,82.8,82.7,83.4,82.7,83.6,82.5,84.4,82.6,84.1,83.8,82.7,81.3,84.2,84,83.2,82.5,80.2,82.3,82.2,82.6,80.8,83,83,82.5,83.4,81.5,84.5,83.3,84,84,83.5,81.4,81.4,82.4,81,82.2,81.4,83,81,82.3,82.9,81,83.9,82.3,82.2,83.7,81.9,81.5,79.4,78.8,79.1,81.7,80.2,79.3,82.6,79.9,81.4,78,80.3,77.6,82.5,79.9,80.1,80.8,79.7,81.1,80.9,80.5,81,80.6,81,81.2,80.7,80.8,78.9,80.2,79.2,80.8,78.1,78.3,77.4,79.4,80.6,79.6,78.8,79.8,79.8,79.1,81.6,79.8,78.9,80.2,80.6,78.9,,,,,,,,,,,,,,,,,,,,,,,,,,,,,,,,,,,,,,,,,,,,,,,
masterfile23,33,ANTARES 230,CRS-8E (OA-8E),ISS RESUPPLY,NASA,ORBITAL ATK,12 NOVEMBER 2017,12:19:51.000,LAUNCH NOISE,MARS PAD 0A,ACRP PROJECT 02-81,BLUE RIDGE RESEARCH AND CONSULTING,Old Ferry Dock,OFDOCK,315,NONE,22,"1/2"" MICROPHONE FREE-FIELD",PCB 378A07,132084,5.424,INVERTED,YES,YES,PCB 426E01,132084,NI-9233,GEOGRAPHIC,WGS 84,37.842901,-75.525762,0.0,CONTINUOUS LOW-LEVEL MECH TONAL NOISE 25 HZ,NONE,,,,,,,,,,,65.2,65,65.4,65.4,67.7,66.9,67.3,66.3,69.4,68.1,67.3,67.3,71.5,68.6,88.1,93.1,105.7,107.7,109.4,109.7,113.6,114.6,115,113.8,110.5,111.2,112.2,113.7,113.2,115.2,114.6,116.5,116.1,118.1,117.3,119.1,117.5,117.9,118,119.1,117.1,116.3,115.9,115.4,116.8,117.1,116.4,116.9,116.2,116.1,114.9,115.8,115.8,115.1,114.3,112.3,111.7,111.1,109.6,106.6,107.6,107.8,107.4,107.2,105.6,106.3,105.7,105.7,104.7,104.5,105,105.1,104.4,104.5,103.1,103.7,103.2,104.3,103.8,104.5,106,106.4,103.2,103,103.1,101.3,101.8,103.9,102.4,100.5,101.4,100,100.4,100,100.2,99.4,99.5,99.1,97.9,98.7,97.3,97.8,97.4,96.2,96.3,95.4,96.6,96.1,95.2,93,93,93.1,94.2,92.8,94.5,92.2,94.2,93.9,92.7,94.5,93.5,93.1,91.8,92.4,92.8,90.8,92.1,91.3,90.7,90.9,92.7,92.5,91.7,90.5,89.9,89.6,89,90.1,88.7,89,88.7,90.3,90.2,88.4,89.4,88.1,88.3,88.3,89.3,86.5,87.2,89,88.6,88.7,87.6,90,88.5,89.6,88.4,89,88.7,88.3,87.7,87.6,87.8,87.4,85.2,87.8,87,85.9,85.2,87,88.5,85.3,85.1,87,89.1,87.1,88.9,87.7,87.8,87.4,85.7,86.7,84.2,84,87,84.7,86.4,85.6,85.8,83.8,84,84.8,86.4,86.3,84.5,85.4,84.5,85.9,85.9,86.8,87.1,85.7,85.1,86.4,85.9,85.3,87.1,85.1,83.2,84.8,84.6,83,83.6,85,83.6,83.2,82.7,82,84.1,82.7,82.7,83.2,82.7,83.7,82.5,84.5,82.6,84.1,83.9,82.6,81.3,84.2,84,83.2,82.5,80.2,82.3,82.3,82.6,80.9,83,82.9,82.6,83.4,81.6,84.6,83.3,84,84,83.5,81.3,81.4,82.4,81.1,82.2,81.4,82.9,81.1,82.4,83,81,83.9,82.3,82.2,83.7,82.1,81.5,79.4,78.9,79.2,82,80.1,79.4,82.6,80,81.4,77.9,80.4,77.6,82.6,80,80.3,80.8,79.8,81,80.9,80.6,81.1,80.5,80.9,81.1,80.7,80.9,79,80.3,79.4,80.8,78.1,78.4,77.4,79.4,80.7,79.6,78.9,79.8,79.9,79.1,81.7,79.9,79,80.3,80.7,78.8,,,,,,,,,,,,,,,,,,,,,,,,,,,,,,,,,,,,,,,,,,,,,,,
masterfile24,33,ANTARES 230,CRS-8E (OA-8E),ISS RESUPPLY,NASA,ORBITAL ATK,12 NOVEMBER 2017,12:19:51.000,LAUNCH NOISE,MARS PAD 0A,ACRP PROJECT 02-81,BLUE RIDGE RESEARCH AND CONSULTING,Old Ferry Dock,OFDOCK,315,NONE,23,"1/2"" MICROPHONE PRES-FIELD",GRAS 46AO,307161,11.033,GRAZING,YES,YES,GRAS 26CA,307161,NI-9233,GEOGRAPHIC,WGS 84,37.842901,-75.525762,1.5,CONTINUOUS LOW-LEVEL MECH TONAL NOISE 25 HZ,NONE,,,,,,,,,,,64.1,63.9,64.3,64,67.2,66.4,67.4,65.2,69.4,68.9,67.9,66.9,72.9,69.2,87.7,91.5,106,108.1,109.2,109.5,113.1,114.3,114.9,113.3,110.5,110.4,111.6,113,112.8,114.7,114.1,115.9,116.1,117.6,117.1,118.7,117.1,117.3,117.7,119,116.9,116,115.6,114.8,116,116.5,115.7,116.6,115.6,115.1,113.7,114.9,114.9,114.2,113.4,111.1,110.6,109.7,108.2,104.3,106,105.7,105.6,105.6,103.9,104.8,104.3,104,102.8,102.5,103.5,103.5,102.9,103.8,101.4,102.4,102,103.1,102.6,103.4,105.2,105.6,102,102,102.3,100.4,100.6,103.4,101.4,99.1,100.5,98.6,99.5,99.2,99.4,98.6,98.7,98.5,96.9,98.1,96.4,97.1,96.8,95.3,95.7,94.1,96,95.2,94.2,92.2,92.4,92.2,93.6,91.9,93.8,91.1,93.5,92.9,91.7,93.7,92.5,92.6,91.2,91.9,92,90.1,91.6,90.5,90.1,89.8,91.8,91.5,90.7,89.8,89.2,88.7,88.5,89.4,88.2,88.1,87.5,89.3,89.9,87.7,88.9,87.4,87.6,87.2,88.4,85.4,86.6,88.5,88.1,88.2,86.5,89.6,87.7,88,87.9,88.6,87.9,87.5,87,87.1,87.2,86.5,84.2,87,85.7,85.4,84.3,86.2,88,84.2,84.3,86.6,88.1,86.1,88.1,86.8,86.7,86.5,85.3,86.2,83.4,83.2,86.3,83.9,85.7,85.3,85,83,83.2,84.1,85.6,85.8,84.2,85.2,84.1,85.6,85.5,86.3,86.5,85.2,84.5,86,84.7,84.5,85.9,84.6,82.1,84,84,81.6,82.8,83.7,82.6,82.8,82.1,81.6,83.6,82.2,82.1,82.9,82,82.7,82,83.8,81.8,83.5,82.7,81.9,81.1,83.5,83.3,82.2,82.4,79.6,81.8,81.9,81.9,80.3,82.1,82.5,81.8,82.5,80.7,84.1,82.6,83.1,83.2,82,80.8,80.7,81.8,80.2,81.7,80.9,82.5,80.3,81.7,82,80.3,83.3,81.6,81.3,82,81.2,80.5,78.6,78.2,78.7,80.9,80,78.7,82,78.9,80.6,77.9,79.8,76.9,82,79.4,80.1,79.7,79.4,80.6,80.2,80,80.5,80.1,80.6,80.6,79.5,80.4,77.9,79.5,78.2,79.9,76.1,77.7,76.8,78.9,79.5,79.3,78.3,79.4,79.4,78.5,81,79.6,78.5,79.4,79.9,78.5,,,,,,,,,,,,,,,,,,,,,,,,,,,,,,,,,,,,,,,,,,,,,,,
masterfile25,35,ANTARES 230,CRS-8E (OA-8E),ISS RESUPPLY,NASA,ORBITAL ATK,12 NOVEMBER 2017,12:19:51.000,LAUNCH NOISE,MARS PAD 0A,ACRP PROJECT 02-81,BLUE RIDGE RESEARCH AND CONSULTING,Old Ferry Dock (SLM),OFDOCK,315,NONE,24,"1/2"" MICROPHONE FREE-FIELD",PCB 377B02,106213,50.00,SKY,YES,YES,PCB PRM831,10042,LD-831,GEOGRAPHIC,WGS 84,37.843097,-75.526321,1.5,CONTINUOUS LOW-LEVEL MECH TONAL NOISE 25 HZ,NONE,,,,,,,,,,,66.8,66.2,66.5,66.7,66.3,66.5,66.6,66.5,66.5,66.5,66.3,66.2,66.6,67.7,67.2,82.5,85.2,101.4,106.5,106.8,108,110.1,113.1,113.8,113.1,110.8,109.5,110.3,111.7,112.5,112.6,113.2,113.7,114.7,115.7,115.2,116.7,116.1,114.9,116.3,116.5,117.2,115,114.5,115.3,114.8,115.9,116,114.6,116.1,114.8,114.5,114.1,115.5,114.3,113.4,113,111,110.8,108.9,107.4,105.6,105.9,106.3,106.1,104.1,104.3,104.6,104.8,102.7,104,101.9,104.2,104.1,103.5,103.3,101.6,102.7,103,102.6,103.2,104.5,105.1,103.5,102.4,101,101.1,99.7,101.5,101.7,101.3,99.1,99.4,99.6,97.9,99.3,98.5,96.6,98.8,97.3,96.5,96.6,96.1,96.9,96,96.3,94.1,94.3,94.4,94.4,92.6,92.8,91.8,92.5,92.4,92.9,90.7,92.5,92.7,91.8,92.5,91.9,90.6,92.6,90,90.9,89.9,91.4,88.9,90.8,88.5,90,91.9,90.6,89.3,89.4,88.1,88.9,87.9,88.5,87.8,87.5,87.1,88.7,88.3,88.1,87.5,87.4,86.9,86.5,87.3,85.6,87.7,86.4,87.9,85.9,87.1,86.2,85.9,85.9,85.8,86.3,86.9,86.6,85.1,86.3,85.2,85.4,84.6,86.6,85.7,84.5,85.8,85.4,86.1,83.4,85.1,85.6,84.9,85.3,87.1,86.5,86,83.9,84.8,84.3,83.6,85,82.7,82.1,85.5,83.6,83.9,81.7,82.5,83.9,83.9,84.4,83.1,84.5,83.9,84.3,85,85.5,85.9,84.2,83.2,86,83.1,82.7,83.7,82.7,81.9,82.6,81,80.3,82.2,82.9,80.7,81.7,79.9,82.5,80.2,82.1,79.8,82.3,80.5,80.2,81.1,80.3,82.7,80.4,81.3,82.1,80.4,82.5,81.3,79.9,80.8,79.9,79.9,80.6,80.7,78.8,81.3,80.8,80.7,80.5,81.8,80.7,80.3,81.7,81.5,80.3,78.4,80.3,81.2,80.1,81.2,81.1,81,79.7,80.4,80.3,79,81.6,79.5,79.6,79.3,79.3,77.7,77.5,78.6,76.8,80.4,78,77.9,76.5,77.5,76.9,76.1,77.8,76.9,79.4,78.2,77.2,76.3,79,79,78,78.4,80.6,79.8,78.3,80.2,77.7,77.5,77.8,76.5,77.3,75.9,74.3,75.5,76.6,76.9,76.8,77.4,77.1,77.8,77.9,76.1,78.4,78.7,78.5,77,,,,,,,,,,,,,,,,,,,,,,,,,,,,,,,,,,,,,,,,,,,,,,,
masterfile26,33,ANTARES 230,CRS-8E (OA-8E),ISS RESUPPLY,NASA,ORBITAL ATK,12 NOVEMBER 2017,12:19:51.000,LAUNCH NOISE,MARS PAD 0A,ACRP PROJECT 02-81,BLUE RIDGE RESEARCH AND CONSULTING,Old Ferry Dock,OFDOCK,315,NONE,25,"1/2"" MICROPHONE PRES-FIELD",GRAS 46AO,307157,13.406,GRAZING,YES,YES,GRAS 26CA,307157,NI-9233,GEOGRAPHIC,WGS 84,37.842901,-75.525762,7.3,CONTINUOUS LOW-LEVEL MECH TONAL NOISE 25 HZ,NONE,,,,,,,,,,,64.9,66.9,66.2,67.4,70.1,70.4,70.5,70.1,71.7,70.2,73.3,73.1,74.4,75.4,87.9,90.5,105.2,106.8,107.9,108.9,112.4,113.7,114,112.5,109.5,109,109.9,110.8,110.5,112,111.4,112.6,112.8,114.3,114,115.8,114.9,114.6,114.9,116.6,114.6,113.9,114.1,113.4,114.6,115.2,114.2,114.6,113.2,114.5,112.5,113.4,114.2,113,111.8,110.4,110,109.1,107.3,104.5,105.9,106.4,104.5,104,103.1,104.2,103,103.9,102,102.1,101.7,102.2,101.8,101.7,100.5,100.9,100.4,101,101,102.1,103.1,103.4,100.9,100.6,100.3,98.7,98.9,101.4,99.4,97.9,98.8,97.1,97.2,96.7,98.2,96.9,97.5,96.7,94.9,95.9,93,94.1,93.8,93.2,94,92.6,94.6,93.4,92,90.4,89.2,90.5,90.1,90.3,91.8,89.6,90.4,91.6,90.8,92.2,90.9,90.4,88.7,90.1,90.7,88.3,88.9,88.6,87.3,88.1,90.1,89.3,88.3,88.4,87.4,86.6,86.1,86.6,85.4,87.2,86.3,88.3,87.9,85.7,87.3,85.6,85.7,85.2,86.9,83.9,84.2,87.6,86.5,86.2,85.3,88.2,86.5,87.6,87.3,86.6,85.8,85.3,85,85.3,85.6,85.8,82.8,85.5,83.8,83.4,82.4,84.1,86.9,82.7,82.2,85.7,87.4,85.3,86.6,85.8,85.5,85.1,83.6,84.9,81.3,81.4,85,82.2,84.7,84.3,83.7,80.6,82.2,82.5,84.2,84.4,82,82.2,82,82.4,83.4,82.9,84.2,82.6,82.5,84.6,82.8,83.7,84.9,83.8,80.7,83.3,83.4,80.7,81.6,82.3,81.5,81.5,80.7,79.6,82.3,81.1,80.7,81.7,80.9,82,81.2,82.9,81,82.7,81.9,79.9,78.7,82.4,82.5,81.1,80.8,78.2,80.5,79.8,80.4,79,80.7,81.3,80.2,81.4,79.2,83.1,80.7,82.2,82.4,81.3,78.8,79.2,80.2,78.2,79.4,79.5,80.9,78.9,80.6,81.5,79.6,82.3,80.6,80.5,81.4,81.1,79.5,77.4,76.8,77.3,79.9,78.8,78,80,78.7,80,76.8,78.9,75,81.2,78,78.7,79,77.7,79.3,78.4,79.1,78.6,78.4,78.4,78.1,77.7,79.4,76.8,78.9,77.8,79.2,75.7,76.9,75.7,78.5,79.2,78.8,77.4,78.6,78.5,77.6,80.6,78.8,77.1,78.6,79.1,77.3,,,,,,,,,,,,,,,,,,,,,,,,,,,,,,,,,,,,,,,,,,,,,,,
masterfile27,35,ANTARES 230,CRS-8E (OA-8E),ISS RESUPPLY,NASA,ORBITAL ATK,12 NOVEMBER 2017,12:19:51.000,LAUNCH NOISE,MARS PAD 0A,ACRP PROJECT 02-81,BLUE RIDGE RESEARCH AND CONSULTING,V-26,V26,315,NONE,26,"1/2"" MICROPHONE RND-FIELD",PCB 377B20,142878,50.00,SKY,YES,YES,PCB PRMLxT1,046760,LD-LxT,GEOGRAPHIC,WGS 84,37.861164,-75.457009,1.5,NONE,NONE,,,,,,,,,,,,,NaN,NaN,NaN,NaN,NaN,NaN,NaN,NaN,NaN,NaN,NaN,NaN,NaN,NaN,NaN,NaN,NaN,NaN,NaN,NaN,NaN,NaN,NaN,NaN,NaN,NaN,NaN,NaN,NaN,NaN,NaN,NaN,NaN,NaN,NaN,NaN,NaN,NaN,NaN,NaN,NaN,NaN,NaN,NaN,NaN,NaN,NaN,NaN,NaN,NaN,NaN,NaN,NaN,NaN,NaN,NaN,NaN,NaN,NaN,NaN,NaN,NaN,NaN,NaN,NaN,NaN,NaN,NaN,NaN,NaN,NaN,NaN,NaN,NaN,NaN,NaN,NaN,NaN,NaN,NaN,NaN,NaN,NaN,NaN,NaN,NaN,NaN,NaN,NaN,NaN,NaN,NaN,NaN,NaN,NaN,NaN,NaN,NaN,NaN,NaN,NaN,NaN,NaN,NaN,NaN,NaN,NaN,NaN,NaN,NaN,NaN,NaN,NaN,NaN,NaN,NaN,NaN,NaN,NaN,NaN,NaN,NaN,NaN,NaN,NaN,NaN,NaN,NaN,NaN,NaN,NaN,NaN,NaN,NaN,NaN,NaN,NaN,NaN,NaN,NaN,NaN,NaN,NaN,NaN,NaN,NaN,NaN,NaN,NaN,NaN,NaN,NaN,NaN,NaN,NaN,NaN,NaN,NaN,NaN,NaN,NaN,NaN,NaN,NaN,NaN,NaN,NaN,NaN,NaN,NaN,NaN,NaN,NaN,NaN,NaN,NaN,NaN,NaN,NaN,NaN,NaN,NaN,NaN,NaN,NaN,NaN,NaN,NaN,NaN,NaN,NaN,NaN,NaN,NaN,NaN,NaN,NaN,NaN,NaN,NaN,NaN,NaN,NaN,NaN,NaN,NaN,NaN,NaN,NaN,NaN,NaN,NaN,NaN,NaN,NaN,NaN,NaN,NaN,NaN,NaN,NaN,NaN,NaN,NaN,NaN,NaN,NaN,NaN,NaN,NaN,NaN,NaN,NaN,NaN,NaN,NaN,NaN,NaN,NaN,NaN,NaN,NaN,NaN,NaN,NaN,NaN,NaN,NaN,NaN,NaN,NaN,NaN,NaN,NaN,NaN,NaN,NaN,NaN,NaN,NaN,NaN,NaN,NaN,NaN,NaN,NaN,NaN,NaN,NaN,NaN,NaN,NaN,NaN,NaN,NaN,NaN,NaN,NaN,NaN,NaN,NaN,NaN,NaN,NaN,NaN,NaN,NaN,NaN,NaN,NaN,NaN,NaN,NaN,NaN,NaN,NaN,NaN,NaN,NaN,NaN,NaN,NaN,NaN,NaN,NaN,NaN,NaN,NaN,NaN,NaN,NaN,NaN,NaN,NaN,NaN,,,,,,,,,,,,,,,,,,,,,,,,,,,,,,,,,,,,,,,,,,,,,
masterfile28,33,ANTARES 230,CRS-8E (OA-8E),ISS RESUPPLY,NASA,ORBITAL ATK,12 NOVEMBER 2017,12:19:51.000,LAUNCH NOISE,MARS PAD 0A,ACRP PROJECT 02-81,BLUE RIDGE RESEARCH AND CONSULTING,Bogues Bay,BOGBAY,295,NONE,27,"1/2"" MICROPHONE FREE-FIELD",PCB 378A07,132082,4.885,INVERTED,YES,YES,PCB 426E01,132082,NI-9234,GEOGRAPHIC,WGS 84,37.872318,-75.498566,0.0,CONTINUOUS LOW-LEVEL MECH TONAL NOISE 40&80HZ,NONE,,,,,,,,,,,,,59.4,60.1,59.2,60.7,60,61.7,60.9,61.7,62.6,62.2,62.3,61,61.6,63.2,87.5,88,94.5,95.2,97.1,98.9,103.1,106.1,107,107.5,107.8,110.7,113.8,114.1,114.9,117,115.5,108.5,105.5,108.3,110.7,112.3,111.9,114,115.7,115.5,116.5,114.1,116.7,116.3,117.2,117.3,117.7,117.1,116.2,116,116,115.2,113.7,113.5,113.3,113.2,111.5,109.3,108.6,108.7,108.8,108.7,108,108.1,107.7,106.6,106.7,105.8,106.4,106.1,105.1,105.5,103.8,104,103.7,105.7,105.4,106.2,107.4,104.6,104.3,103.8,103.6,102.1,103.5,102.4,101.2,101.5,101.3,99.9,99.3,101.4,98.7,99.8,99.2,97.1,98,96.7,96.5,97,95.4,95.4,94,95.9,94.3,94,92,92.1,90.9,92,92.1,92.4,91.4,89.6,92.2,91.8,90.2,90.5,89.4,86.9,88.9,89.7,88.5,84.2,87,85.1,85.9,88,87.2,86.1,87.1,84.6,85.2,83.8,85,83.8,85.2,86.5,87.2,85.1,84,85.5,85.5,84.1,87,85.5,82.1,86,85.2,85.1,84.3,86.5,84.9,87.1,88.3,86.8,84.6,85.9,82.5,85.3,85,82.5,84.4,81.7,84.6,82,81.7,82,84,84.3,81.8,84.1,84.9,85.8,85.3,83.8,85,85.1,83.8,82.4,85.1,81.9,85.1,83.7,83.3,86,83.7,85.5,83.4,84.4,85.8,84.9,84.8,83.2,82,82.5,80.5,83.2,82.8,83.6,82.2,81.7,83.7,82.4,83.4,84.3,83.3,80.7,84.7,83.8,81.7,83.4,84.9,83.5,82.7,83.7,81.9,84.6,84.3,83.8,83.7,83.2,84.5,83.4,84,82.8,83.4,83.9,80.7,80.7,82.8,83,82,81.4,79.6,81.9,81.5,82.4,81.4,82.4,83.2,82.8,82.4,80.8,83.2,81.6,82.6,82.4,81.4,80.1,79.4,80.6,79.3,79.5,80,80.6,79.5,81.7,82.1,80.5,83.2,81.5,81.7,82.5,82.5,81.5,79.6,79.7,78.7,79.2,79.9,78.7,78.5,79.2,80.7,78,77.1,76.5,80.4,77.7,78.4,80.3,77.5,79.8,77.9,79.9,79,79.7,78.6,80,78.7,82,76.9,81,80.1,,,,,,,,,,,,,,,,,,,,,,,,,,,,,,,,,,,,,,,,,,,,,,,,,,,,,,,,,,,,,,,,,
masterfile29,33,ANTARES 230,CRS-8E (OA-8E),ISS RESUPPLY,NASA,ORBITAL ATK,12 NOVEMBER 2017,12:19:51.000,LAUNCH NOISE,MARS PAD 0A,ACRP PROJECT 02-81,BLUE RIDGE RESEARCH AND CONSULTING,Bogues Bay,BOGBAY,295,NONE,28,"1/2"" MICROPHONE PRES-FIELD",GRAS 46AO,307158,11.435,GRAZING,YES,YES,GRAS 26CA,307158,NI-9234,GEOGRAPHIC,WGS 84,37.872318,-75.498566,1.5,CONTINUOUS LOW-LEVEL MECH TONAL NOISE 40&80HZ,NONE,,,,,,,,,,,,,58.4,58.9,59.2,60.6,59.7,59.7,59.4,60.7,60.6,59.8,60.1,58.8,58.5,60.8,86.8,87.5,94.2,94.9,96.7,98.1,102.6,105.7,106.6,106.9,107.3,110.3,113.4,113.6,114.3,115.8,114.4,107.7,104.4,106.5,109.2,111.1,110.9,112.6,114.5,114.1,114.9,113,115.5,115.2,115.8,116,116.8,115.9,115.2,114.8,114.8,114.1,112.7,112.3,112,111.5,109.6,107.5,106.6,106.9,107.1,107,106.2,106,106,104.6,104.5,103.9,104.8,104.8,103.8,104.1,102.4,102.8,102.3,104.6,104.2,105.3,106.4,103.8,103.3,102.4,102.8,100.7,102.3,101.7,100.1,100,100.6,98.8,98.3,100.4,97.4,98.6,98.6,96.1,97.1,95.7,95.6,96,94.6,94.4,93.1,95,93.6,92.9,91.2,91.3,90.1,91.3,91.3,91.3,90.2,88.9,91,90.5,89.3,89.3,88.5,86.1,87.9,88.6,87.7,83.5,85.9,84.2,84.3,86.6,86,85,86.2,84.2,84.6,83.1,83.9,82.5,84.3,84.7,86.2,84.4,82.3,84.3,84.1,83.2,85.2,84.6,81.4,85.1,84.2,84.3,83.7,85.2,83.5,85.8,86.7,85.5,83.7,84.4,82.1,83.9,83.6,81.7,83,80.4,83.4,80.6,80.6,80.8,82.4,83.4,80.5,82.3,83.5,84.2,84,82.6,83.9,84.1,82.9,81.3,84,81.1,84,82.6,82,84.7,83,84.1,82.8,83.3,83.8,83.9,83.6,82.5,81.4,81.4,79.6,82.3,81.7,82.1,81.6,80.2,82.8,81.3,81.2,83.4,82.2,79.4,82.7,83.3,80.1,82.3,83.3,82.2,82.1,82.7,80.8,83.7,83.2,82.2,82.7,81.9,83.1,82,82.7,81.4,82.2,82.4,79.8,79.9,81.3,82,80.4,80,78.5,80.8,80.7,81.2,80.1,81,81.8,81.2,81.2,79.5,82.4,80.1,81.3,81,79.7,78.7,78.5,79.7,78.5,79.2,78.9,80,78.6,80.9,80.4,79.6,81.3,80.7,80.3,80.4,80.4,80.1,79,78.5,77.8,78.1,78.9,78,77.7,77.1,79.7,76.7,76.3,75.7,79.4,76.2,77.1,78.7,76.6,78.4,77.5,78.1,78.5,78.8,77.7,79.1,77.9,80.7,76.1,79.8,78.1,,,,,,,,,,,,,,,,,,,,,,,,,,,,,,,,,,,,,,,,,,,,,,,,,,,,,,,,,,,,,,,,,
masterfile30,33,ANTARES 230,CRS-8E (OA-8E),ISS RESUPPLY,NASA,ORBITAL ATK,12 NOVEMBER 2017,12:19:51.000,LAUNCH NOISE,MARS PAD 0A,ACRP PROJECT 02-81,BLUE RIDGE RESEARCH AND CONSULTING,Bogues Bay,BOGBAY,295,NONE,29,"1/2"" MICROPHONE PRES-FIELD",GRAS 46AO,307152,9.094,GRAZING,YES,YES,GRAS 26CA,307152,NI-9234,GEOGRAPHIC,WGS 84,37.872318,-75.498566,3.7,CONTINUOUS LOW-LEVEL MECH TONAL NOISE 40&80HZ,NONE,,,,,,,,,,,,,59.2,60.4,59.2,59.8,58,59,59.3,60,60.6,59.6,60.8,59.1,60,61.7,87.3,87.7,94.4,95,96.7,98.2,102.5,105.7,106.7,107,107.2,110.1,113.2,113.2,113.4,114.5,113.1,107,103.3,104.7,107.4,109.6,108.9,110.8,112.6,111.7,112.6,111,113.5,113,113.9,113.8,115.4,114.1,113.7,113.3,113.2,112.9,111.6,110.7,110.4,110.1,108.1,105.3,105.2,105.2,105.3,105.4,104.3,104.6,104.6,103.6,103.1,102,102.8,103.2,102.5,102.6,100.6,101.4,101,103.2,102.3,104.5,105.2,102.5,102.1,101.8,101.8,99.7,101.4,100.5,99,99,99.4,97.9,97.1,100.1,96.5,98.1,97.7,95.1,96.5,94.3,94.7,95.2,93.2,94.1,92.7,94.7,93.1,92.5,90.5,90.4,88.8,90.6,90.7,91.3,89.9,88.2,91.2,91,89.3,89.8,88.7,85.9,88.1,89,87.8,83.6,86.2,84.2,84.9,87.3,86.4,85.4,86.5,84.2,84.6,83.1,84.3,82.8,84.7,85.5,86.7,84.6,83,84.8,84.7,83.4,86,84.8,81.1,85.3,84.5,84.4,83.6,85.7,84.1,86.3,87.3,86,83.4,85,81.9,84.1,84.2,81.2,83.1,80.4,83.6,80.5,80,80.2,82.2,83.4,80.2,82.2,83.9,84.9,84.4,82.2,84.1,84,83.1,81.2,84.1,80.7,83.9,82.5,81.7,84.6,82.3,83.9,81.9,82.4,84,83.6,83.5,81.8,80.8,81.1,79.4,82.4,81.6,82.6,81.3,80.4,82.9,81.7,82.1,83.9,82.9,79.7,83.8,83.5,80.4,82.7,83.5,82.3,81.6,82.5,80.4,83.4,83,81.9,82.4,81.5,83,82.1,82.9,81.3,82.5,82.8,79.4,79.8,81.7,82.2,80.8,80.1,77.5,80.6,80.4,81,79.6,80.4,81.5,80.8,80.8,79.1,82.3,79.6,81.4,81.4,80,78.7,78.4,79.6,78.3,78.7,78.8,79.8,78.4,80.9,81.1,79.5,82.2,80.6,80.7,81,80.8,80.4,78.3,78,77.5,77.8,78.5,77.8,77.4,77.7,80.2,77,76.4,75.7,79.8,76.7,77.3,79.5,76.7,78.8,77.3,78.9,78.6,78.9,77.9,79.1,78,81.2,75.9,80.1,78.6,,,,,,,,,,,,,,,,,,,,,,,,,,,,,,,,,,,,,,,,,,,,,,,,,,,,,,,,,,,,,,,,,
masterfile31,33,ANTARES 230,CRS-8E (OA-8E),ISS RESUPPLY,NASA,ORBITAL ATK,12 NOVEMBER 2017,12:19:51.000,LAUNCH NOISE,MARS PAD 0A,ACRP PROJECT 02-81,BLUE RIDGE RESEARCH AND CONSULTING,Bogues Bay,BOGBAY,295,NONE,30,"1/2"" MICROPHONE FREE-FIELD",GRAS 40AE,47466,47.193,SOURCE,YES,YES,N/A,N/A,NI-9234,GEOGRAPHIC,WGS 84,37.872318,-75.498566,7.3,CONTINUOUS LOW-LEVEL MECH TONAL NOISE 40&80HZ,NONE,,,,,,,,,,,,,56.4,56.4,55.1,56.8,56.6,57.2,57.4,58.2,58.8,57.6,57.9,56.3,55.9,57.5,80.9,83.4,90.7,91.2,94.1,96.3,101.3,104.1,105.8,106,106.6,109.7,112.9,112.5,112,113,111.5,105.5,101.8,104.8,106.4,108,107.4,109.6,110.9,111.2,111.3,108.4,111.5,111.6,112,111.3,111.4,111.8,110.8,110.3,110.7,109.7,107.9,108,107.7,108.8,107.1,104.9,104.1,103.9,104,103.7,103.1,103.3,102.8,101.9,101.5,101.1,101.8,101.2,99.6,100,98.8,98.1,98.2,99.5,100,99.4,99.5,98.5,96.8,96.8,96.9,94.8,97,96.3,93.5,94.7,93.9,93.2,91.9,93.7,91.5,91.9,92.1,90.4,89.5,89.7,88.8,90,88.2,88.2,86.3,87.7,87.2,85.6,84.7,84.4,84.9,83.9,83.7,83.6,83.3,82,82.5,82.1,82.1,81.7,81.3,80.7,80.3,80.8,80.7,77.4,78.6,77.8,78.7,78.6,79.2,78.4,79.8,77.8,78.1,78.3,77.6,76.8,77.8,78.4,78.9,78,76.6,78.4,77.3,76.8,77.9,77.7,76.5,78,77.7,77,77.1,77.6,76.6,77.7,78.1,77,76.7,77.1,77.4,76.1,76,76,76.8,75.3,76.5,75.6,74.8,75.5,76.2,77,75.9,76.6,76.9,76.5,77,75.7,76.8,75.8,75.9,75.4,77.1,75.4,77.8,76.6,75.6,78,77.4,78.2,77.7,76.7,77.1,76.7,76.7,76.3,75.8,75.5,73.4,74.9,74.4,74.9,74.5,73.1,75.6,74.1,73.7,75.4,74.1,73,74.2,75.2,74.2,75.2,76.1,74.6,74.6,75.8,75.9,76.4,76.5,76.6,76.6,76,76.6,76,75.9,74.8,74.8,75.1,73,73.7,73.5,74.2,72.2,73.7,73.3,73.4,74,74.3,74.7,75.2,75.1,74.6,75.5,74.5,75.4,73.4,73.3,73.7,72.1,72.2,71.7,72.8,72.2,72.7,72,72.8,71.3,73.2,72.1,72.2,72.4,73,73.5,73.2,72.8,72.4,72.6,71.7,71.6,72.7,72,71.5,71.1,69.8,71.3,69.6,69.4,70.3,72.2,69.3,70.3,70.9,70.4,72.1,71.3,70.8,71.2,72,70.8,72.6,71.5,72.9,69.8,71.9,70.2,,,,,,,,,,,,,,,,,,,,,,,,,,,,,,,,,,,,,,,,,,,,,,,,,,,,,,,,,,,,,,,,,
masterfile32,33,ANTARES 230,CRS-8E (OA-8E),ISS RESUPPLY,NASA,ORBITAL ATK,12 NOVEMBER 2017,12:19:51.000,LAUNCH NOISE,MARS PAD 0A,ACRP PROJECT 02-81,BLUE RIDGE RESEARCH AND CONSULTING,Pettit-Metompkin Road,PTMTRD,315,NONE,31,"1/2"" MICROPHONE FREE-FIELD",PCB 378A07,157358,5.437,INVERTED,YES,YES,PCB 426E01,122698,NI-9234,GEOGRAPHIC,WGS 84,37.845622,-75.541762,0.0,NONE,NONE,,,,,,,,,,,,,,,60.4,57.8,58.3,56.9,58.4,58.2,57.5,57.3,56.9,59.1,57.7,58.3,57.9,58,81.5,81.5,96.8,100,100,100.5,104.5,106,106.8,108.6,105.6,104.6,106.2,109.1,112.2,110.5,106.6,107.6,108.1,109.7,109.8,112.6,112.9,111.2,112.8,113.4,111.9,112.8,113.2,111.7,114.3,113.7,114,115.9,115.3,114.3,113.6,114.6,114.8,113.5,114.2,113.1,111,109.6,108.3,106.3,105.8,106.7,106.7,106.2,106.4,105.6,105.8,104.8,104.8,104.3,105.5,105.5,104.4,103.8,103.5,104.4,104.7,104.5,105.8,106.1,106.9,104.1,103.5,103.9,102.7,102,104.1,103.1,101.7,102.1,101.2,101.2,100.7,101.1,100.6,100.5,99.8,99.3,100.1,98.4,98.6,98.7,97.7,97.2,96.5,97.3,96.1,95.7,95,94.8,95.6,94.6,94.8,95.4,93.7,94.8,94.7,93.6,94.8,94.4,93.6,92.1,92.6,93.3,91,92.2,91.2,90.1,89.7,91.9,91.2,90.6,89.6,88.9,88.8,87.3,89.1,87.8,88.6,88.3,89.8,90.1,88.6,89,88.2,88,87.8,89.1,87.4,87.4,89.3,88.6,88,87.2,89.4,87.9,88.9,87.2,88.2,87.4,85.9,85.9,86,86.3,85.3,83.1,85.7,85.6,83.6,84.4,85.4,87.7,84.5,85,86,88.9,86.9,88.7,86.8,87.2,87,85.4,86.6,84.5,84.1,86.7,84.2,85.7,85.3,84.6,82.1,83.2,84.1,85.3,85.6,84.7,85.3,83.2,84.6,84.1,83.9,84.9,84.4,83.7,85,84.6,84.7,85.7,86.3,82.9,84,85.4,80.8,84.5,84.6,84.9,83.6,82.9,82.9,85,83.1,83,84.3,83.8,84.4,82.7,85.4,83.5,83.8,83.8,83.2,82.4,83.1,84.8,83.6,83,81.1,82.4,82.3,82.9,81.4,82.3,82.2,81.7,82.8,79.6,82.3,81.3,81.2,82.5,81.3,79.5,76.7,80.1,79.4,78.8,79.9,80.5,78.4,80.6,80.8,81,82.1,82.1,80.9,80.7,82.4,81.3,78.9,78.6,79.1,78.1,81.9,80,80.4,77.7,81.8,78.4,78.9,78.3,81.6,79.5,77.6,79.7,77.2,77.4,78.9,77.9,79.6,79.4,78.8,78.3,78.8,80.9,77.7,79.2,78.8,80,77.6,78.7,76.4,79.5,79.1,80.4,79.1,79.2,80.2,79.5,80.6,80.9,79.7,80.6,80.9,80.3,80.5,,,,,,,,,,,,,,,,,,,,,,,,,,,,,,,,,,,,,,,,,,,
masterfile33,33,ANTARES 230,CRS-8E (OA-8E),ISS RESUPPLY,NASA,ORBITAL ATK,12 NOVEMBER 2017,12:19:51.000,LAUNCH NOISE,MARS PAD 0A,ACRP PROJECT 02-81,BLUE RIDGE RESEARCH AND CONSULTING,Pettit-Metompkin Road,PTMTRD,315,NONE,32,"1/2"" MICROPHONE PRES-FIELD",GRAS 46AO,307159,11.309,GRAZING,YES,YES,GRAS 26CA,307159,NI-9234,GEOGRAPHIC,WGS 84,37.845622,-75.541762,1.5,NONE,NONE,,,,,,,,,,,,,,,63,58.5,59.5,56.4,55.4,60,57.4,56,56.7,58,57.3,59.2,60.7,64,81.1,80.8,96.7,100,99.9,100.4,104.5,105.9,106.7,108.4,105.3,104.4,106.1,108.7,111.7,110,106.1,107.1,107.8,109.3,109.4,112.2,112.5,110.8,112.4,113.1,111.7,112.4,112.7,111.4,113.9,113.2,113.5,115.4,114.6,113.7,113,113.9,114.2,113,113.6,112.3,110.4,108.8,107.5,105.4,104.8,105.7,106,105.1,105.1,104.8,105,104,103.8,103.1,104.6,104.8,103.8,103.1,102.7,103.7,103.9,103.8,105.3,105.5,106.4,103.3,102.7,103.3,102.2,101.2,103.5,102.5,101,101.4,100.5,100.6,100,100.4,99.7,99.8,99.2,98.6,99.4,97.6,98,98.2,97.1,96.6,95.7,96.9,95.5,95,94.3,94.1,95.2,94.1,94.1,94.8,92.9,94.2,94,92.7,94.3,93.7,93.1,91.6,91.9,92.8,90.4,91.8,90.7,89.8,89.1,91.2,90.5,90,89,88.3,88.2,86.9,88.7,87.2,88,87.2,89.1,89.6,88.1,88.4,87.5,87.5,87,88.5,87,86.9,88.5,88.2,87.6,86.3,88.9,87.1,87.5,86.7,87.6,86.5,85.4,85.3,85.5,85.5,84.6,82.6,85,84.9,83.2,83.6,84.6,87.1,83.8,84,85.5,88.1,86,88.1,86.1,86.7,86.4,84.7,86.1,83.7,83.3,85.9,83.6,84.7,85.1,84.3,81.7,82.6,83.3,84.4,84.7,84.1,84.7,82.5,84.1,83.4,83.5,84.3,83.8,83.2,84.3,84.2,83.6,85.2,85.4,82.3,83,84.8,80.3,83.6,84,83.9,82.8,82.5,82.4,84.6,82.5,82.4,83.8,83,83.6,82,84.3,83.1,83.3,82.5,82.6,82.2,82.6,83.7,83,82.2,80.9,81.9,81.8,82.6,80.6,81.6,81.4,80.4,82,79,81.7,80.3,80.2,81.6,79.6,78.6,76.2,79.5,78.9,78.3,79.5,80,77.7,79.6,79.6,79.8,80.7,81.5,79.6,79.6,80.7,79.6,78.9,77.9,78.3,77.7,81.2,79.4,79.8,77.2,80.6,77.8,78.2,77.4,81,78.4,77.2,78.5,76.4,76.7,78.2,77.1,78.8,78.4,78.1,77.8,77.8,79.8,76.3,78,77.9,79.2,76.6,77.9,75.8,78.9,77.8,79.5,78.7,78.5,79.7,78.9,80,80.1,79.4,80.1,79.7,80.2,79.8,,,,,,,,,,,,,,,,,,,,,,,,,,,,,,,,,,,,,,,,,,,
masterfile34,33,ANTARES 230,CRS-8E (OA-8E),ISS RESUPPLY,NASA,ORBITAL ATK,12 NOVEMBER 2017,12:19:51.000,LAUNCH NOISE,MARS PAD 0A,ACRP PROJECT 02-81,BLUE RIDGE RESEARCH AND CONSULTING,Pettit-Metompkin Road,PTMTRD,315,NONE,33,"1/2"" MICROPHONE PRES-FIELD",PCB 377B11,126877,46.871,GRAZING,YES,YES,PCB 426E01,18839,NI-9234,GEOGRAPHIC,WGS 84,37.845622,-75.541762,3.7,NONE,NONE,,,,,,,,,,,,,,,60.2,60.8,64.8,62.5,62.5,63,60.7,59.6,57,56.5,59.2,60.8,62.4,59.4,80.6,80.5,96.5,99.8,99.6,100.2,104.3,105.8,106.3,108.1,104.8,103.9,105.7,108.1,110.9,109.2,105.3,106.1,106.4,108,108.2,111.2,111.4,109.6,111.1,112,110.7,111.3,111.4,110.3,112.8,111.8,111.9,114.2,113.4,112.4,111.5,112.3,112.9,111.8,111.9,110.7,108.8,107.1,105.3,103.8,103,103.9,104.4,103,103.6,103.1,102.7,101.8,101.5,101.2,103.1,103,101.9,100.9,100.4,101.7,102,101.8,103.1,103.8,105.1,101.6,100.5,101.7,100.6,99.4,102.2,100.6,99,99.5,98.8,98.9,98.5,99,97.7,98.3,97.8,96.5,97.6,95.7,96.4,96.6,95,95,94,95.4,93.7,92.8,91.9,91.8,93.1,92.7,92.8,93.8,91.2,92.6,92.6,90.9,92.8,92,91.7,90,90.6,91.3,89,90.6,89,88.3,87.3,89.7,89.1,88.7,87.8,87.1,86.9,85.7,87.5,86,86.5,85.6,87.7,88.4,86.9,87,85.9,86,85.4,87.2,85,85.4,87.2,86.5,86.4,85,87.8,85.9,86.4,85.3,86.6,85.4,84.1,83.8,84.4,84.3,83.3,81.5,83.8,83.1,81.8,81.8,82.9,85.8,82.3,82.4,84.5,86.7,84.6,86.7,84.8,85.4,85.2,83.2,84.9,82.2,81.5,84.7,82.8,83.5,84.3,83,80.7,81.5,82.2,83.1,83.2,82.5,83.3,80.9,82.6,82.2,82,83.1,82.6,82.1,83.2,83,82,83.8,84.3,81.2,82.2,83.8,79.3,82.3,82.8,82.7,81.4,81.4,81.3,83.5,81.1,81.5,82.4,81.4,82.1,80.6,82.9,81,82,81.3,81.6,80.7,81.2,83,81.3,80.5,80.2,80.5,80.8,81.3,78.9,80.1,80.3,79.2,80.3,78,80.9,79,78.9,80,78.8,77.5,75.7,78.4,77.7,77.3,78.5,79.4,76.7,78.9,78.9,78.7,79.5,80.3,78.6,79,79.3,78.1,78,76.7,77.2,76.5,80.3,77.9,78.8,75.8,79.2,76,76.9,76,80.3,77.2,76.3,77.1,75.5,76.2,77.4,76.3,78,77.7,77.2,77.1,76.8,79,75.4,77,76.8,77.9,75.6,76.7,75.1,78,76.6,78.1,77.7,77.7,79.1,77.7,79.1,79.1,78.2,78.9,78.9,79.2,79.1,,,,,,,,,,,,,,,,,,,,,,,,,,,,,,,,,,,,,,,,,,,
masterfile35,33,ANTARES 230,CRS-8E (OA-8E),ISS RESUPPLY,NASA,ORBITAL ATK,12 NOVEMBER 2017,12:19:51.000,LAUNCH NOISE,MARS PAD 0A,ACRP PROJECT 02-81,BLUE RIDGE RESEARCH AND CONSULTING,Pettit-Metompkin Road,PTMTRD,315,NONE,34,"1/2"" MICROPHONE FREE-FIELD",GRAS 40AE,45786,45.865,SOURCE,YES,YES,N/A,N/A,NI-9234,GEOGRAPHIC,WGS 84,37.845622,-75.541762,7.3,NONE,NONE,,,,,,,,,,,,,,,61.2,56.9,58.2,58.6,58.3,60,65.3,69.1,64.4,63.2,60.8,64,56.9,55.7,81.3,80.8,96.3,99.4,99.2,99.9,104.1,105.5,106,107.6,104.3,103.6,105.4,107.5,109.7,107.8,105,104.9,105,106.4,107,109.8,110.1,108.4,110,110.7,109.1,110.1,109.7,108.6,111.4,109.8,109.4,112.6,111.4,110.7,110.2,111,111.4,110.4,110.3,109.2,107.5,106.3,104.9,102.6,103,103,103.1,103.7,102.5,102.2,102.6,101.6,101.6,101.3,102,101.7,101.1,100.1,99.5,101.2,101.1,100.4,102.3,102.6,103.8,101.2,100.2,100.7,99.4,99,101.6,99.4,98.2,98.8,98,97.8,97.4,98.5,97.9,98.2,97.1,95.9,96.9,94.6,94.9,95.3,93.6,94.3,92.8,94.8,93.4,92.1,92.5,90.3,91.8,90.6,91.9,92.5,90.8,90.6,91.8,90.7,92.2,91.7,90.6,88.9,90,90.4,88.4,89,87.4,87.2,86.7,89.4,88.4,87.3,87,86.5,86,84.7,86.1,84.8,86,86,87.5,88,86.1,86.3,85.2,85,84.2,86.3,83.8,84.5,87.2,85.9,85.1,84.3,87.3,85.7,86.4,85.5,85.9,84.3,83.6,83,83.9,83.8,83.6,80.3,83.4,82.4,81.2,81.2,82.4,85.5,81.6,81.2,83.9,86.6,84.2,85.6,84.5,84.1,84.5,82.8,84.4,81.4,80.6,84.5,81.8,83.6,83.9,82.3,79,81.2,81.7,82.9,82.9,82.3,82.6,81,81.8,81.6,81.3,81.7,81.7,81.5,82.5,82.7,81.8,83.9,84.5,80.6,81.9,83.7,78,81.8,81.9,82.6,80.6,80.5,79.8,82.7,80.5,81.2,81.8,80.7,81.9,80.6,83.2,81,82.4,80.5,80,79,80.4,82.5,80.1,80,78.9,79.1,79.7,80.3,78.3,79.6,79.9,78,80.7,77,80.5,79.1,78.5,80.4,78.3,77.3,74.9,78,77.3,76.2,77.7,78.9,76.2,78.4,78.9,79.1,79.8,80.7,78.9,78.5,80,78.9,76.9,76,76,75.5,79.5,77.8,77.8,75.1,80,75.6,76.2,75,80,76.9,75.6,77.4,75,75.6,77.3,76.3,77.9,77.9,77,76.7,76.7,79.2,75.7,77.5,77.2,77.7,76.6,75.6,73.4,77,77,77.8,77.3,77,77.9,77.3,78.9,77.9,77.5,78.3,79.1,79,79.2,,,,,,,,,,,,,,,,,,,,,,,,,,,,,,,,,,,,,,,,,,,
masterfile36,35,ANTARES 230,CRS-8E (OA-8E),ISS RESUPPLY,NASA,ORBITAL ATK,12 NOVEMBER 2017,12:19:51.000,LAUNCH NOISE,MARS PAD 0A,ACRP PROJECT 02-81,BLUE RIDGE RESEARCH AND CONSULTING,North Beach Trail,NBTRL,315,NONE,35,"1/2"" MICROPHONE RND-FIELD",PCB 377B20,149313,50.00,SKY,YES,YES,PCB PRMLxT1,046761,LD-LxT,GEOGRAPHIC,WGS 84,37.872463,-75.440344,1.5,CONTINUOUS LOW-LEVEL MECH TONAL NOISE 40&80HZ,NONE,,,,,,,,,,,,,,,,,,,NaN,NaN,NaN,NaN,NaN,NaN,NaN,NaN,NaN,NaN,NaN,NaN,NaN,NaN,NaN,NaN,NaN,NaN,NaN,NaN,NaN,NaN,NaN,NaN,NaN,NaN,NaN,NaN,NaN,NaN,NaN,NaN,NaN,NaN,NaN,NaN,NaN,NaN,NaN,NaN,NaN,NaN,NaN,NaN,NaN,NaN,NaN,NaN,NaN,NaN,NaN,NaN,NaN,NaN,NaN,NaN,NaN,NaN,NaN,NaN,NaN,NaN,NaN,NaN,NaN,NaN,NaN,NaN,NaN,NaN,NaN,NaN,NaN,NaN,NaN,NaN,NaN,NaN,NaN,NaN,NaN,NaN,NaN,NaN,NaN,NaN,NaN,NaN,NaN,NaN,NaN,NaN,NaN,NaN,NaN,NaN,NaN,NaN,NaN,NaN,NaN,NaN,NaN,NaN,NaN,NaN,NaN,NaN,NaN,NaN,NaN,NaN,NaN,NaN,NaN,NaN,NaN,NaN,NaN,NaN,NaN,NaN,NaN,NaN,NaN,NaN,NaN,NaN,NaN,NaN,NaN,NaN,NaN,NaN,NaN,NaN,NaN,NaN,NaN,NaN,NaN,NaN,NaN,NaN,NaN,NaN,NaN,NaN,NaN,NaN,NaN,NaN,NaN,NaN,NaN,NaN,NaN,NaN,NaN,NaN,NaN,NaN,NaN,NaN,NaN,NaN,NaN,NaN,NaN,NaN,NaN,NaN,NaN,NaN,NaN,NaN,NaN,NaN,NaN,NaN,NaN,NaN,NaN,NaN,NaN,NaN,NaN,NaN,NaN,NaN,NaN,NaN,NaN,NaN,NaN,NaN,NaN,NaN,NaN,NaN,NaN,NaN,NaN,NaN,NaN,NaN,NaN,NaN,NaN,NaN,NaN,NaN,NaN,NaN,NaN,NaN,NaN,NaN,NaN,NaN,NaN,NaN,NaN,NaN,NaN,NaN,NaN,NaN,NaN,NaN,NaN,NaN,NaN,NaN,NaN,NaN,NaN,NaN,NaN,NaN,NaN,NaN,NaN,NaN,NaN,NaN,NaN,NaN,NaN,NaN,NaN,NaN,NaN,NaN,NaN,NaN,NaN,NaN,NaN,NaN,NaN,NaN,NaN,NaN,NaN,NaN,NaN,NaN,NaN,NaN,NaN,NaN,NaN,NaN,NaN,NaN,NaN,NaN,NaN,NaN,NaN,NaN,NaN,NaN,NaN,NaN,NaN,NaN,NaN,NaN,NaN,NaN,NaN,NaN,NaN,NaN,NaN,NaN,NaN,NaN,NaN,NaN,NaN,NaN,NaN,NaN,NaN,NaN,NaN,NaN,NaN,NaN,NaN,NaN,NaN,,,,,,,,,,,,,,,,,,,,,,,,,,,,,,,,,,,,,,,
masterfile37,33,ANTARES 230,CRS-8E (OA-8E),ISS RESUPPLY,NASA,ORBITAL ATK,12 NOVEMBER 2017,12:19:51.000,LAUNCH NOISE,MARS PAD 0A,ACRP PROJECT 02-81,BLUE RIDGE RESEARCH AND CONSULTING,Kegotank Elementary School,KEGOES,315,NONE,36,"1/2"" MICROPHONE FREE-FIELD",GRAS 40AE,49344,51.814,SKY,YES,YES,N/A,N/A,NI-9233,GEOGRAPHIC,WGS 84,37.856671,-75.564653,1.5,NONE,NONE,,,,,,,,,,,,,,,,,,,,,,58.7,58.2,58.9,60,57.4,58.3,57.5,58,57.6,57.1,57.8,56.6,57.8,82.2,81.1,91.8,94.7,95,95.4,99.5,102,105.8,107,106.4,104.7,105.2,104.5,104.2,102.5,100.7,96.8,97.1,97.7,99.3,101.9,103.1,105.3,104.8,105.6,106.9,108.4,106.7,109.4,109.3,110.2,108.7,112.4,112.6,112,109,111.2,111.8,109.3,108.6,108.3,107.8,106,105.3,104.8,105.4,106.2,104,104.5,104.3,103.9,104.3,103.2,102.4,103.6,104,103.2,101.6,101.4,101.6,102.9,102.7,103.8,105,104.6,102.5,103.1,102.6,101.1,102.2,102.8,102.4,101.1,101.8,100.6,99,100.9,99.5,99.4,99.1,97.8,98.5,97.6,97.3,98,97,97.5,94.7,96.3,97.2,95.7,94.4,95.6,94.9,94.8,93.9,94.3,91.9,93.8,93.8,93.9,94.6,92.5,94,90.8,90.4,92.3,89.5,90,88.3,88.5,88.2,88.2,90.5,89.6,89.4,90.2,87,88.8,88.9,87.6,87.4,87.1,86.9,88.1,87,87.7,87.2,86.2,85,85.6,86.1,85.6,87.2,86,87.7,85.4,87.4,86.7,87.1,87.4,85.7,85.3,85.6,84.8,84.5,85.5,84.1,84.3,83.5,84.8,84.5,82.6,84.3,84.4,85,83.7,84.1,85.5,87.2,87,85.8,86.4,86.4,84.5,85,85.4,84.1,86.1,83.8,84.3,86.2,82.8,84.5,81,82.7,83.4,83.5,83.2,81.8,82.1,81,81.9,82,81.8,81.6,80.4,81.1,83.4,82,83,83,83.4,81.6,83.3,82.1,81,82.5,83.8,83,82.3,80.4,81.5,83.4,81.7,81.1,82.7,80.6,81,80.3,83.2,80.6,82,82,80.9,80.2,81.5,82,81.2,79.9,78.9,80.2,80.4,80.6,80,80.5,80.7,79.9,81,79.3,82,79.1,81.5,80.9,79.6,78.7,77.6,79.8,79,78.8,80.5,80,78.4,79.5,79.6,79.5,80,81.1,80.5,79.4,81.3,79,78.1,77,77.4,75.7,79.6,77,78,73.9,78.6,74.4,75.8,76.2,76.8,78.6,76.6,77,74.3,75.6,76.8,75.9,77.4,77.4,76.9,76.5,77.5,78.4,78.2,77.3,75.7,79,78,76,76.3,76.5,78.2,77.8,76.9,77.5,77.7,77.8,75.8,78.8,77.5,76.5,77.5,77.8,76.5,77,76.9,,,,,,,,,,,,,,,,,,,,,,,,,,,,,,,,,,,,
masterfile38,33,ANTARES 230,CRS-8E (OA-8E),ISS RESUPPLY,NASA,ORBITAL ATK,12 NOVEMBER 2017,12:19:51.000,LAUNCH NOISE,MARS PAD 0A,ACRP PROJECT 02-81,BLUE RIDGE RESEARCH AND CONSULTING,Kegotank Elementary School,KEGOES,315,NONE,37,"1/2"" MICROPHONE FREE-FIELD",GRAS 40AE,63669,54.190,GRAZING,YES,YES,N/A,N/A,NI-9233,GEOGRAPHIC,WGS 84,37.856671,-75.564653,1.5,NONE,NONE,,,,,,,,,,,,,,,,,,,,,,58.8,58.3,58.9,60.1,57.5,58.9,57.7,57.8,57.9,57.7,58,56.6,57.6,82.3,81.1,91.8,94.7,95,95.3,99.5,101.9,105.7,107,106.3,104.7,105.1,104.4,104.2,102.5,100.6,96.6,97.1,97.9,99.2,101.9,103,105.3,104.7,105.5,106.8,108.3,106.6,109.4,109.2,110.1,108.7,112.4,112.5,111.9,108.9,111.1,111.7,109.2,108.5,108.3,107.7,106,105.3,104.8,105.4,106.1,104,104.5,104.3,103.9,104.3,103.2,102.4,103.5,103.9,103.2,101.6,101.4,101.6,102.9,102.7,103.8,105,104.6,102.5,103.1,102.6,101.2,102.2,102.8,102.4,101,101.8,100.6,99,101,99.6,99.4,99.2,97.9,98.5,97.7,97.3,98,97,97.5,94.8,96.3,97.3,95.8,94.4,95.6,94.9,94.8,93.9,94.4,92,93.8,93.9,94,94.7,92.6,94,90.9,90.5,92.4,89.6,90,88.4,88.5,88.3,88.4,90.7,89.6,89.5,90.2,87,88.8,89,87.6,87.4,87.2,87.1,88.3,87.1,87.8,87.3,86.4,85.2,85.9,86.3,85.6,87.4,86.2,87.7,85.4,87.5,86.8,87.4,87.8,85.9,85.5,85.8,84.8,84.7,85.8,84.2,84.6,83.7,84.9,84.6,82.7,84.3,84.6,85.1,83.8,84.3,85.7,87.3,87.3,86,86.5,86.4,84.7,85,85.5,84.3,86.3,84,84.4,86.4,82.8,84.5,81.1,82.8,83.7,83.9,83.4,81.9,82.2,81.2,82,82.2,82,81.8,80.5,81.2,83.5,82.3,83.3,83.4,83.8,81.9,83.6,82.3,81.3,82.7,84.1,83.3,82.5,80.6,81.6,83.4,81.9,81.4,82.9,80.7,81.3,80.6,83.4,80.9,82.3,82.3,81,80.2,81.8,82.3,81.4,80.1,79.1,80.3,80.5,80.8,80.3,80.7,81,80,81.4,79.4,82.1,79.3,81.9,81.3,80.1,79,77.7,79.9,79.1,78.9,80.5,80.1,78.5,79.7,79.8,79.9,80.5,81.1,80.8,79.6,81.8,79.4,78.4,77.3,77.7,75.8,79.8,77.3,78.1,74,79,74.8,75.9,76.5,77,78.9,76.7,77.5,74.6,75.7,77.2,76.2,77.7,77.6,77,76.7,77.7,78.8,78.5,77.3,76.3,79.3,78.2,76.4,76.5,76.8,78.4,78.3,77,77.6,77.9,78,76.4,79.1,77.6,76.7,77.8,78.1,76.7,77.4,77.1,,,,,,,,,,,,,,,,,,,,,,,,,,,,,,,,,,,,
masterfile39,35,ANTARES 230,CRS-8E (OA-8E),ISS RESUPPLY,NASA,ORBITAL ATK,12 NOVEMBER 2017,12:19:51.000,LAUNCH NOISE,MARS PAD 0A,ACRP PROJECT 02-81,BLUE RIDGE RESEARCH AND CONSULTING,Kegotank Elementary School (SLM),KEGOES,315,NONE,38,"1/2"" MICROPHONE FREE-FIELD",PCB 377B02,154242,12.96,SKY,YES,YES,PCB PRM831,036840,LD-831,GEOGRAPHIC,WGS 84,37.856852,-75.564246,1.5,NONE,NONE,,,,,,,,,,,,,,,,,,,,,,57.5,57.9,57.9,57.2,57.7,57.5,57.2,56.5,56.4,56.4,55.9,56.9,69.9,83.1,87.7,93.4,93.9,94.6,97.4,100.1,104.1,106.7,105.8,104.5,103.8,103.8,104.8,102.8,101.1,98.4,95.6,97.6,97.1,100.8,102.2,104.1,104.7,105.1,105.5,107.5,107.7,108.3,109.7,109.8,108.1,110.6,112.8,112.7,109.8,109.5,111.5,110.2,107.3,108.5,107.6,106.3,106.3,105.6,104.2,106.1,105,104.3,104,103.7,103.6,104.1,102.4,103.7,103.3,103.4,102.5,101.3,102.2,102.6,102.1,103.5,103.9,104.4,101.8,101.9,102.3,101.8,100.4,103,101.9,100.7,101.7,100.6,99.9,99.9,99.1,99.2,98.7,97.1,97.2,97.3,97,96.2,97.5,96.4,95.7,94,96.1,95,94.5,94.9,93.7,94.9,92.9,93.6,91.3,92.8,93.3,93.3,92.8,92.8,92,92.6,89.9,89.6,89.1,89.8,86.7,88.1,86.9,86.5,89.1,88.7,88.1,88.4,87,87.7,87.6,87.6,86.5,85.9,85.1,87.4,86,86.6,85.9,84.3,84.2,83.5,84.3,83.9,84.5,85.6,85.9,85.9,85.1,85.7,85.1,83.9,82.8,84.6,84.4,82.7,83.1,83.6,83.3,82.7,81.1,83.4,83.2,81.7,82.3,83.2,84.6,81.1,82.9,83.4,85.2,83.9,85.6,84.6,85.1,84.5,83.3,84.9,83.6,82.8,84.5,82.7,82.6,84.9,83.3,82,81.3,79.6,82.2,82.4,80.4,81.4,79.1,81.5,79.9,79.9,79.8,79.5,80.1,80.1,80.3,79.9,80.8,81,80.9,80.4,80.7,78.7,79.3,82.3,82.5,79.7,80.5,80.6,82.3,80.2,80.4,81.4,78.9,79.9,78.9,80.7,80.4,80.4,79.3,80.3,80.7,79.4,80.1,78.9,78.8,79.6,78.5,78.5,79.6,79.1,77.7,79,78.3,78.7,77.6,79.9,79.3,78.4,79.4,79.4,77.1,76.7,77.6,79.8,77.7,79.1,79.8,78.8,77.9,77.7,77.4,76.3,79.2,78.5,78.3,78.9,77.4,77.1,76.1,74.8,76.7,77.2,76.7,75.8,75.7,74.6,75.4,73.4,75.3,73.9,76,75,74,73,73.5,74.9,73.7,72.7,75.7,75.8,75.1,77.2,74.1,76.7,74.2,75.1,75.1,77.7,74.9,75.8,74.4,76.2,75.8,76.5,76.2,74.7,77.1,75,76.5,75.7,75.9,75.4,75.1,74.2,74.7,74.7,75.2,,,,,,,,,,,,,,,,,,,,,,,,,,,,,,,,,,,,
masterfile40,33,ANTARES 230,CRS-8E (OA-8E),ISS RESUPPLY,NASA,ORBITAL ATK,12 NOVEMBER 2017,12:19:51.000,LAUNCH NOISE,MARS PAD 0A,ACRP PROJECT 02-81,BLUE RIDGE RESEARCH AND CONSULTING,Kegotank Elementary School,KEGOES,315,NONE,39,"1/2"" MICROPHONE PRES-FIELD",PCB 377B11,126883,49.508,GRAZING,YES,YES,PCB 426E01,18840,NI-9233,GEOGRAPHIC,WGS 84,37.856671,-75.564653,3.7,NONE,NONE,,,,,,,,,,,,,,,,,,,,,,58,57.5,58.1,59.1,57.2,58.1,57,57.6,57.4,56.3,56.6,56.5,57.6,81.3,80.5,91.3,94.3,94.3,94.6,99,100.9,104.5,105.9,105.4,103.9,104.2,103.3,102.9,101.2,99.5,96.2,96.4,96.4,99,101.1,102.2,104.1,103.8,104.7,105.7,107.4,106,108.7,108.5,109,107.7,111.6,111.4,111.2,108.1,110.4,110.9,108.3,107.8,107.2,106.8,105.2,103.9,103.5,103.9,105,102.5,102.8,103,102.5,102.7,101.8,100.9,102.4,102.9,101.9,99.9,99.8,100.1,101.4,101.3,102.9,104.1,103.7,100.9,101.8,101.6,99.6,101,101.5,100.8,99.8,100.8,99.3,97.4,99.6,98.6,97.9,97.9,96.7,97.3,96.4,96,96.6,95.4,96,93.3,95,96.1,94.2,92.3,94.3,93.3,93.3,92.6,93.2,90.7,92.1,92.3,92.6,93.3,90.5,92.9,89.9,89.5,91.1,88.5,89,86.8,87.5,87,86.9,89.4,88.5,88.4,89.4,85.9,87.8,87.6,86.4,86.2,86.1,85.6,87,86.1,86.7,86.2,84.9,83.9,84.3,85,84.6,86.3,85,86.7,84.1,86.1,85.4,85.9,86.1,84.6,84.3,84.6,84,83.4,84.3,83.3,83.3,82.6,83.7,83.4,81.4,83.3,83.2,84.1,82.9,83.1,84.2,86.2,85.7,84.4,85.2,85.3,83.4,83.9,84.5,82.8,85.1,82.7,83.4,85.3,82.2,83.6,79.9,81.5,82.1,82.3,82.1,80.8,81.2,79.9,81,80.9,80.5,80.6,79.3,80.2,82.3,80.6,82,81.7,82.1,80.4,82,80.9,79.4,81.3,82.5,81.7,81,78.6,80.3,82.5,80.5,80,81.6,79.6,80,79.5,82.2,79,80.9,80.6,79.6,79.3,80.1,80.8,79.8,78.4,77.4,79.2,79.4,79.5,78.2,79.3,79.3,78.7,79.6,77.9,81,77.9,80.3,80,78.4,77.5,76.3,78.7,78,77.7,79.8,79.1,77.4,78.6,78.8,78.2,78.7,80.5,79.5,78.7,80.2,77.9,77.4,75.9,76.4,74.8,78.9,76,77.3,72.9,77.4,73.6,74.7,75.4,75.7,77.9,75.9,76,73.4,75,75.9,75.1,76.4,76.8,76.1,75.8,76.7,77.3,77.3,76.6,74.3,78.1,77,74.7,75.6,75.5,77.3,76.7,76.1,76.7,76.9,77.1,74.4,78,76.8,75.5,76.6,76.9,75.7,75.9,76.2,,,,,,,,,,,,,,,,,,,,,,,,,,,,,,,,,,,,
masterfile41,33,ANTARES 230,CRS-8E (OA-8E),ISS RESUPPLY,NASA,ORBITAL ATK,12 NOVEMBER 2017,12:19:51.000,LAUNCH NOISE,MARS PAD 0A,ACRP PROJECT 02-81,BLUE RIDGE RESEARCH AND CONSULTING,Kegotank Elementary School,KEGOES,315,NONE,40,"1/2"" MICROPHONE FREE-FIELD",GRAS 40AE,63681,54.304,SOURCE,YES,YES,N/A,N/A,NI-9233,GEOGRAPHIC,WGS 84,37.856671,-75.564653,7.3,NONE,NONE,,,,,,,,,,,,,,,,,,,,,,57.5,57,57.6,58.7,56.3,57.4,56.8,57.4,57,56.1,56.5,56.1,57,81.8,80.8,90.8,93.7,93.7,93.9,98.5,100.1,103.3,104.5,104.1,103,103.7,102,101.1,99,97.3,95,95,95.2,97.2,99.6,100.4,101.8,101.5,103.1,104.1,106.4,104.4,107.2,107.2,107.6,105.9,110.1,109.9,109.9,106.7,108.7,109.6,107.2,106.2,105.6,105.3,103.5,101.9,102.5,102.7,103.5,101.8,101.7,101.6,101.7,101.9,100.7,99.6,101,101.8,100.7,98.7,98.5,99.2,99.7,99.9,101.2,102.6,102.2,100.1,100.1,100,98.6,99.9,101,99.1,98.2,99.4,98.1,95.9,98.2,97.8,97,97.8,95.6,96.1,94.7,94.4,94.8,94.2,95.1,91.7,93.8,95,93.1,91.7,92.5,91.8,91,91.9,92.1,90.2,90.5,91.3,91.2,92.1,89.4,91.7,88.8,88.6,90.4,87.7,87.9,85.8,86.6,86,86.2,88.6,87.4,87.2,88.5,84.7,86.7,85.9,85.3,85.3,85.6,84.8,86.5,85.3,86.2,85.3,84.6,83.4,83.7,84.5,83.2,85.9,84,85,83,85.6,84.4,85.6,86.3,84.1,83.1,83.9,83,82.8,83.9,82.8,83.3,82,83.1,82.2,80.4,82.5,82.7,83.3,81.5,82.1,83.7,85.4,85.2,82.6,84.4,84,82.3,82.6,83.7,81.4,84.1,82,82.7,85.1,81.4,83,78.2,81.5,81.8,82,82,79.9,80.4,79.3,80.4,80.5,79.8,80.1,77.9,79.5,81.8,79.9,81.7,81,81.7,79.9,81.6,80.5,79.2,80.9,82,81.6,80.1,78.1,79.4,82,79.8,79.9,81.4,78.7,79.6,78.9,81.3,77.5,80.5,79.7,78.3,78.1,79.9,80.5,79.4,78.8,77.4,78.8,78.7,78.5,77.2,78.4,78.9,77.7,79.7,76.7,80.3,77.4,79.7,79.7,77.8,76.2,74.7,77.7,76.6,76,78.5,78.1,75.6,77.7,78.1,78.2,78.7,80.1,78.7,78,80.2,77.7,76.6,75.4,75.5,73.5,78.2,75.5,76.4,72,77.6,72.8,74,74.8,75.4,77.4,75.2,76.3,73.4,74.5,75.7,75.1,76.5,76.4,75.6,75.1,76,77.5,77,76.1,74.2,77.7,76.6,74.3,74.3,74.9,77,76.7,75.6,76,76.3,76.7,74.4,77.6,76.1,74.5,76.1,76.7,75.1,75.7,75.6,,,,,,,,,,,,,,,,,,,,,,,,,,,,,,,,,,,,
masterfile42,35,ANTARES 230,CRS-8E (OA-8E),ISS RESUPPLY,NASA,ORBITAL ATK,12 NOVEMBER 2017,12:19:51.000,LAUNCH NOISE,MARS PAD 0A,ACRP PROJECT 02-81,BLUE RIDGE RESEARCH AND CONSULTING,MARS UAS Strip,UAS,315,NONE,41,"1/2"" MICROPHONE RND-FIELD",PCB 377B20,148990,50.00,SKY,YES,YES,PCB PRMLxT1,046756,LD-LxT,GEOGRAPHIC,WGS 84,37.882829,-75.432673,1.5,CONTINUOUS LOW-LEVEL MECH TONAL NOISE 40&80HZ,NONE,,,,,,,,,,,,,,,,,,,,,,,NaN,NaN,NaN,NaN,NaN,NaN,NaN,NaN,NaN,NaN,NaN,NaN,NaN,NaN,NaN,NaN,NaN,NaN,NaN,NaN,NaN,NaN,NaN,NaN,NaN,NaN,NaN,NaN,NaN,NaN,NaN,NaN,NaN,NaN,NaN,NaN,NaN,NaN,NaN,NaN,NaN,NaN,NaN,NaN,NaN,NaN,NaN,NaN,NaN,NaN,NaN,NaN,NaN,NaN,NaN,NaN,NaN,NaN,NaN,NaN,NaN,NaN,NaN,NaN,NaN,NaN,NaN,NaN,NaN,NaN,NaN,NaN,NaN,NaN,NaN,NaN,NaN,NaN,NaN,NaN,NaN,NaN,NaN,NaN,NaN,NaN,NaN,NaN,NaN,NaN,NaN,NaN,NaN,NaN,NaN,NaN,NaN,NaN,NaN,NaN,NaN,NaN,NaN,NaN,NaN,NaN,NaN,NaN,NaN,NaN,NaN,NaN,NaN,NaN,NaN,NaN,NaN,NaN,NaN,NaN,NaN,NaN,NaN,NaN,NaN,NaN,NaN,NaN,NaN,NaN,NaN,NaN,NaN,NaN,NaN,NaN,NaN,NaN,NaN,NaN,NaN,NaN,NaN,NaN,NaN,NaN,NaN,NaN,NaN,NaN,NaN,NaN,NaN,NaN,NaN,NaN,NaN,NaN,NaN,NaN,NaN,NaN,NaN,NaN,NaN,NaN,NaN,NaN,NaN,NaN,NaN,NaN,NaN,NaN,NaN,NaN,NaN,NaN,NaN,NaN,NaN,NaN,NaN,NaN,NaN,NaN,NaN,NaN,NaN,NaN,NaN,NaN,NaN,NaN,NaN,NaN,NaN,NaN,NaN,NaN,NaN,NaN,NaN,NaN,NaN,NaN,NaN,NaN,NaN,NaN,NaN,NaN,NaN,NaN,NaN,NaN,NaN,NaN,NaN,NaN,NaN,NaN,NaN,NaN,NaN,NaN,NaN,NaN,NaN,NaN,NaN,NaN,NaN,NaN,NaN,NaN,NaN,NaN,NaN,NaN,NaN,NaN,NaN,NaN,NaN,NaN,NaN,NaN,NaN,NaN,NaN,NaN,NaN,NaN,NaN,NaN,NaN,NaN,NaN,NaN,NaN,NaN,NaN,NaN,NaN,NaN,NaN,NaN,NaN,NaN,NaN,NaN,NaN,NaN,NaN,NaN,NaN,NaN,NaN,NaN,NaN,NaN,NaN,NaN,NaN,NaN,NaN,NaN,NaN,NaN,NaN,NaN,NaN,NaN,NaN,NaN,NaN,NaN,NaN,NaN,NaN,NaN,NaN,NaN,NaN,NaN,NaN,NaN,NaN,NaN,NaN,NaN,NaN,NaN,NaN,,,,,,,,,,,,,,,,,,,,,,,,,,,,,,,,,,,
masterfile43,35,ANTARES 230,CRS-8E (OA-8E),ISS RESUPPLY,NASA,ORBITAL ATK,12 NOVEMBER 2017,12:19:51.000,LAUNCH NOISE,MARS PAD 0A,ACRP PROJECT 02-81,BLUE RIDGE RESEARCH AND CONSULTING,Atlantic Virginia Fire Co,ATLVFC,315,NONE,42,"1/2"" MICROPHONE RND-FIELD",PCB 377B20,142931,50.00,SKY,YES,YES,PCB PRMLxT1,046758,LD-LxT,GEOGRAPHIC,WGS 84,37.900910,-75.506361,1.5,NONE,NONE,,,,,,,,,,,,,,,,,,,,,,,,NaN,NaN,NaN,NaN,NaN,NaN,NaN,NaN,NaN,NaN,NaN,NaN,NaN,NaN,NaN,NaN,NaN,NaN,NaN,NaN,NaN,NaN,NaN,NaN,NaN,NaN,NaN,NaN,NaN,NaN,NaN,NaN,NaN,NaN,NaN,NaN,NaN,NaN,NaN,NaN,NaN,NaN,NaN,NaN,NaN,NaN,NaN,NaN,NaN,NaN,NaN,NaN,NaN,NaN,NaN,NaN,NaN,NaN,NaN,NaN,NaN,NaN,NaN,NaN,NaN,NaN,NaN,NaN,NaN,NaN,NaN,NaN,NaN,NaN,NaN,NaN,NaN,NaN,NaN,NaN,NaN,NaN,NaN,NaN,NaN,NaN,NaN,NaN,NaN,NaN,NaN,NaN,NaN,NaN,NaN,NaN,NaN,NaN,NaN,NaN,NaN,NaN,NaN,NaN,NaN,NaN,NaN,NaN,NaN,NaN,NaN,NaN,NaN,NaN,NaN,NaN,NaN,NaN,NaN,NaN,NaN,NaN,NaN,NaN,NaN,NaN,NaN,NaN,NaN,NaN,NaN,NaN,NaN,NaN,NaN,NaN,NaN,NaN,NaN,NaN,NaN,NaN,NaN,NaN,NaN,NaN,NaN,NaN,NaN,NaN,NaN,NaN,NaN,NaN,NaN,NaN,NaN,NaN,NaN,NaN,NaN,NaN,NaN,NaN,NaN,NaN,NaN,NaN,NaN,NaN,NaN,NaN,NaN,NaN,NaN,NaN,NaN,NaN,NaN,NaN,NaN,NaN,NaN,NaN,NaN,NaN,NaN,NaN,NaN,NaN,NaN,NaN,NaN,NaN,NaN,NaN,NaN,NaN,NaN,NaN,NaN,NaN,NaN,NaN,NaN,NaN,NaN,NaN,NaN,NaN,NaN,NaN,NaN,NaN,NaN,NaN,NaN,NaN,NaN,NaN,NaN,NaN,NaN,NaN,NaN,NaN,NaN,NaN,NaN,NaN,NaN,NaN,NaN,NaN,NaN,NaN,NaN,NaN,NaN,NaN,NaN,NaN,NaN,NaN,NaN,NaN,NaN,NaN,NaN,NaN,NaN,NaN,NaN,NaN,NaN,NaN,NaN,NaN,NaN,NaN,NaN,NaN,NaN,NaN,NaN,NaN,NaN,NaN,NaN,NaN,NaN,NaN,NaN,NaN,NaN,NaN,NaN,NaN,NaN,NaN,NaN,NaN,NaN,NaN,NaN,NaN,NaN,NaN,NaN,NaN,NaN,NaN,NaN,NaN,NaN,NaN,NaN,NaN,NaN,NaN,NaN,NaN,NaN,NaN,NaN,NaN,NaN,NaN,NaN,NaN,NaN,NaN,NaN,NaN,NaN,,,,,,,,,,,,,,,,,,,,,,,,,,,,,,,,,,
masterfile44,35,ANTARES 230,CRS-8E (OA-8E),ISS RESUPPLY,NASA,ORBITAL ATK,12 NOVEMBER 2017,12:19:51.000,LAUNCH NOISE,MARS PAD 0A,ACRP PROJECT 02-81,BLUE RIDGE RESEARCH AND CONSULTING,Nelsonia,NLSNIA,315,NONE,43,"1/2"" MICROPHONE FREE-FIELD",PCB 377B02,135348,12.95,SKY,YES,YES,PCB PRM831,023880,LD-831,GEOGRAPHIC,WGS 84,37.820322,-75.574346,1.5,NONE,NONE,,,,,,,,,,,,,,,,,,,,,,,,59.4,60.7,57.4,59.1,57.2,58.5,56.5,58.9,62.4,60.6,60.7,56.4,64.5,80.6,90.4,94.2,96.2,96.3,98.1,98,102.2,104.1,100.7,99.3,97.7,98.7,100,99.3,99.9,96.5,97,98.3,99.4,99.2,99.3,100.3,101.5,104.4,105.3,103.7,103.9,105.1,104.6,106.4,108.9,108.3,110.5,109.8,108.8,109.2,111.1,109.8,108.1,109.3,108.9,106.7,105.1,104.1,103.3,105.6,105.3,103.7,103.8,102.4,102.2,103,102,102.8,102.2,103.3,102.3,101,101.5,102.3,103.5,103.8,105.6,105.6,103,103.8,102.9,101.4,101.8,104.5,102.4,101.4,101.7,102.6,99.6,100,100.9,100.3,100.6,99.9,99.4,98.4,97.6,98.6,98,97.6,97,97.6,98.7,96.9,96.6,95.8,96,95.9,95.9,95.1,93.7,95.1,95.8,94.7,95.3,94.5,95.5,94,93.9,93.2,93.3,92,92.2,91.3,92.4,93.6,92.8,91.9,92.1,91.4,92.1,93.5,90,90.3,89.1,88.4,91.2,89.7,89.5,88.9,89,86.8,88.7,88.6,89,89.8,91.1,90.6,89.1,89.7,87.8,87.5,86.5,88.8,88.6,87,87.2,87.6,87,85.7,86.2,87.8,89.3,86.9,86.7,88,87.2,87,87.1,87.6,88.3,88.4,89.7,90,88.5,86.4,87.2,87.3,86.7,88.9,87.5,87.5,89.7,87,87.6,87,85.7,88.1,87.1,87.7,87.2,85,86.8,85.9,86.8,86.6,84.9,85.9,85.9,85.3,85.6,86.5,86.5,85.4,86.4,86.4,84.4,86.1,86.6,85,84.7,84.4,85.9,85.2,84.8,82.6,84.8,83,83,83.6,84.2,83.7,82.4,83.4,84.6,80.8,83.7,82,80.6,81.8,80.4,79.9,80.8,80.3,78.6,81,80.5,80.1,78.7,81.8,80.5,79.2,82.6,79.5,78.8,78.2,79.9,80.8,78.6,81.8,81.8,81.2,79.3,81.2,81.1,79.5,82.1,80.3,81.1,80.7,79.4,79.4,79,79.9,79.6,82.6,80.7,80.6,78.6,79.5,78.1,78.8,78.8,79.7,78.5,77.8,77.1,75.7,77.9,77.7,75.3,77,78,78.4,78.9,77.7,78.8,78,77.5,76.1,78.5,78.8,79.9,78.7,80.7,79.2,79.8,80.1,80,80.5,78.2,79.7,79.5,77.6,79.9,78.8,79.1,78.5,76.8,77.4,79.3,77.5,77.8,78.4,79,,,,,,,,,,,,,,,,,,,,,,,,,,,,,,,,,,
masterfile45,35,ANTARES 230,CRS-8E (OA-8E),ISS RESUPPLY,NASA,ORBITAL ATK,12 NOVEMBER 2017,12:19:51.000,LAUNCH NOISE,MARS PAD 0A,ACRP PROJECT 02-81,BLUE RIDGE RESEARCH AND CONSULTING,Glenn Drive,GLNDR,315,NONE,44,"1/2"" MICROPHONE RND-FIELD",PCB 377B20,142928,50.00,SKY,YES,YES,PCB PRMLxT1,046759,LD-LxT,GEOGRAPHIC,WGS 84,37.777968,-75.563321,1.5,CONTINUOUS LOW-LEVEL MECH TONAL NOISE 12&25HZ,NONE,,,,,,,,,,,,,,,,,,,,,,,,,,,,NaN,NaN,NaN,NaN,NaN,NaN,NaN,NaN,NaN,NaN,NaN,NaN,NaN,NaN,NaN,NaN,NaN,NaN,NaN,NaN,NaN,NaN,NaN,NaN,NaN,NaN,NaN,NaN,NaN,NaN,NaN,NaN,NaN,NaN,NaN,NaN,NaN,NaN,NaN,NaN,NaN,NaN,NaN,NaN,NaN,NaN,NaN,NaN,NaN,NaN,NaN,NaN,NaN,NaN,NaN,NaN,NaN,NaN,NaN,NaN,NaN,NaN,NaN,NaN,NaN,NaN,NaN,NaN,NaN,NaN,NaN,NaN,NaN,NaN,NaN,NaN,NaN,NaN,NaN,NaN,NaN,NaN,NaN,NaN,NaN,NaN,NaN,NaN,NaN,NaN,NaN,NaN,NaN,NaN,NaN,NaN,NaN,NaN,NaN,NaN,NaN,NaN,NaN,NaN,NaN,NaN,NaN,NaN,NaN,NaN,NaN,NaN,NaN,NaN,NaN,NaN,NaN,NaN,NaN,NaN,NaN,NaN,NaN,NaN,NaN,NaN,NaN,NaN,NaN,NaN,NaN,NaN,NaN,NaN,NaN,NaN,NaN,NaN,NaN,NaN,NaN,NaN,NaN,NaN,NaN,NaN,NaN,NaN,NaN,NaN,NaN,NaN,NaN,NaN,NaN,NaN,NaN,NaN,NaN,NaN,NaN,NaN,NaN,NaN,NaN,NaN,NaN,NaN,NaN,NaN,NaN,NaN,NaN,NaN,NaN,NaN,NaN,NaN,NaN,NaN,NaN,NaN,NaN,NaN,NaN,NaN,NaN,NaN,NaN,NaN,NaN,NaN,NaN,NaN,NaN,NaN,NaN,NaN,NaN,NaN,NaN,NaN,NaN,NaN,NaN,NaN,NaN,NaN,NaN,NaN,NaN,NaN,NaN,NaN,NaN,NaN,NaN,NaN,NaN,NaN,NaN,NaN,NaN,NaN,NaN,NaN,NaN,NaN,NaN,NaN,NaN,NaN,NaN,NaN,NaN,NaN,NaN,NaN,NaN,NaN,NaN,NaN,NaN,NaN,NaN,NaN,NaN,NaN,NaN,NaN,NaN,NaN,NaN,NaN,NaN,NaN,NaN,NaN,NaN,NaN,NaN,NaN,NaN,NaN,NaN,NaN,NaN,NaN,NaN,NaN,NaN,NaN,NaN,NaN,NaN,NaN,NaN,NaN,NaN,NaN,NaN,NaN,NaN,NaN,NaN,NaN,NaN,NaN,NaN,NaN,NaN,NaN,NaN,NaN,NaN,NaN,NaN,NaN,NaN,NaN,NaN,NaN,NaN,NaN,NaN,NaN,NaN,NaN,NaN,NaN,NaN,NaN,NaN,NaN,NaN,,,,,,,,,,,,,,,,,,,,,,,,,,,,,,
masterfile46,35,ANTARES 230,CRS-8E (OA-8E),ISS RESUPPLY,NASA,ORBITAL ATK,12 NOVEMBER 2017,12:19:51.000,LAUNCH NOISE,MARS PAD 0A,ACRP PROJECT 02-81,BLUE RIDGE RESEARCH AND CONSULTING,Bethel Church Road,BETHRD,315,NONE,45,"1/2"" MICROPHONE FREE-FIELD",PCB 377B02,154678,12.97,SKY,YES,YES,PCB PRM831,036842,LD-831,GEOGRAPHIC,WGS 84,37.859039,-75.596609,1.5,CONTINUOUS LOW-LEVEL MECH TONAL NOISE 31-50HZ,NONE,,,,,,,,,,,,,,,,,,,,,,,,,,,,,,,52.9,52.8,52.1,53.4,53,53,53.7,53.2,53.5,53.2,52.8,73.2,83.1,89.7,94.8,94.6,93.9,98.2,100.1,101.9,103.4,103.2,101.5,100.6,98.5,97.2,95,90.9,87.9,89.8,90.1,88.8,90.8,92.8,95.3,96.7,98.7,100.9,101,99.4,101.5,102.7,105.6,104.5,105.2,103.8,104,104.1,107.1,108.1,107.5,107.4,107.6,105.6,104.6,104.5,103.7,103.4,103.2,102.5,101.9,101.1,100,100.7,99.4,100.4,100.9,101.1,100.6,100.1,101.1,100.8,102.1,101.9,103.7,103.7,102.2,101.7,102.2,100,98.6,101,100.2,99.3,99.7,99.9,98.9,98.7,98.9,98.4,97.5,97.5,96.5,95.8,96,94.6,95,96.6,93.4,94.9,95.3,94.6,92.2,93.2,93.6,93.1,94.4,95,92.3,92.3,90.9,89.5,90.8,88.6,91.3,90.1,90.3,92.8,90,90.4,88.5,87.9,87.3,87.7,89.1,89.8,88.3,88,86.8,87.9,87.9,84.8,85.2,85.7,84.8,86.9,86.6,86.1,84.9,83.8,83,83.6,84.6,85.4,86.2,84.8,86.6,84.4,86.1,84.7,83.5,83.8,82.9,81.9,82.8,82.9,81.3,83.9,82.7,82.8,83,83.7,83.1,81.5,84.5,84.7,84.6,83.2,83.7,83.8,85,83.7,84.6,84.9,83.6,82.3,83.6,84,83.7,84.6,82.6,81.3,84.8,81.1,82.4,81.1,81.9,82.4,81.5,80.9,79.9,81.7,80.7,82.3,80.5,81.9,81.9,81.1,80.8,84.3,81.8,82.7,83.5,83,83.4,80.8,78.7,78.2,80.7,80.9,80.2,78.4,79.3,79.6,79.8,80,77.8,80.3,79.7,79.6,80.6,81.5,81.4,80.4,80.9,81.6,78.1,80.8,79.6,78.8,78.4,79.7,78.1,79.1,80.5,78.1,80.3,78.7,79.4,78.9,80.2,80.6,80.4,79.1,79.4,78.7,78.4,77.5,78.8,78.6,79.2,77.4,79.7,78,77.5,77.6,75.5,76.7,77.5,75.9,77.4,75.6,74.2,75,74.7,73,74.5,77.1,75.3,76.7,72,75.3,72.2,73.5,74.5,77.1,74.8,74.5,73.2,72.9,75,75.2,73.8,74,75,74.6,74.1,74,75.1,74.1,73.6,72.6,73.2,74.1,71.7,72.8,73,73.6,72.3,74.1,74.7,74.3,74.1,71.5,75.9,74,73.7,73.9,74.8,73.9,74,74.2,75.7,75.1,73.3,,,,,,,,,,,,,,,,,,,,,,,,,,,
masterfile47,35,ANTARES 230,CRS-8E (OA-8E),ISS RESUPPLY,NASA,ORBITAL ATK,12 NOVEMBER 2017,12:19:51.000,LAUNCH NOISE,MARS PAD 0A,ACRP PROJECT 02-81,BLUE RIDGE RESEARCH AND CONSULTING,Chincoteague,CHNCTG,315,NONE,46,"1/2"" MICROPHONE FREE-FIELD",PCB 377B02,154674,12.98,SKY,YES,YES,PCB PRM831,036841,LD-831,GEOGRAPHIC,WGS 84,37.957447,-75.336684,1.5,CONTINUOUS LOW-LEVEL MECH TONAL NOISE 100 HZ,NONE,,,,,,,,,,,,,,,,,,,,,,,,,,,,,,,,,,,,,,,,,,,,,,,,,,,,,,,,,,59.5,57.4,58,59,56.6,57.9,56.2,56.6,58.7,57.9,57.9,58.9,70.4,82.7,91.1,96.4,97.5,97.3,99,99.8,103,104,104.1,104.2,103.2,103.6,105.8,105.2,106.7,107.1,105.4,102,101.7,99.2,98.6,97.9,92.6,88.3,89.6,90.9,90.9,90.2,92.1,92.3,91.2,91.6,92.1,91.2,89.4,87.3,87.2,87.3,89,92,92.8,92,95,93.7,94.7,94.3,92,92.6,90.9,92.9,95.8,98.2,99.3,100.8,101.5,102.3,101.2,101.4,101.4,101.6,99.3,100.6,101.1,100.9,100,100.7,99.7,100.1,101.5,100.2,101.1,101.3,100.6,98.9,99.1,100,99.4,99.3,100.4,97.4,97.3,98.9,96.4,96.8,95.1,95.6,96.5,97.3,96.7,96.7,94.8,93.2,93,93.3,93.7,94.4,90.8,91.6,92.1,92.2,93.6,92.4,92.7,91,92.1,90,90.2,91,90.4,91.3,89.2,90,91.3,89.7,90.4,88.9,90.3,91.7,90.8,91.4,91.2,90.4,90.4,90,90.8,89.7,91.4,90,87.5,90,85.8,87.2,86.6,86.4,88.5,86.1,87.8,85.9,85.3,86.8,85.1,85.6,88.2,86.5,86.8,84.5,89.1,86.6,86.4,86.4,85.4,87.3,86.5,86.9,88.7,87.2,85.6,86.8,84.9,85.1,83.5,84.7,85.2,83.7,85,83.7,83.9,84.6,85,82.6,84.4,83.8,83.6,84.5,84,82.7,81.6,84,83.2,83.1,82.5,80.7,82,82,81.8,81.5,83.4,81.4,82.6,82.1,81.6,81.6,80.7,82,80.7,80.1,82.8,82,81.4,81.4,82.3,81.6,80.5,81.5,81.6,81.2,81,81.6,81.8,81.6,80.9,81.1,79.1,81.4,80.9,78.5,79.4,79.9,78.9,77.7,77.9,78.8,79.9,77.9,78.1,78.4,78.6,78.9,77.3,77.8,79.8,75.6,78,75.8,75.5,75.5,75.7,78.6,78.9,76.4,78,76.4,76.6,76.2,75.3,77.5,77.2,76.8,76.7,75.6,78,77.5,76.6,77.1,76.5,75,76.3,76.2,76.5,77.5,75.9,77.2,76.5,76.3,74.2,77.3,74.7,74.9,75.1,75,75.8,76.6,75.9,74.8,74.9,73.3,75.9,75.4,76.2,74,76,74,75.7,75.5,74.8,75.8,75.4,77,76.5,80.4,77.2,75.2,75,73.8,77.4,74.4,75.1,74.4,75.9,75.3,75.8
