;HEADER SIZE...................,32                                             
;VEHICLE NAME..................,FALCON 9 BLOCK 4                               
;MISSION NAME..................,CRS-15                                         
;MISSION TYPE..................,ISS RESUPPLY                                   
;MISSION OPERATOR..............,SPACE EXPLORATION TECHNOLOGIES CORP.           
;MISSION CUSTOMER..............,NASA                                           
;LAUNCH DATE...................,29 JUNE 2018                                   
;LAUNCH TIME  (UTC ZULU).......,09:42:42.000                                   
;EVENT DESCRIPTION.............,LAUNCH NOISE                                   
;EVENT SITE....................,SLC-40, CAPE CANAVERAL AIR FORCE STATION, FL   
;PROJECT.......................,ACRP PROJECT 02-81                             
;ORGANIZATION..................,BLUE RIDGE RESEARCH AND CONSULTING, LLC        
;RECORDER LOCATION.............,NASA Causeway                                  
;RECORDER LOCATION SHORT NAME..,CSWY                                           
;SAMPLES TOTAL.................,333                                            
;RUN NOTES.....................,NONE                                           
;CH NUMBER.....................,22                                             
;CH DESCRIPTION................,1/2" MICROPHONE PRES-FIELD                     
;TRANSDUCER MODEL..............,PCB 377B11                                     
;TRANSDUCER SN.................,126878                                         
;MEAS SENS (mV/Pa).............,46.186                                         
;ORIENTATION...................,GRAZING                                        
;WINDSCREEN....................,YES                                            
;GRID..........................,YES                                            
;PREAMP MODEL..................,PCB 426E01                                     
;PREAMP SN.....................,18834                                          
;RECORDER MODEL................,NI-9234                                        
;COORDINATES...................,GEOGRAPHIC                                     
;DATUM.........................,WGS 84                                         
;LATITUDE......................,28.499815                                      
;LONGITUDE.....................,-80.589733                                     
;MICROPHONE HEIGHT AGL M.......,3.7                                            
;CH NOTES......................,ACTIVE PUBLIC ADDRESS SYSTEM                   
AMBIENT,84.8,69.1,73.3,65.6,63.0,60.6,58.1,56.2,55.2,54.0,52.9,56.4,56.3,52.2,52.6,52.1,54.5,59.2,64.9,60.6,64.8,61.0,65.0,66.7,61.6,55.1,53.5,53.7,45.3,43.0,37.6,35.8,34.3,38.7,41.7,31.3,28.1,29.5,28.4
09:42:29.000,83.1,55.4,62.9,65.6,64.1,59.0,56.6,54.3,52.7,54.3,51.2,53.3,53.1,50.0,49.9,46.6,46.5,48.4,49.4,38.7,42.9,40.9,43.5,41.2,36.8,35.8,35.3,35.3,34.3,31.9,30.3,36.1,35.9,38.7,42.3,31.7,28.3,30.1,29.2
09:42:30.000,80.3,60.0,66.5,58.8,58.5,56.1,53.3,51.5,50.7,54.2,48.4,54.2,55.4,50.0,46.4,48.4,52.6,53.5,58.3,57.8,57.3,54.8,58.8,57.6,44.5,41.8,41.7,44.8,37.2,34.4,31.1,36.3,36.4,38.5,42.2,31.6,29.5,30.1,29.4
09:42:31.000,74.4,48.4,61.0,56.7,59.2,55.0,50.4,52.7,54.5,51.1,50.7,55.8,56.3,50.5,50.7,47.0,50.0,48.7,43.0,41.4,35.9,35.8,34.6,34.6,35.3,33.6,33.3,32.9,33.3,30.8,29.4,37.3,37.4,38.4,41.9,31.5,28.3,30.0,29.2
09:42:32.000,81.1,70.2,73.7,63.8,64.6,60.5,57.4,53.8,53.9,54.3,49.8,57.2,58.3,49.2,49.4,46.2,50.2,59.6,54.4,52.2,69.8,58.7,70.7,68.4,66.1,57.0,51.9,53.8,50.6,39.6,39.0,37.5,36.1,38.8,41.7,31.5,28.8,30.6,29.6
09:42:33.000,79.4,73.8,76.7,66.2,61.4,55.4,52.8,48.8,50.8,53.5,50.9,56.9,58.2,50.5,50.3,48.0,51.0,58.7,47.7,55.9,70.4,58.1,66.9,71.6,61.7,64.8,62.0,60.9,51.0,43.8,37.1,36.3,36.2,38.8,42.0,31.7,29.1,30.7,29.6
09:42:34.000,80.6,62.7,69.0,54.1,53.8,56.2,57.4,54.3,53.8,53.5,54.3,59.6,58.1,51.6,48.8,48.4,52.2,53.6,52.9,57.5,61.2,56.4,58.3,51.7,48.1,42.6,41.0,42.3,45.6,45.8,33.5,36.4,36.7,38.2,42.7,32.0,30.0,31.5,30.1
09:42:35.000,89.3,64.1,68.3,66.8,61.0,55.1,54.8,53.9,54.1,57.0,52.6,55.1,55.4,51.1,51.1,47.4,53.1,54.6,56.4,49.9,49.7,47.0,49.9,51.9,47.6,43.0,43.3,44.2,39.2,35.6,32.4,35.9,36.7,38.8,42.2,31.6,29.0,30.5,28.9
09:42:36.000,86.9,70.3,73.2,68.6,64.2,60.6,58.2,56.0,54.0,54.0,52.8,60.1,57.9,49.9,50.0,46.5,51.1,55.2,61.4,55.3,61.6,54.0,65.5,73.7,61.7,53.3,52.0,57.5,43.9,41.8,37.6,37.1,36.6,38.1,42.1,32.6,28.4,29.6,28.6
09:42:37.000,80.3,70.8,73.3,65.3,62.3,58.8,55.5,52.5,51.9,54.0,54.3,56.9,56.2,50.3,49.0,48.3,54.9,54.1,50.6,57.3,50.9,50.7,61.4,65.1,63.1,56.2,51.4,47.8,42.1,39.0,35.3,36.1,36.3,38.5,41.9,31.4,26.7,28.5,27.2
09:42:38.000,82.7,70.6,74.2,67.3,65.4,55.4,57.0,55.3,54.3,54.5,50.9,54.1,55.0,53.9,54.1,50.6,55.2,56.9,53.4,57.6,67.2,58.7,67.7,67.8,59.2,52.3,48.4,45.9,42.8,39.9,37.4,37.1,36.1,38.3,41.7,31.2,26.6,28.4,27.3
09:42:39.000,87.7,63.8,70.1,67.8,61.9,58.1,58.4,57.1,56.1,54.4,51.6,53.6,57.3,50.6,49.9,52.2,60.8,58.9,53.7,59.4,62.6,55.7,56.0,56.2,53.2,51.7,50.7,54.3,47.1,41.0,37.5,36.5,33.8,38.2,42.9,31.7,26.6,27.9,27.1
09:42:40.000,82.4,64.6,71.8,62.6,60.8,58.7,51.2,51.9,54.8,54.5,56.0,57.4,56.6,51.4,51.5,53.5,59.2,61.3,56.8,58.4,68.5,57.3,52.1,51.7,50.7,49.1,49.0,47.3,46.1,45.2,39.3,37.5,33.9,39.2,41.8,31.8,27.8,29.0,27.3
09:42:41.000,80.2,69.8,73.0,64.4,61.7,65.2,63.7,61.5,56.3,57.6,57.5,55.5,57.1,53.7,52.7,56.2,58.9,57.7,57.0,59.3,61.3,57.8,61.6,70.2,64.2,60.1,54.1,48.6,44.3,42.1,39.8,36.7,32.5,38.6,42.2,31.7,28.5,29.3,27.7
09:42:42.000,90.6,57.3,65.7,63.0,59.1,54.8,57.2,53.1,55.2,49.7,54.5,55.6,56.6,54.3,52.3,56.7,56.5,53.9,52.4,48.9,48.0,45.6,45.4,50.2,50.1,47.1,44.7,42.6,40.1,37.5,33.9,33.8,32.2,38.3,41.9,31.4,28.0,30.0,28.8
09:42:43.000,86.9,53.2,64.8,67.6,61.0,56.6,59.5,59.6,57.6,55.4,54.9,54.0,58.7,53.0,49.8,56.2,55.5,49.6,48.1,43.8,44.9,42.0,42.2,43.9,45.5,45.0,42.7,41.2,38.6,36.8,33.4,34.1,31.8,38.4,41.6,31.6,29.3,30.6,29.5
09:42:44.000,84.4,63.9,69.3,68.2,66.9,62.2,61.2,59.9,57.1,52.2,52.2,58.0,56.5,53.6,51.5,53.2,52.0,46.5,52.9,54.2,57.6,54.2,57.9,50.5,46.3,45.8,45.8,45.7,44.1,41.6,36.6,35.3,31.9,38.4,42.4,31.8,28.7,30.0,28.7
09:42:45.000,83.0,70.4,74.8,65.5,68.1,64.3,60.0,52.2,52.5,53.3,51.5,59.8,59.0,50.3,49.6,51.4,52.3,60.8,69.9,54.6,60.1,66.1,63.5,68.0,54.0,47.1,46.4,54.8,48.5,48.9,35.8,35.0,31.6,38.7,40.5,31.0,27.1,28.4,27.6
09:42:46.000,86.9,73.8,76.8,60.7,56.9,59.9,59.9,51.5,54.7,56.8,52.3,56.8,59.1,48.8,49.1,50.1,53.1,59.7,65.1,60.1,63.5,63.7,72.1,75.1,66.9,61.4,55.7,55.1,50.1,48.4,46.3,39.2,33.6,38.3,41.7,31.2,26.9,28.5,28.0
09:42:47.000,88.7,75.7,78.1,74.1,70.5,62.7,61.5,59.2,56.4,53.7,46.5,53.8,54.5,46.6,48.1,50.9,50.6,63.8,68.8,58.9,65.6,66.3,66.0,72.2,72.5,61.3,64.3,60.9,47.6,45.7,38.9,35.3,32.7,39.2,40.9,31.3,28.6,30.1,29.5
09:42:48.000,87.5,72.8,75.8,66.7,61.4,59.3,59.4,59.3,58.0,54.4,52.1,55.8,56.5,50.3,48.8,52.5,53.6,59.8,66.7,55.6,59.9,66.9,63.5,72.9,67.7,60.8,57.9,56.2,47.1,46.7,44.2,37.9,31.7,38.8,41.4,30.5,27.8,29.0,28.9
09:42:49.000,87.3,70.8,74.8,68.4,67.5,62.5,60.4,56.8,54.6,52.2,52.9,55.3,55.2,50.0,49.1,51.1,52.6,62.8,60.7,60.0,68.8,63.0,68.5,70.1,63.3,53.3,52.9,55.8,46.2,43.5,34.6,34.3,32.4,38.4,41.8,31.4,29.0,30.1,29.2
09:42:50.000,83.7,68.3,72.4,62.0,60.4,56.2,55.6,55.3,53.0,51.1,50.4,56.9,54.2,50.6,48.6,49.3,51.6,57.0,58.8,61.3,63.7,60.3,57.4,63.1,56.1,49.9,49.0,49.0,40.3,37.9,33.2,34.3,32.4,39.2,41.2,30.7,27.6,28.4,27.7
09:42:51.000,83.2,69.8,74.3,57.8,54.9,59.0,55.3,55.7,55.2,51.5,49.8,55.1,56.5,49.8,47.8,48.7,51.2,60.3,66.5,59.4,63.6,63.8,65.5,62.7,59.7,47.6,48.9,56.2,48.4,45.8,35.8,33.0,33.1,38.9,41.2,30.4,26.6,27.5,27.2
09:42:52.000,89.2,66.1,71.9,69.0,67.8,64.1,61.2,54.2,53.5,52.5,47.1,53.6,53.9,48.6,52.2,48.8,51.5,54.4,63.1,58.5,58.1,54.7,55.2,51.1,44.5,40.9,42.6,42.0,38.7,36.2,32.2,33.2,33.0,38.4,41.4,31.4,28.1,29.3,27.9
09:42:53.000,83.6,70.1,77.3,53.7,49.5,51.9,52.0,47.8,52.8,49.6,52.9,51.8,52.1,50.9,55.3,53.3,57.9,64.6,73.6,69.1,75.0,66.3,61.8,57.7,50.5,45.7,46.5,56.0,41.4,40.3,36.2,33.3,32.7,38.4,38.5,29.3,26.0,27.3,27.0
09:42:54.000,86.7,71.5,76.1,68.4,65.6,61.5,58.7,56.6,56.1,51.8,50.8,55.7,53.4,52.1,50.2,54.3,52.1,62.7,71.3,64.7,66.6,64.3,73.2,69.8,63.1,53.8,50.6,44.9,44.1,45.0,44.1,38.9,33.5,39.0,40.6,30.1,27.2,28.4,27.3
09:42:55.000,83.7,66.3,73.1,66.4,64.7,61.0,54.3,52.7,50.6,49.1,50.2,55.8,53.3,52.4,55.3,54.2,53.7,61.6,68.8,61.0,64.8,67.9,61.8,58.1,53.9,48.6,51.6,47.7,37.1,34.7,34.4,33.9,31.4,38.4,41.1,30.8,28.5,29.9,28.0
09:42:56.000,81.1,60.6,70.2,59.6,60.4,57.6,53.3,55.5,52.3,51.6,52.5,56.1,53.0,54.4,58.6,52.7,51.5,58.6,66.5,60.1,59.7,55.4,52.6,50.0,44.9,40.6,40.1,38.6,36.6,34.4,34.6,34.7,32.1,38.9,41.5,30.9,28.5,29.4,27.6
09:42:57.000,77.3,62.3,71.8,58.1,59.6,56.0,52.2,51.8,54.9,54.2,53.9,56.0,56.1,57.2,58.9,56.3,52.3,60.2,67.6,62.4,61.2,55.5,55.0,53.0,47.0,40.3,40.5,37.8,35.0,33.4,31.1,33.0,32.5,38.4,41.5,30.8,26.8,28.5,27.1
09:42:58.000,79.8,64.6,74.0,62.3,60.9,58.3,56.6,53.7,56.3,53.9,54.8,54.5,56.8,59.8,59.7,56.3,55.2,64.4,71.5,64.8,63.5,57.7,57.4,55.7,50.8,43.3,43.9,40.9,36.9,33.5,31.5,34.0,33.3,38.2,41.1,30.3,26.7,27.9,27.1
09:42:59.000,82.9,64.2,73.7,59.5,54.9,56.6,55.0,54.6,54.7,53.6,52.7,58.5,58.5,60.1,61.6,53.5,54.1,63.7,70.5,62.9,62.8,57.6,59.2,55.2,50.1,43.6,45.0,41.3,36.5,33.4,31.2,33.1,31.7,38.1,41.2,30.6,27.4,28.5,27.3
09:43:00.000,87.7,61.4,71.5,69.0,64.3,68.9,68.8,61.1,61.2,57.7,54.5,60.2,58.4,57.8,54.8,53.4,53.6,62.3,68.1,60.4,58.0,53.8,56.2,52.1,47.0,40.5,41.1,39.2,36.3,33.7,32.2,32.4,28.1,37.6,41.0,29.8,28.7,30.2,28.5
09:43:01.000,81.2,64.1,72.9,59.0,60.9,65.0,64.1,57.6,53.0,56.7,51.7,59.1,57.4,53.5,54.3,55.8,53.8,65.4,68.9,63.7,62.2,58.6,58.1,54.8,50.8,45.2,43.3,42.5,37.4,35.7,33.2,32.7,28.9,34.5,39.4,28.9,27.1,28.4,27.4
09:43:02.000,84.2,65.6,73.6,64.3,61.5,66.0,64.6,60.0,53.5,55.5,52.2,55.6,57.3,57.0,57.7,56.8,55.5,66.7,68.5,63.4,62.0,57.3,60.0,59.8,55.8,50.3,50.3,44.0,40.1,38.1,34.1,33.9,28.5,34.9,39.8,29.1,26.6,27.3,26.9
09:43:03.000,83.6,63.7,73.1,64.4,63.2,57.5,63.8,61.7,55.8,57.3,48.0,55.8,56.3,57.0,55.6,58.7,56.1,65.0,68.9,63.3,61.3,57.0,59.3,56.1,51.2,45.9,46.4,43.7,40.0,38.1,34.8,34.0,30.3,36.5,41.5,30.2,27.4,28.8,27.5
09:43:04.000,83.8,64.2,74.7,67.4,69.5,74.0,73.5,67.2,58.8,58.6,56.8,58.5,56.9,57.4,57.5,59.2,57.5,68.1,71.1,62.8,60.9,56.9,57.1,55.6,51.2,46.1,45.6,42.8,39.9,37.7,34.8,33.7,29.5,34.8,38.7,28.6,28.1,29.6,27.8
09:43:05.000,82.4,64.6,73.8,68.7,67.6,73.5,72.5,66.6,59.9,60.9,60.2,61.2,58.9,59.3,57.0,57.3,57.9,66.0,69.7,63.0,62.8,58.0,60.5,59.4,53.3,49.1,48.5,45.6,41.3,44.2,36.8,34.2,30.9,34.8,38.4,29.4,29.0,30.0,28.2
09:43:06.000,86.8,64.3,76.2,67.4,70.1,75.1,78.4,75.9,66.4,65.1,64.1,66.3,63.1,65.5,63.8,60.3,60.4,68.3,68.3,61.6,60.8,57.4,58.0,57.9,51.4,47.4,47.6,47.3,42.2,42.2,36.7,34.5,30.6,35.0,37.6,28.3,27.3,28.4,27.3
09:43:07.000,87.3,64.1,78.9,72.6,73.9,80.5,79.7,68.9,69.7,71.8,72.7,70.9,66.1,69.5,66.4,62.4,63.8,68.4,68.6,63.5,61.7,57.5,56.6,55.5,50.9,46.2,46.1,43.5,39.6,37.3,34.1,32.8,28.7,34.1,34.0,26.4,27.0,28.2,27.6
09:43:08.000,89.6,64.4,81.1,73.2,80.8,83.8,77.6,73.8,71.7,72.1,73.0,71.5,71.3,70.5,68.5,67.2,65.4,66.2,68.9,62.8,61.9,57.3,58.0,56.7,51.7,46.0,46.8,43.6,39.0,35.4,32.1,32.5,27.1,33.0,31.6,25.8,26.6,27.7,27.2
09:43:09.000,92.3,65.5,83.9,76.6,77.5,81.8,85.8,86.5,79.7,77.3,72.8,74.1,75.1,75.7,72.0,68.7,67.6,69.0,68.9,64.5,63.3,59.1,58.7,56.6,51.8,46.7,47.1,44.5,41.0,38.9,34.6,34.5,28.3,32.8,31.4,26.4,27.9,28.6,27.7
09:43:10.000,89.9,67.3,84.0,81.4,77.3,78.9,79.0,81.3,74.3,76.4,75.1,78.1,76.9,75.0,73.0,71.9,71.3,70.0,71.3,68.2,65.9,62.3,60.5,57.3,52.2,47.2,46.3,43.8,38.4,35.6,32.0,33.4,28.5,34.8,32.9,27.5,28.5,28.0,27.3
09:43:11.000,91.3,69.2,87.0,71.5,80.4,82.0,76.7,80.2,79.0,78.4,79.2,83.4,80.3,79.5,75.9,75.8,71.8,71.7,72.0,71.2,67.2,63.7,62.0,57.4,54.6,49.7,46.6,44.3,39.5,36.5,33.4,33.0,27.1,32.2,34.7,25.7,26.3,26.8,27.0
09:43:12.000,93.2,70.3,88.4,73.6,78.6,85.7,83.9,85.8,79.3,81.3,82.0,80.4,82.1,78.4,77.4,76.0,74.0,72.3,74.0,71.5,69.6,65.0,62.7,59.6,55.2,50.6,47.8,45.4,40.5,37.4,34.0,33.4,28.7,33.8,33.2,26.3,27.4,28.5,27.6
09:43:13.000,94.2,69.8,89.6,73.4,81.0,82.3,86.5,86.5,80.3,85.2,85.5,81.6,82.8,81.4,79.2,75.2,75.0,71.7,71.1,70.0,67.4,64.2,61.1,58.8,54.2,49.3,47.7,44.5,39.1,35.7,33.0,32.9,27.5,32.1,34.6,26.1,26.6,27.8,27.2
09:43:14.000,95.5,71.6,90.3,74.9,80.7,87.9,85.9,86.6,85.9,81.8,82.2,81.2,81.9,81.7,78.8,78.7,76.4,74.2,72.9,70.2,69.3,66.0,62.8,62.5,58.0,53.0,51.1,47.6,42.1,37.6,33.9,32.4,27.2,33.4,35.1,25.8,27.1,28.2,27.3
09:43:15.000,97.9,74.8,93.1,78.8,83.6,85.8,92.5,90.0,86.0,87.2,87.9,85.1,85.0,84.7,83.4,81.8,78.1,77.7,76.7,74.3,74.4,71.2,67.6,63.8,60.8,56.6,53.4,50.9,45.7,41.7,37.2,33.5,29.0,33.4,35.7,26.3,26.8,28.5,27.7
09:43:16.000,102.5,77.3,98.4,85.1,86.0,89.5,93.8,93.6,92.1,93.1,95.0,93.2,89.7,89.5,84.9,83.7,81.8,79.0,78.7,78.1,75.6,72.6,68.9,65.9,64.9,63.2,59.9,56.6,50.3,46.1,40.9,37.3,31.7,32.6,36.0,26.3,25.8,26.4,26.8
09:43:17.000,107.8,83.1,105.5,75.7,81.6,91.3,96.7,91.5,94.6,96.9,100.4,102.0,99.2,98.7,96.7,94.3,87.9,83.3,82.2,81.1,82.2,75.9,74.1,70.2,65.3,63.6,60.4,57.8,56.7,53.9,49.0,44.7,43.3,38.7,37.2,28.0,25.7,26.0,26.6
09:43:18.000,109.4,84.2,106.9,89.0,88.9,84.6,88.2,95.2,96.5,94.9,97.5,103.3,100.6,100.3,98.5,97.0,91.2,83.8,82.7,80.7,81.8,77.5,72.5,67.7,65.4,61.9,59.5,57.5,54.9,52.2,49.2,46.5,41.1,37.6,36.5,27.9,26.9,27.4,27.3
09:43:19.000,107.1,80.1,103.8,88.8,89.7,92.3,96.1,96.7,98.6,97.6,99.3,98.5,96.9,96.1,89.8,89.2,83.4,81.0,79.0,77.0,77.1,75.1,71.0,67.4,64.5,60.3,57.1,55.6,49.2,44.8,39.2,35.5,31.4,31.4,36.6,28.6,29.1,28.2,27.3
09:43:20.000,107.9,84.5,106.0,86.5,87.4,88.9,90.5,92.5,93.3,99.3,95.9,100.9,96.8,99.5,101.5,92.1,88.7,82.4,81.8,80.9,80.8,80.0,73.2,70.0,69.0,65.8,61.7,60.5,55.7,51.1,45.9,39.7,34.9,34.0,37.3,26.5,25.6,26.3,26.8
09:43:21.000,110.6,88.8,108.6,89.2,93.7,95.0,93.8,93.6,95.6,101.9,101.8,100.9,101.8,102.7,100.4,98.3,96.1,88.6,89.5,88.4,83.0,82.7,79.9,77.7,73.4,71.2,66.5,62.6,61.0,58.3,55.0,50.4,43.2,38.0,36.9,28.2,28.4,29.0,28.0
09:43:22.000,113.4,91.3,111.2,87.0,87.3,86.6,96.3,96.1,102.5,101.4,105.9,105.2,104.5,102.7,103.6,99.9,95.6,91.8,90.3,89.6,85.8,86.7,84.3,78.5,76.6,74.5,71.2,65.3,64.4,58.8,55.3,52.9,46.8,42.2,38.6,29.2,26.8,26.8,26.9
09:43:23.000,113.6,93.6,111.4,87.3,92.0,92.3,98.2,98.7,99.6,105.2,105.1,105.5,104.2,105.0,104.2,99.4,96.5,94.3,92.1,92.7,92.2,89.5,89.1,85.7,79.8,77.8,71.4,68.1,64.5,62.7,60.9,54.7,49.7,43.4,38.5,30.1,26.4,25.9,26.6
09:43:24.000,116.2,93.7,113.7,88.3,91.8,94.8,102.1,105.3,105.7,107.4,107.4,108.9,108.5,106.5,105.6,102.4,99.9,95.4,93.5,90.3,89.6,89.0,85.7,83.8,79.9,78.4,76.1,72.8,69.7,69.6,66.1,62.1,56.7,51.7,44.6,36.6,31.3,27.9,27.2
09:43:25.000,116.4,95.0,114.0,89.8,90.5,89.4,95.5,99.9,107.6,103.8,110.3,107.4,108.7,105.9,104.9,102.6,100.8,96.1,95.5,93.3,91.1,87.7,86.9,87.3,85.8,81.9,77.7,75.8,73.9,72.5,71.4,69.3,63.3,57.3,50.9,45.6,37.3,30.0,27.3
09:43:26.000,115.6,95.2,113.3,85.8,92.0,93.4,97.7,100.2,106.6,107.3,106.4,106.6,107.4,104.1,105.0,103.0,98.9,94.8,93.5,92.9,89.2,86.6,86.6,87.1,83.2,81.6,79.5,76.5,74.3,73.8,71.6,70.5,68.5,65.1,60.2,54.9,46.6,38.9,32.5
09:43:27.000,116.5,98.2,113.8,91.4,97.5,98.9,100.0,102.4,108.1,108.8,108.6,105.8,107.7,105.4,104.7,101.4,98.2,88.7,93.0,96.1,95.0,94.2,91.2,89.0,89.9,87.2,86.2,83.1,79.4,77.1,74.6,71.2,69.0,67.5,62.5,57.1,54.9,49.1,38.9
09:43:28.000,116.4,98.3,113.1,88.2,87.6,92.5,95.9,107.5,107.7,108.9,110.1,106.9,103.8,105.0,102.1,100.3,94.7,88.0,91.2,92.1,94.8,92.9,87.7,92.7,90.1,90.5,87.5,86.5,84.2,82.0,78.6,77.1,76.3,73.5,69.5,66.4,62.0,55.6,48.2
09:43:29.000,117.4,94.4,113.6,94.8,97.9,98.9,102.4,105.3,111.8,111.4,107.5,107.4,105.4,105.6,101.8,98.5,92.6,90.5,95.2,94.9,91.4,86.2,83.8,86.5,84.6,84.5,81.5,81.6,78.9,76.3,76.3,76.1,74.9,72.0,67.1,62.0,57.9,51.8,44.8
09:43:30.000,116.4,94.5,112.9,100.2,102.7,101.7,103.9,103.9,104.6,109.7,110.1,106.7,106.4,103.2,100.8,94.1,86.9,93.5,94.9,92.7,90.3,87.2,89.6,87.7,86.3,82.8,81.0,77.2,75.0,73.0,71.0,67.2,64.8,61.8,57.6,51.8,44.4,35.4,28.7
09:43:31.000,116.0,97.3,112.4,98.4,102.0,101.9,99.7,104.7,108.5,105.7,105.9,108.0,104.7,103.4,100.7,90.6,92.8,95.4,97.4,97.3,94.5,90.5,93.1,88.0,88.3,84.0,83.1,80.2,77.5,75.9,74.9,73.0,70.9,68.4,66.2,63.7,59.4,52.5,42.6
09:43:32.000,116.6,98.2,112.8,95.5,98.8,102.2,108.0,107.2,111.7,104.5,105.1,107.0,106.0,102.7,97.4,92.2,97.1,102.3,100.6,98.2,90.9,94.3,90.5,88.8,86.9,86.8,83.9,80.7,79.2,77.6,74.4,71.2,66.7,66.9,63.7,61.1,55.9,49.5,39.3
09:43:33.000,116.1,96.6,112.2,95.5,99.2,101.6,103.7,105.9,107.3,110.2,106.1,106.1,107.1,101.4,95.2,86.7,95.8,100.0,100.2,93.6,94.4,94.6,89.4,89.2,87.1,82.8,77.8,79.1,78.1,76.3,75.4,73.3,72.4,69.0,67.2,65.0,60.7,52.6,44.4
09:43:34.000,115.3,89.5,110.0,95.7,102.9,104.8,105.7,106.2,109.6,106.6,102.8,104.5,102.8,96.8,91.5,89.1,95.6,97.7,94.3,84.9,81.6,80.5,77.2,75.9,75.0,72.1,70.2,66.6,64.9,61.5,59.0,55.5,51.8,49.1,44.7,42.0,38.6,33.8,28.9
09:43:35.000,114.9,89.8,109.7,94.3,100.9,106.1,105.8,108.5,107.0,107.2,103.9,103.3,98.3,98.5,87.6,90.6,97.0,96.8,91.0,86.2,90.6,83.9,80.5,77.8,74.5,69.6,67.5,66.3,63.4,59.6,55.6,54.3,48.7,44.0,36.9,30.6,27.8,26.9,26.6
09:43:36.000,114.4,93.3,108.9,98.0,103.5,104.5,105.1,103.8,105.6,101.2,105.5,104.0,98.5,95.8,87.6,91.4,95.6,98.0,93.3,88.2,93.7,87.7,89.9,85.0,83.0,80.7,77.3,75.1,72.9,71.2,69.0,65.4,61.6,59.7,56.1,49.8,42.9,34.6,28.3
09:43:37.000,115.2,91.1,109.6,94.5,100.0,106.3,108.3,107.5,107.4,107.0,106.2,97.4,98.5,93.0,85.2,93.0,97.0,97.5,91.8,88.0,90.8,83.3,83.0,80.1,79.3,76.9,74.4,69.3,65.7,64.5,63.0,59.5,56.5,52.3,47.5,43.7,40.3,36.7,31.2
09:43:38.000,113.6,88.9,108.1,97.7,101.8,104.5,103.4,106.1,103.6,101.8,102.3,98.6,98.5,89.5,89.5,94.7,96.5,95.5,87.8,88.3,87.7,82.8,81.7,74.3,71.1,69.3,68.0,65.0,63.2,60.6,56.7,52.0,48.7,42.0,35.1,28.3,26.3,26.4,26.7
09:43:39.000,113.7,91.4,108.1,98.9,102.0,101.6,104.2,105.7,104.9,102.9,104.8,102.0,93.2,87.6,90.0,95.7,96.6,95.2,88.5,92.3,91.1,87.1,84.7,82.8,80.0,76.2,75.3,72.7,67.9,65.6,64.9,64.7,61.6,59.0,51.8,49.3,42.0,33.8,27.6
09:43:40.000,113.2,89.7,107.4,96.9,100.7,103.0,104.0,104.4,105.8,102.8,102.3,98.7,95.1,84.0,91.3,95.2,97.1,93.7,85.4,91.4,86.3,84.9,79.0,76.4,72.6,70.3,68.2,66.5,62.4,57.7,55.7,52.2,49.7,45.1,41.1,34.2,29.9,26.9,26.7
09:43:41.000,112.0,86.7,105.6,94.8,100.4,102.9,103.9,101.9,101.8,100.7,99.7,96.5,95.1,83.7,89.8,93.9,94.7,90.4,81.8,83.7,79.6,82.0,79.9,76.6,70.4,66.7,64.9,60.1,58.2,56.8,53.4,48.2,42.9,35.6,30.7,26.5,26.2,26.4,26.6
09:43:42.000,111.4,86.9,105.7,97.9,97.2,99.1,102.9,101.9,104.4,102.2,98.7,96.6,90.3,84.0,94.0,96.5,96.1,89.1,85.6,88.5,82.2,80.5,76.1,75.7,76.3,72.6,68.3,64.5,60.1,55.7,52.4,46.8,42.8,37.0,30.5,26.5,25.8,26.0,26.7
09:43:43.000,112.0,87.2,106.1,98.9,98.4,101.7,102.0,102.7,102.7,102.1,101.2,96.6,87.6,87.8,93.9,95.8,96.5,91.7,86.6,88.2,82.5,82.5,78.9,72.3,66.9,65.9,63.6,60.3,56.9,55.1,53.2,49.1,42.6,35.8,30.7,25.0,25.5,26.0,26.5
09:43:44.000,112.6,90.1,106.7,100.3,96.3,97.7,98.1,103.0,104.6,106.7,100.3,94.6,87.6,87.9,94.9,96.6,95.6,88.9,90.2,92.2,85.9,87.2,84.7,82.4,78.9,74.0,70.1,68.0,64.3,62.0,61.2,60.0,59.4,52.5,45.7,39.9,35.9,31.7,28.0
09:43:45.000,112.6,87.1,105.7,95.5,102.3,102.2,102.3,105.5,101.0,104.2,100.9,95.8,86.4,87.5,95.5,95.8,94.8,88.3,86.7,89.3,84.5,83.5,80.3,77.2,72.6,65.1,65.0,62.9,58.8,56.8,50.7,49.3,41.4,36.1,30.2,26.8,26.9,27.3,27.2
09:43:46.000,112.3,86.7,105.2,104.0,101.0,103.5,103.7,100.4,104.2,103.2,97.8,94.4,84.7,89.6,94.0,97.1,95.0,88.6,89.1,88.6,81.8,79.9,77.9,75.4,73.9,72.6,71.1,68.3,65.7,61.2,56.9,53.0,50.4,45.6,38.0,28.7,27.8,28.6,27.8
09:43:47.000,111.4,87.6,105.3,99.0,100.9,101.4,102.4,102.8,100.1,103.8,98.2,94.2,85.9,90.8,95.5,97.1,93.1,86.3,87.8,85.6,84.5,82.2,80.6,78.7,75.7,73.1,69.1,65.7,62.8,60.2,57.9,55.4,53.1,49.6,44.2,38.3,30.3,27.4,27.2
09:43:48.000,110.9,89.2,105.4,97.5,100.5,99.1,104.2,103.1,103.3,100.6,98.4,96.1,86.5,90.6,95.4,98.4,94.3,86.0,92.2,89.2,88.0,84.3,82.4,79.6,77.5,73.8,68.6,64.6,62.2,59.4,55.1,51.7,48.6,44.5,39.3,32.0,26.9,26.8,26.8
09:43:49.000,110.8,85.3,104.1,96.9,99.1,100.2,97.7,102.5,104.0,98.2,92.6,91.4,86.0,89.5,96.2,95.3,91.3,83.9,89.4,82.8,83.9,79.1,75.2,70.6,69.9,66.5,63.7,60.8,55.9,50.8,47.0,41.7,34.6,29.1,26.3,24.1,25.2,26.0,26.7
09:43:50.000,109.1,81.9,102.1,97.5,98.4,98.7,97.2,96.6,102.1,98.4,94.2,88.1,80.1,87.0,90.9,93.3,89.0,81.9,84.7,77.6,79.1,74.2,70.8,67.3,64.2,60.1,58.0,56.4,50.1,45.9,41.8,36.7,31.0,32.1,30.6,24.6,25.2,25.9,26.6
09:43:51.000,110.8,83.5,102.0,96.4,104.0,103.1,98.4,98.7,101.3,94.4,93.1,92.8,82.4,92.0,92.8,93.7,86.6,83.9,87.7,81.3,82.1,79.4,75.7,72.1,70.1,66.5,63.4,60.4,57.6,56.6,53.6,49.5,45.7,40.2,32.7,26.2,26.7,26.7,26.7
09:43:52.000,109.0,82.7,101.4,98.7,97.2,100.7,100.6,101.1,100.7,95.5,88.3,85.9,81.8,86.9,92.6,91.6,85.7,80.1,85.1,77.1,78.3,76.9,73.7,70.8,67.6,64.1,60.2,55.9,51.2,44.7,40.9,37.5,32.2,31.2,29.3,24.8,26.3,26.6,26.7
09:43:53.000,108.2,82.7,100.9,97.4,98.7,100.6,101.8,98.1,94.3,92.8,93.8,87.8,84.3,91.1,93.7,93.1,87.9,85.0,86.9,80.7,81.2,78.7,75.7,70.6,65.8,61.9,59.9,58.0,50.1,45.7,39.8,35.5,30.9,27.7,26.1,24.8,26.3,26.4,26.8
09:43:54.000,108.6,82.8,101.8,94.7,93.5,98.8,103.0,100.4,98.3,96.7,94.4,83.6,86.3,89.5,92.1,93.2,85.4,85.8,87.2,79.8,79.8,77.5,74.2,69.6,66.8,64.0,62.2,58.2,56.0,51.4,45.3,39.2,40.9,36.5,29.6,26.6,25.9,26.4,26.8
09:43:55.000,107.5,83.4,101.3,92.4,96.7,98.3,100.1,97.8,101.5,95.2,91.7,86.6,83.5,91.2,93.7,94.0,85.6,85.3,87.0,82.6,80.4,78.8,75.3,70.8,67.3,65.3,62.3,57.6,52.4,48.0,41.9,37.0,31.2,30.2,32.7,24.7,26.8,27.1,27.0
09:43:56.000,106.3,81.6,99.5,96.7,94.8,97.6,94.4,93.1,98.3,92.5,94.3,79.3,84.4,91.2,93.5,91.7,82.8,83.0,85.5,81.8,80.3,77.3,73.4,69.9,67.3,63.9,60.8,54.0,46.1,45.0,43.7,38.4,29.4,29.5,31.5,25.9,26.4,27.1,27.0
09:43:57.000,104.7,79.1,98.7,93.5,94.6,93.4,94.7,100.1,97.6,91.9,90.4,81.7,83.6,87.3,94.3,90.8,81.6,82.3,82.8,76.9,75.5,71.8,69.8,66.6,63.6,60.6,55.3,53.2,46.8,43.4,39.1,35.5,29.0,27.8,26.8,24.7,25.3,26.4,27.1
09:43:58.000,106.6,77.6,97.9,98.8,95.8,95.4,97.4,97.4,95.6,93.1,85.2,81.9,85.5,88.4,88.2,88.1,79.9,81.2,79.6,76.9,72.8,70.1,68.1,63.6,60.5,55.5,54.2,53.3,45.0,40.3,35.8,34.1,28.3,27.1,26.8,24.4,26.6,27.3,27.2
09:43:59.000,105.5,78.3,97.3,95.7,97.5,98.1,96.7,91.8,93.9,89.8,90.4,80.3,86.0,89.5,89.0,88.1,78.1,84.1,80.3,79.4,75.4,71.9,67.5,63.3,59.0,53.6,49.5,48.0,43.0,39.1,35.9,35.3,29.7,29.8,32.8,24.9,27.2,27.7,27.4
09:44:00.000,106.2,79.9,98.8,96.8,98.2,98.8,98.9,96.8,94.0,93.4,88.8,76.3,85.7,91.5,92.2,89.1,79.4,84.0,80.9,81.4,77.0,73.7,71.8,67.7,63.3,62.2,60.0,57.4,53.2,49.4,46.0,40.4,34.0,28.8,27.6,25.0,25.7,26.9,27.0
09:44:01.000,104.7,80.2,98.5,95.8,96.4,96.2,96.9,96.6,94.2,93.7,86.4,78.5,84.6,90.8,93.1,86.5,80.9,86.2,83.8,82.2,76.7,73.7,68.5,66.3,62.5,58.2,52.9,48.9,45.8,43.0,38.5,36.8,32.3,31.4,31.1,25.7,26.6,27.3,27.2
09:44:02.000,104.5,77.9,97.2,89.9,97.0,95.4,94.5,96.8,95.9,91.1,88.5,76.9,87.2,89.4,89.3,86.5,80.4,84.6,78.5,78.5,74.3,70.9,68.3,65.4,61.2,56.1,52.1,48.8,41.9,40.0,37.9,36.0,31.4,32.0,33.6,26.3,26.4,26.9,27.0
09:44:03.000,105.4,78.5,95.9,93.9,93.7,95.4,90.7,89.5,92.6,91.4,87.3,76.9,82.8,89.2,85.5,84.9,78.2,84.7,78.7,79.4,76.6,72.8,70.5,67.8,66.0,60.6,56.7,52.5,46.3,41.7,36.8,33.4,29.6,27.6,27.3,25.2,26.6,27.9,27.7
09:44:04.000,104.3,79.3,97.1,89.2,97.7,96.1,90.4,93.1,88.6,89.9,86.2,79.7,86.2,88.8,90.6,86.9,80.1,85.5,79.6,80.7,77.3,72.4,69.1,67.3,61.4,55.8,51.3,47.1,42.8,38.1,33.5,32.4,28.4,33.2,31.9,25.0,26.9,28.1,28.2
09:44:05.000,104.8,78.4,97.1,83.2,91.3,95.3,95.8,97.4,90.9,92.6,84.8,75.4,85.0,90.7,89.8,84.3,79.1,83.3,77.9,77.6,76.8,72.6,70.5,67.9,64.2,60.5,56.0,53.7,48.4,43.8,37.6,33.6,27.3,30.2,32.5,24.7,27.2,27.6,26.9
09:44:06.000,104.7,75.7,96.0,97.2,91.1,93.9,92.1,92.5,89.9,90.3,85.3,77.1,84.1,90.8,88.9,84.7,78.5,82.3,74.1,74.8,71.8,67.7,65.8,64.8,59.3,52.7,51.1,49.4,42.3,40.1,33.9,33.1,27.8,28.4,27.1,24.8,27.3,27.7,27.1
09:44:07.000,104.0,77.6,96.4,90.6,91.5,93.4,92.1,93.9,91.9,91.5,81.5,76.5,85.2,90.2,90.5,84.4,80.1,81.3,76.8,78.1,76.3,71.7,69.0,66.2,62.0,58.2,55.4,54.0,46.3,41.1,34.7,33.8,28.6,29.8,32.7,25.3,27.2,27.6,27.1
09:44:08.000,103.8,77.2,95.3,92.6,95.6,93.6,93.6,95.0,92.4,86.5,81.5,76.9,86.4,89.1,88.1,84.7,80.2,83.3,78.6,79.5,75.3,71.7,69.9,67.9,62.8,57.2,54.2,51.7,47.3,42.8,34.9,33.9,28.1,28.9,27.5,24.4,26.2,26.9,26.8
09:44:09.000,101.4,73.6,93.7,95.0,90.8,87.9,89.9,91.2,91.8,87.6,84.9,77.2,85.1,87.3,85.3,82.5,77.4,81.2,73.0,71.7,69.4,67.1,66.3,62.1,57.2,53.1,50.1,46.6,41.3,35.9,32.9,33.1,28.8,33.8,28.3,24.6,26.2,26.3,26.8
09:44:10.000,101.0,73.8,92.8,87.9,93.1,92.6,88.6,87.5,88.4,88.1,81.8,75.3,81.1,87.2,86.7,80.1,78.0,81.2,73.6,72.9,70.1,64.3,63.9,64.4,56.2,52.0,49.9,49.2,43.5,36.6,32.3,32.9,27.7,28.9,27.9,24.9,26.5,27.4,26.9
09:44:11.000,100.9,74.0,92.7,88.5,92.2,91.8,91.8,91.3,90.1,89.1,78.8,74.7,83.3,86.4,86.8,79.6,78.5,80.3,74.7,74.7,73.6,68.3,67.1,63.5,58.0,53.1,49.7,47.8,41.4,36.2,31.2,32.6,29.1,39.7,31.9,25.1,28.2,28.1,27.9
09:44:12.000,101.6,72.0,92.5,91.3,95.2,92.4,93.3,93.3,89.7,84.8,80.1,77.6,82.5,85.0,83.8,80.4,76.2,78.6,73.9,72.5,69.9,63.9,62.5,59.7,55.0,51.3,47.5,44.2,39.8,38.0,35.0,34.2,30.7,31.3,31.3,29.5,28.2,28.4,28.0
09:44:13.000,102.2,73.2,92.1,92.7,94.9,94.3,88.1,88.6,88.7,84.2,80.6,71.5,81.5,86.2,83.8,80.4,77.9,78.8,73.5,72.2,72.6,68.8,65.5,61.5,57.0,51.0,45.0,42.0,39.8,37.6,35.4,34.5,29.0,32.8,34.3,25.4,26.0,26.4,26.8
09:44:14.000,101.0,73.6,93.2,89.5,91.3,89.7,88.3,90.1,90.3,87.1,82.4,76.6,79.2,85.3,86.0,80.8,79.4,79.9,73.5,70.8,69.5,66.9,64.5,61.0,56.1,51.2,47.9,46.9,39.5,44.4,38.9,33.6,29.2,29.7,30.0,25.2,26.1,26.6,26.7
09:44:15.000,99.4,71.5,91.3,89.5,90.2,90.9,92.6,91.3,85.7,83.0,79.8,76.4,83.7,85.8,82.8,78.1,78.8,77.5,73.5,70.4,66.6,63.3,61.2,60.0,53.9,47.8,44.9,47.4,40.1,37.7,32.3,34.1,29.7,37.5,30.9,25.2,27.2,26.6,26.8
09:44:16.000,100.3,70.2,90.5,91.7,93.0,93.1,88.7,84.6,86.4,84.0,78.4,75.2,80.3,84.1,83.9,76.4,75.6,73.1,72.7,70.3,67.3,61.9,59.3,56.3,50.8,45.4,42.3,40.2,36.8,33.4,31.3,33.3,29.5,28.2,28.7,24.5,25.5,26.4,26.7
09:44:17.000,99.5,69.4,91.2,85.3,90.2,93.2,92.9,94.2,89.0,82.5,75.2,75.1,83.1,83.7,82.3,76.4,74.8,74.6,72.1,69.2,66.9,60.4,60.0,57.7,51.7,44.8,41.8,41.4,38.1,33.9,32.5,33.5,30.5,35.1,37.2,25.5,26.0,26.8,26.9
09:44:18.000,99.2,70.3,90.7,90.5,92.4,92.3,92.8,90.2,83.4,82.4,74.0,73.9,81.4,83.7,84.6,77.1,77.2,76.4,71.9,67.9,63.8,61.2,57.3,52.3,48.3,44.3,41.8,41.0,38.6,36.4,36.0,34.1,30.0,41.0,33.4,25.6,29.5,29.7,28.2
09:44:19.000,98.7,69.6,89.2,90.9,86.5,88.1,86.9,86.2,83.9,78.0,74.8,73.1,79.5,82.8,81.6,73.6,76.5,74.2,71.0,69.0,67.3,62.8,59.8,55.9,51.1,46.6,43.0,40.3,37.7,34.7,34.0,35.7,32.7,31.1,32.3,26.4,26.7,27.7,27.3
09:44:20.000,99.5,67.9,87.9,91.9,92.8,88.1,83.3,85.2,80.9,79.0,76.9,75.0,78.5,80.3,80.8,73.2,71.7,72.7,69.8,66.1,65.1,57.3,61.4,60.0,54.8,46.4,43.1,41.6,36.6,32.7,30.7,33.0,29.9,29.3,30.2,24.4,25.4,26.2,26.9
09:44:21.000,98.0,67.5,88.9,87.1,91.4,90.4,90.9,88.7,86.7,81.2,75.5,74.6,78.3,83.9,81.8,72.0,72.4,70.4,69.0,65.3,64.4,58.8,59.1,57.1,52.1,44.9,41.9,38.7,36.3,33.2,31.7,33.2,31.4,38.4,35.6,25.2,26.6,27.0,27.2
09:44:22.000,96.9,67.5,87.5,83.0,88.4,90.2,83.8,83.0,84.6,80.6,71.1,74.5,78.6,80.1,80.2,73.1,75.1,73.1,67.2,63.9,63.4,61.3,56.5,52.5,44.8,42.8,40.1,38.0,36.2,31.1,30.0,32.1,30.8,32.7,34.3,27.1,26.5,26.5,26.9
09:44:23.000,95.6,70.3,89.4,81.7,80.3,83.8,83.3,84.7,85.2,80.5,71.2,72.6,79.3,84.8,83.8,74.6,76.9,77.0,74.0,70.2,67.1,62.4,56.7,53.5,52.0,47.8,43.4,41.0,38.7,34.3,32.8,33.3,29.5,32.8,33.6,27.6,27.5,28.3,28.0
09:44:24.000,97.0,68.5,89.5,88.1,83.4,89.9,90.3,88.2,85.4,78.3,78.0,74.1,82.4,83.5,83.4,74.4,76.4,73.1,70.9,66.3,61.6,55.7,55.9,51.3,46.3,43.7,42.5,40.7,37.6,35.6,32.8,32.4,29.0,31.3,33.0,25.6,27.1,28.1,27.3
09:44:25.000,97.6,71.0,88.6,89.1,86.3,83.3,86.1,85.4,82.8,80.1,75.7,74.9,80.1,83.5,79.5,71.8,73.2,71.2,68.3,67.0,64.0,59.8,68.4,68.4,58.8,53.7,49.0,51.9,42.1,41.4,35.0,34.1,31.0,30.9,31.5,25.7,25.9,26.5,26.9
09:44:26.000,95.4,66.8,86.1,82.1,79.3,83.5,85.8,85.9,82.8,75.9,72.7,73.8,79.3,80.3,76.3,69.4,70.8,67.5,67.7,62.1,63.6,58.8,66.3,62.4,54.4,51.6,48.0,48.7,41.7,40.5,34.7,34.1,32.9,34.6,35.3,25.5,25.7,26.2,26.8
09:44:27.000,96.3,68.9,85.3,84.4,83.2,82.9,84.1,85.3,79.8,75.2,74.0,73.8,75.0,79.1,77.0,68.2,73.0,69.5,66.7,60.7,67.7,62.1,63.0,61.0,50.2,46.4,44.5,49.4,43.6,43.6,36.7,35.5,33.6,41.9,37.6,26.4,28.1,26.4,26.7
09:44:28.000,94.8,65.0,85.3,85.0,83.9,85.8,88.5,84.3,81.7,77.2,74.0,75.3,76.4,78.6,75.4,69.8,71.2,70.1,66.4,61.8,58.7,54.7,53.1,59.0,57.5,46.7,45.3,47.9,40.3,37.2,34.9,34.7,32.6,30.4,31.1,25.3,25.5,26.1,26.7
09:44:29.000,96.0,65.3,85.9,87.2,88.9,85.2,87.8,87.9,83.9,79.3,72.3,70.4,74.9,78.3,76.5,67.8,72.0,69.3,68.1,61.5,58.7,53.8,58.0,59.6,50.4,45.4,45.8,51.1,39.9,37.4,32.8,34.1,32.3,32.9,35.8,26.3,26.6,27.1,27.0
09:44:30.000,98.3,68.7,86.4,85.6,84.7,89.3,86.4,79.5,83.8,79.6,72.7,70.6,77.4,77.2,77.1,68.1,75.9,70.2,65.5,63.1,66.8,57.6,64.6,64.0,56.9,52.9,53.8,52.8,41.6,38.5,33.4,33.0,30.8,33.0,35.1,25.6,27.2,28.4,27.9
09:44:31.000,93.8,67.1,83.9,84.0,80.2,79.1,79.7,80.4,79.7,74.0,70.0,68.9,75.7,78.0,77.2,68.0,71.8,65.6,64.3,62.1,61.9,59.5,64.3,66.3,59.0,48.7,47.6,52.8,41.5,39.4,33.2,33.5,31.9,29.6,31.6,24.9,25.1,25.6,26.4
09:44:32.000,96.4,70.1,85.4,84.8,88.9,86.5,85.3,85.2,81.9,77.6,71.8,69.9,76.9,78.0,76.7,68.4,70.7,64.9,66.4,66.4,61.1,57.7,68.9,70.5,64.3,56.5,49.8,49.2,42.3,41.8,36.2,34.8,33.0,32.8,35.2,26.0,26.1,26.6,26.7
09:44:33.000,95.9,63.9,84.4,82.4,83.0,85.1,83.8,83.1,81.6,76.8,71.9,71.9,75.2,76.1,75.7,67.0,70.5,66.3,64.4,57.8,55.7,55.6,54.1,54.5,48.6,46.6,41.7,42.7,38.4,38.0,35.1,34.7,33.1,33.4,35.4,25.8,26.3,27.0,27.0
09:44:34.000,94.4,68.0,84.6,85.9,86.5,85.8,82.2,78.0,79.4,78.0,70.1,69.3,75.6,75.9,78.1,68.0,73.1,69.0,70.4,66.8,62.0,57.7,64.1,65.8,56.5,48.2,48.8,50.7,42.2,44.4,32.9,32.9,31.3,31.0,30.7,25.5,27.0,27.9,27.2
09:44:35.000,94.3,67.5,82.6,82.4,82.3,80.2,77.8,80.5,71.6,75.2,71.2,69.8,74.2,77.5,74.4,65.6,71.3,65.7,67.3,64.1,59.9,57.4,67.2,65.2,60.9,47.8,44.0,41.8,38.0,36.2,32.5,33.3,33.0,32.2,35.1,25.3,26.4,27.0,26.8
09:44:36.000,92.8,62.0,81.0,84.2,81.1,82.4,83.3,80.6,75.4,74.0,66.6,68.8,73.8,74.4,68.6,64.3,67.4,62.3,66.6,60.2,55.5,51.7,51.5,49.1,41.6,38.8,37.7,41.5,39.7,40.7,32.2,31.8,30.0,31.2,29.7,25.4,27.4,28.6,27.8
09:44:37.000,93.3,59.4,81.5,87.5,82.8,81.4,86.2,79.6,76.2,72.5,68.8,68.2,73.5,73.3,70.9,63.8,68.3,62.8,61.0,53.7,51.6,46.4,45.7,47.3,41.8,38.3,38.3,37.3,36.0,32.7,31.4,32.9,30.6,32.3,33.4,25.3,27.2,28.8,28.5
09:44:38.000,93.6,58.6,82.1,87.7,81.7,83.6,85.5,82.6,77.2,76.1,68.4,68.0,73.1,75.2,72.5,64.8,68.5,63.8,61.7,54.7,50.0,46.0,43.7,35.2,35.0,36.2,36.2,34.8,34.3,31.5,30.8,33.5,32.0,34.7,35.9,26.2,26.3,27.9,27.4
09:44:39.000,93.2,56.4,81.0,83.2,88.1,84.2,82.3,80.6,75.6,69.2,69.7,73.2,71.9,73.7,70.2,62.7,64.1,61.7,57.9,49.3,48.2,45.1,44.3,36.0,36.1,37.0,36.7,34.4,34.6,31.8,31.0,32.9,32.7,30.4,31.0,24.6,25.1,26.3,26.8
09:44:40.000,94.8,55.9,81.1,87.3,85.5,83.3,81.8,79.4,77.3,74.9,69.0,68.9,73.8,71.9,70.9,62.4,65.1,59.4,56.3,48.7,46.3,44.0,43.7,35.6,36.2,37.7,34.6,33.1,32.4,31.1,29.3,31.8,28.3,33.4,35.9,24.7,25.2,26.1,26.7
09:44:41.000,93.5,55.7,80.4,87.8,86.0,85.2,84.3,81.2,75.6,76.2,70.5,70.3,70.7,72.1,70.3,61.9,63.2,59.9,58.0,52.3,48.4,44.0,41.8,34.2,35.2,35.7,33.4,33.1,33.5,31.6,31.2,32.9,31.9,32.8,32.4,25.3,25.9,27.0,26.9
09:44:42.000,91.4,55.1,78.9,83.0,81.0,84.2,83.8,76.5,73.4,68.8,68.1,68.8,73.6,70.8,66.1,60.7,62.2,60.6,55.9,49.9,49.2,46.3,44.4,37.0,34.7,35.4,35.5,34.8,34.7,33.5,34.2,34.5,30.8,30.0,29.7,25.3,25.6,26.4,26.7
09:44:43.000,92.8,54.8,78.9,77.0,78.1,83.8,81.3,78.9,75.1,73.7,69.0,70.2,70.6,69.3,66.7,60.3,62.7,59.0,56.8,50.4,47.7,44.5,43.0,36.7,35.3,36.7,33.5,32.6,32.3,31.7,31.1,33.4,32.3,33.0,33.1,26.3,25.5,26.4,26.9
09:44:44.000,92.9,62.5,78.8,86.4,86.2,81.3,76.8,78.1,73.1,71.7,67.6,69.6,66.9,71.2,64.8,58.9,62.9,60.3,59.5,52.5,55.1,53.5,62.3,57.8,49.1,42.5,46.0,50.0,41.7,40.7,33.8,33.4,29.0,32.3,30.9,25.2,25.9,26.2,26.9
09:44:45.000,92.8,54.6,78.5,84.3,82.1,80.5,79.4,75.5,77.5,72.3,69.2,70.4,71.5,68.9,66.1,61.8,61.6,59.3,56.7,49.2,48.4,44.9,42.3,38.7,40.6,37.3,35.2,34.7,35.0,32.2,30.6,33.3,30.4,36.1,37.1,25.2,25.6,26.5,26.8
09:44:46.000,91.5,54.3,78.1,82.9,81.6,80.6,80.8,79.5,76.3,69.9,64.6,70.2,69.2,67.9,66.4,59.9,60.8,56.3,55.7,49.3,51.0,46.7,44.1,39.9,43.9,41.7,36.9,34.0,33.9,31.3,29.0,31.3,27.6,31.1,31.0,25.0,25.5,26.6,26.9
09:44:47.000,89.5,54.1,76.5,83.3,80.6,74.7,74.2,76.1,74.6,72.7,67.6,66.1,66.7,68.2,66.1,59.4,61.8,57.2,56.5,49.1,49.8,45.4,44.2,39.9,42.9,40.8,35.6,33.4,32.6,30.4,29.6,32.5,31.2,35.1,35.3,25.5,26.8,28.0,27.5
09:44:48.000,90.4,54.3,76.0,82.7,79.3,76.0,79.3,75.7,68.6,68.1,63.5,68.1,69.7,69.4,63.8,60.3,57.3,57.8,57.6,49.9,51.6,49.0,47.3,40.4,39.1,37.0,33.2,33.1,32.8,30.5,28.7,31.3,31.4,34.6,36.2,26.1,27.6,28.2,27.4
09:44:49.000,90.6,52.9,76.2,75.6,80.4,79.2,73.9,73.2,69.9,71.9,66.3,66.0,67.2,67.1,66.6,60.4,59.0,57.0,55.7,46.3,46.9,44.8,41.4,34.5,34.5,33.2,32.3,31.1,30.8,28.7,27.4,30.5,27.3,33.6,30.5,25.1,27.2,28.0,27.3
09:44:50.000,90.2,63.5,76.6,76.6,77.9,78.6,77.3,74.5,70.7,72.8,64.2,65.6,67.7,67.9,65.7,58.9,59.4,57.5,63.1,54.3,55.9,49.4,58.5,57.2,50.3,38.9,38.2,47.1,37.2,36.9,30.3,31.6,31.0,37.0,37.5,26.2,28.6,29.8,28.7
09:44:51.000,88.5,55.6,75.6,77.6,79.6,78.2,80.4,78.5,69.0,63.0,64.4,64.0,67.0,63.9,62.9,61.4,57.7,59.1,57.7,52.3,53.6,47.4,45.5,46.0,45.4,35.0,33.4,36.0,34.1,32.6,29.9,32.9,32.2,32.6,31.0,25.6,26.3,26.9,26.8
09:44:52.000,90.1,67.0,76.1,82.2,80.4,77.8,76.6,73.0,71.8,68.2,64.9,65.8,64.3,65.6,65.5,60.3,57.8,60.3,58.8,61.4,60.8,60.1,66.5,63.7,55.0,45.6,45.1,55.4,43.4,42.4,31.9,31.6,28.7,34.1,32.2,24.9,25.9,26.9,26.9
09:44:53.000,88.0,63.3,74.7,80.2,79.7,76.1,73.0,72.4,68.8,64.3,60.2,65.6,67.8,65.6,62.5,61.6,58.1,57.1,58.2,60.4,52.9,55.7,63.7,56.8,48.4,44.5,39.7,43.4,34.9,33.5,31.7,33.8,32.6,35.2,36.3,26.0,26.0,27.1,27.1
09:44:54.000,91.7,62.8,75.2,78.4,75.3,75.3,73.0,69.1,71.0,70.9,64.7,64.9,67.2,65.7,65.4,59.3,56.5,58.9,57.6,56.6,53.1,54.3,62.7,57.6,55.5,44.2,42.2,53.9,41.6,38.7,32.6,34.2,33.3,34.5,32.4,25.5,25.7,26.8,27.1
09:44:55.000,87.9,58.9,75.3,78.6,78.4,79.6,80.8,73.0,71.1,69.2,67.4,61.9,65.6,64.8,61.6,59.5,57.6,56.0,61.1,56.6,57.1,54.0,49.1,46.6,42.0,36.8,37.3,41.6,35.6,35.4,32.9,34.2,32.3,36.4,38.0,25.9,25.6,26.7,26.9
09:44:56.000,87.5,65.9,75.3,79.3,79.7,77.8,76.0,70.5,67.5,68.4,61.7,63.7,64.5,64.9,61.4,57.1,57.9,55.9,60.2,56.4,55.5,59.4,62.5,54.4,51.2,44.8,42.9,48.0,37.2,34.7,32.1,33.9,30.5,36.7,33.1,25.7,26.6,27.1,27.2
09:44:57.000,88.5,58.8,73.3,79.5,76.2,71.7,72.6,67.7,67.7,68.1,62.3,65.9,66.7,65.3,61.7,58.6,56.1,57.4,58.7,56.0,55.8,54.3,53.3,49.5,45.3,40.3,39.2,43.7,37.8,44.4,33.1,36.6,31.7,34.8,35.6,25.2,25.9,26.7,26.8
09:44:58.000,87.7,61.7,74.6,74.9,78.6,76.9,73.7,72.7,69.3,67.4,65.1,63.1,63.9,65.4,62.5,60.5,56.5,54.5,63.6,58.3,57.8,56.3,61.1,60.0,51.2,42.7,42.8,48.4,38.9,37.7,30.0,33.0,31.1,35.6,34.4,25.1,25.7,26.3,26.9
09:44:59.000,87.5,59.7,72.9,74.7,73.5,72.9,71.0,69.3,64.7,64.8,63.5,64.3,66.0,63.4,61.2,59.0,56.1,54.3,57.9,52.1,51.6,49.9,53.7,44.5,42.3,37.4,37.0,36.4,34.2,33.8,31.3,32.8,31.9,31.6,31.0,24.6,26.2,26.9,27.1
09:45:00.000,87.1,63.1,74.5,78.3,76.8,75.2,76.7,73.5,69.9,68.3,63.4,65.1,61.0,64.5,61.0,59.1,58.2,56.3,60.3,61.3,55.3,58.7,61.8,52.4,51.3,43.8,42.8,43.5,35.3,34.2,31.5,32.8,32.3,35.5,37.7,25.9,27.5,28.8,28.2
09:45:01.000,86.1,52.7,72.8,72.6,73.7,76.7,69.8,70.3,69.2,63.9,64.9,62.6,64.7,64.7,63.9,58.3,57.2,55.0,53.7,47.9,48.9,44.9,42.8,44.1,43.0,38.8,35.7,36.1,33.4,32.9,31.8,32.5,30.9,36.6,32.9,24.8,26.3,28.3,27.7
09:45:02.000,86.6,52.4,72.9,72.7,74.9,72.7,69.7,72.2,69.2,67.1,64.7,63.8,66.4,63.1,60.6,57.9,55.7,54.9,55.5,45.9,47.4,46.7,43.7,37.5,40.0,36.7,34.4,35.8,35.2,33.9,34.3,33.8,33.3,36.8,38.0,25.8,26.1,27.2,27.2
09:45:03.000,88.7,51.3,72.1,70.8,72.8,72.8,71.3,71.2,68.4,66.9,64.1,63.8,63.1,64.9,60.5,59.3,52.6,53.9,51.4,45.6,47.7,46.7,43.0,36.7,38.1,37.8,37.5,35.6,34.0,32.5,31.0,32.6,31.6,34.6,36.3,25.3,25.7,26.6,27.0
09:45:04.000,86.8,51.2,72.3,79.6,78.7,73.0,70.9,71.2,69.9,63.4,61.5,65.8,65.6,63.1,61.5,56.8,55.4,53.0,51.0,45.7,49.6,45.2,41.3,36.7,39.9,40.8,38.9,34.1,34.2,32.5,31.7,33.0,31.9,31.3,31.4,24.7,25.1,26.3,26.8
09:45:05.000,86.8,52.1,73.0,74.1,76.3,73.7,73.8,71.1,65.0,67.8,63.1,64.2,64.3,65.2,61.6,59.9,55.1,54.7,53.7,45.1,44.5,41.3,40.2,36.3,41.3,41.5,38.7,34.9,34.8,32.8,32.0,32.7,33.3,40.5,36.8,25.7,27.9,28.3,27.9
09:45:06.000,89.3,52.8,72.4,73.2,75.8,75.5,74.2,68.1,66.2,65.9,64.0,63.3,65.0,64.2,61.4,58.4,56.1,56.2,56.0,49.1,50.8,49.5,45.3,38.0,39.0,38.3,35.8,32.8,32.0,30.3,29.9,31.1,29.9,34.0,35.2,25.0,25.3,26.7,27.2
09:45:07.000,88.8,51.9,71.5,76.1,75.3,70.1,68.2,70.2,69.2,60.6,60.8,63.2,66.4,63.2,62.8,58.6,54.8,56.1,55.6,47.0,45.9,45.7,43.6,37.2,41.0,38.6,36.6,32.9,33.0,30.9,30.2,32.3,31.9,33.5,32.6,25.2,25.2,26.0,26.7
09:45:08.000,87.6,50.7,71.0,78.7,75.8,70.7,66.0,66.1,65.3,64.4,59.6,63.3,63.7,62.7,60.3,55.7,53.1,53.1,53.3,45.7,45.2,44.7,41.4,36.2,38.3,36.7,34.4,33.2,32.4,31.1,31.5,32.5,32.3,36.8,39.0,25.2,25.6,26.6,27.0
09:45:09.000,86.2,49.8,71.6,77.5,74.2,72.4,70.7,68.0,68.4,66.1,62.7,64.9,63.8,63.6,60.6,55.7,53.2,52.8,53.3,46.5,46.6,42.0,40.5,34.5,36.6,34.8,33.4,31.9,32.1,30.4,28.6,32.4,30.7,33.4,31.9,25.3,26.8,28.8,28.1
09:45:10.000,84.4,50.3,70.8,71.2,75.0,76.9,72.1,65.6,64.1,62.7,62.4,61.0,60.3,59.3,60.4,56.2,53.4,53.3,53.6,47.5,50.2,43.4,37.5,33.3,34.8,34.1,32.0,32.4,31.9,31.2,31.0,34.5,32.2,36.5,37.1,25.9,26.7,27.6,27.1
09:45:11.000,88.6,50.2,71.2,75.4,72.9,71.3,70.1,66.1,65.6,63.7,61.4,63.9,63.5,62.8,62.2,56.9,53.2,55.5,54.1,45.2,44.5,42.0,38.8,34.8,34.2,34.6,33.3,32.4,31.6,30.5,29.9,34.3,32.9,40.3,33.7,25.9,28.7,29.2,28.2
09:45:12.000,85.5,49.8,71.7,70.3,73.7,75.9,72.6,69.9,66.7,64.1,61.9,62.2,63.4,61.0,60.0,55.6,52.9,53.3,53.2,43.8,40.8,39.0,38.2,33.6,33.9,34.9,34.7,34.6,33.7,31.7,30.8,34.2,33.1,35.9,36.7,25.5,25.7,26.6,26.8
09:45:13.000,85.4,49.7,70.7,73.2,68.7,68.9,72.1,69.4,64.6,65.8,61.4,63.0,58.4,59.8,59.6,54.4,53.4,52.4,51.4,44.2,44.8,39.9,36.9,34.8,35.1,35.9,34.4,34.2,34.3,31.3,32.2,33.0,31.5,35.0,36.5,25.3,25.6,26.2,26.7
09:45:14.000,87.2,50.2,70.8,75.8,73.3,71.5,69.9,67.3,68.8,64.1,59.2,62.6,63.0,63.1,59.7,58.0,53.2,53.8,53.3,45.3,43.9,40.1,37.7,35.3,37.0,36.7,35.1,34.1,34.4,32.1,30.3,34.3,34.1,35.6,36.7,26.4,26.3,27.1,27.0
09:45:15.000,85.1,50.0,71.1,76.0,74.7,72.9,70.4,70.3,70.6,64.4,60.9,60.2,62.0,61.1,60.8,55.3,52.6,52.1,51.0,43.9,45.8,39.5,37.8,35.7,39.0,38.1,37.4,36.6,36.3,33.7,32.4,33.3,32.0,34.6,33.7,25.7,27.1,28.0,27.2
09:45:16.000,86.2,50.3,70.5,69.8,74.4,75.8,72.0,66.4,62.5,66.8,61.6,62.5,62.5,59.2,59.4,55.4,54.4,53.5,53.3,44.7,39.0,37.8,37.6,36.2,38.2,38.1,37.5,37.0,35.0,32.7,30.9,33.5,32.8,35.8,38.4,26.6,28.3,29.7,28.6
09:45:17.000,81.6,51.0,70.9,70.3,69.1,73.2,73.2,69.0,67.2,61.5,62.6,66.0,64.3,60.9,60.0,57.5,53.8,55.1,54.3,45.6,44.0,42.0,37.5,36.7,39.6,38.2,37.2,36.4,34.8,31.6,30.2,33.8,32.3,32.0,32.2,26.6,27.4,28.6,28.2
09:45:18.000,87.3,51.2,70.8,71.5,72.6,69.1,68.3,71.2,65.8,59.1,61.9,59.4,63.5,63.6,60.2,56.6,54.3,54.5,54.0,46.2,44.6,38.8,39.5,37.0,40.1,39.0,39.0,37.4,35.8,31.7,30.4,32.8,32.4,39.8,36.9,25.6,26.5,26.9,27.1
09:45:19.000,82.8,51.0,70.1,74.9,75.7,72.3,69.8,67.4,69.7,62.0,62.1,63.8,62.0,59.8,57.4,55.3,53.8,52.7,51.9,45.8,43.6,42.5,41.7,38.2,39.6,39.5,38.1,37.1,35.5,32.8,31.0,33.1,31.1,34.5,33.3,25.3,26.1,26.9,27.1
09:45:20.000,86.1,52.0,70.6,72.9,72.8,69.4,70.6,70.7,65.7,63.4,59.9,63.3,63.1,60.0,59.2,56.4,53.7,55.2,54.1,48.1,47.2,43.3,40.2,39.8,42.5,40.6,39.5,38.3,36.4,34.2,32.4,33.8,32.9,33.1,32.6,25.9,28.0,29.3,28.3
09:45:21.000,85.3,53.2,70.9,71.6,68.3,68.6,71.8,66.3,66.9,59.9,61.0,65.5,65.6,62.9,59.3,55.5,53.5,51.7,49.7,44.7,44.1,40.1,39.9,42.6,44.8,44.4,42.5,41.7,40.2,37.2,35.1,35.4,32.6,37.1,38.7,26.1,26.1,26.8,27.4
09:45:22.000,86.4,54.4,71.1,76.0,73.0,64.8,65.7,69.6,64.8,62.8,59.5,62.6,63.9,63.2,61.6,59.7,54.5,52.6,48.5,45.4,46.3,43.3,44.4,44.9,45.8,46.5,43.8,42.8,40.5,38.8,36.3,35.1,33.8,33.1,32.8,26.7,26.0,26.8,26.9
09:45:23.000,85.4,54.7,71.3,72.5,73.6,70.7,66.2,68.4,70.1,61.9,63.3,63.0,64.3,62.1,59.1,58.2,53.4,52.6,48.0,47.0,46.5,44.7,45.9,46.8,46.8,45.3,43.5,41.6,40.8,39.6,37.8,37.0,34.9,36.2,36.5,27.8,27.1,27.4,27.2
09:45:24.000,87.6,65.9,73.1,66.1,67.7,70.5,69.4,68.4,63.1,60.2,64.9,64.4,62.2,60.9,61.5,60.1,55.4,52.4,61.8,61.4,61.7,58.2,61.2,61.7,51.9,48.5,47.2,48.0,44.0,41.9,38.4,36.8,35.3,37.2,37.2,27.8,27.5,27.5,27.1
09:45:25.000,83.8,60.5,72.3,73.1,67.6,70.5,72.4,70.1,67.2,64.2,62.0,61.4,60.3,60.4,60.2,58.7,55.0,53.9,57.9,63.4,54.3,54.0,54.6,53.0,49.8,45.8,44.3,45.4,42.3,41.2,35.4,34.3,32.9,36.1,36.2,26.3,26.1,26.9,27.0
09:45:26.000,84.2,60.0,71.4,73.1,71.5,64.5,64.0,67.2,67.4,66.4,62.7,64.0,63.0,61.2,60.3,55.0,54.8,52.0,50.0,47.9,47.4,45.3,46.7,52.6,47.9,47.1,46.0,44.8,42.3,39.7,35.9,35.8,34.3,34.8,36.0,26.2,27.2,27.6,27.0
09:45:27.000,82.7,54.4,72.0,68.6,69.1,70.4,71.8,70.0,67.2,66.9,63.2,65.3,67.6,63.8,60.8,54.9,53.3,50.1,50.9,43.7,42.4,41.7,40.9,42.3,44.9,46.8,46.6,44.9,43.0,40.1,36.9,35.6,33.4,36.0,34.5,26.3,25.6,26.1,26.9
09:45:28.000,86.3,54.4,71.0,75.1,69.4,68.0,70.7,70.6,69.0,63.5,63.3,64.5,64.6,61.7,59.1,55.5,54.8,50.0,48.2,42.4,40.9,39.6,39.7,40.5,43.6,45.8,46.1,45.5,43.6,40.1,36.6,34.9,32.9,36.9,38.7,26.2,25.5,26.7,28.2
09:45:29.000,88.9,55.3,70.3,75.0,70.6,69.2,69.0,67.5,68.6,63.3,65.4,58.7,63.6,61.1,57.9,57.3,53.9,51.0,49.2,44.8,42.6,41.8,42.5,40.7,44.1,46.6,47.8,46.6,45.6,42.4,38.2,35.8,32.5,33.2,33.3,25.7,25.8,26.9,28.4
09:45:30.000,87.4,55.7,71.1,74.1,68.4,68.8,73.6,71.5,67.7,67.1,66.0,65.3,62.8,59.6,57.0,56.0,55.6,49.7,48.8,44.3,45.3,42.7,43.7,42.9,44.1,46.4,47.8,46.3,45.3,41.8,38.5,36.1,34.4,37.7,38.4,26.4,26.4,27.2,29.3
09:45:31.000,87.4,55.7,70.8,74.5,73.7,67.6,67.7,72.6,69.3,67.9,63.4,60.8,65.8,58.8,58.2,53.8,54.2,50.8,48.2,47.9,46.4,43.8,43.6,42.4,44.8,48.2,46.8,46.6,45.1,42.2,39.3,37.1,35.1,39.2,34.1,26.0,26.7,27.5,30.0
09:45:32.000,84.2,58.2,70.7,68.8,70.5,72.1,65.8,61.7,67.3,67.0,62.7,60.8,64.5,62.0,58.4,56.6,54.4,49.6,53.4,45.3,47.4,47.1,55.3,47.8,44.2,46.8,47.8,47.3,44.5,40.7,36.0,34.7,32.7,35.6,37.0,26.7,26.5,27.7,30.0
09:45:33.000,85.8,67.6,74.5,74.6,69.6,70.1,70.3,66.2,67.8,63.0,65.9,64.6,63.9,60.5,58.8,52.9,54.8,58.0,61.6,52.3,61.7,60.1,64.4,57.2,49.5,48.3,45.8,45.6,43.6,41.9,36.8,34.7,32.0,36.4,37.3,25.9,26.9,28.1,29.9
09:45:34.000,87.4,72.7,77.5,72.6,68.9,65.5,69.6,67.0,66.6,63.1,61.1,62.4,63.2,60.3,57.0,53.8,53.2,64.2,69.3,56.2,66.9,64.1,70.2,65.1,63.4,53.1,51.1,56.9,48.0,46.4,39.2,35.5,31.9,34.6,34.3,26.5,26.8,27.0,27.3
09:45:35.000,87.5,68.8,74.8,69.7,70.6,69.9,67.8,65.4,67.3,67.3,63.3,65.5,62.6,62.8,57.1,54.4,54.6,58.4,58.5,62.1,66.2,60.3,70.8,68.6,54.9,56.1,55.8,51.6,43.5,44.2,36.1,34.4,30.7,34.2,34.6,26.1,27.6,29.0,28.5
09:45:36.000,86.5,63.3,72.4,73.0,73.1,70.4,70.7,70.2,68.8,64.3,65.9,64.2,64.2,60.0,56.1,54.0,53.8,55.3,54.4,58.3,58.2,57.2,63.5,59.6,52.4,48.9,49.7,52.2,47.9,44.2,37.2,33.9,31.0,35.3,34.0,26.3,27.3,28.3,27.8
09:45:37.000,85.6,60.6,70.9,72.3,68.6,68.4,67.0,66.2,64.8,62.8,63.6,63.7,61.4,58.6,56.9,54.7,54.1,52.2,54.9,58.3,54.8,55.0,61.5,53.6,49.5,47.8,49.1,47.0,42.1,37.2,35.4,35.8,32.9,40.3,39.1,26.2,26.8,26.8,27.2
09:45:38.000,85.3,63.6,71.8,74.6,71.8,69.0,69.0,67.9,67.0,65.6,62.5,62.9,61.5,61.3,57.4,53.4,55.2,52.5,56.5,58.2,55.1,57.1,59.7,60.8,53.7,48.5,48.1,47.6,41.8,38.7,32.7,33.0,32.7,32.5,32.6,25.2,25.5,26.3,26.9
09:45:39.000,82.4,65.5,72.7,72.9,71.2,67.5,63.8,67.5,67.7,64.4,65.6,63.1,63.8,63.5,60.1,53.3,54.8,53.0,60.9,57.4,56.8,52.6,59.7,65.1,58.9,53.3,52.8,52.0,43.0,40.1,33.6,33.9,30.6,37.6,38.1,25.1,25.4,26.1,26.6
09:45:40.000,83.7,65.7,72.5,71.8,67.3,64.0,67.8,66.4,65.1,66.5,63.7,65.4,64.7,60.4,59.3,52.5,52.4,49.8,55.5,59.0,57.3,55.2,62.3,66.8,61.2,50.5,52.3,47.8,43.4,40.4,32.4,33.2,32.3,32.4,34.2,25.7,27.1,27.9,27.3
09:45:41.000,84.6,73.1,76.8,77.2,69.6,61.9,65.0,65.8,67.3,63.7,62.6,61.6,62.7,59.2,60.6,53.0,53.1,61.3,59.7,61.2,65.6,62.2,73.2,73.0,63.6,54.4,49.8,46.5,44.4,40.0,36.1,34.5,31.5,35.8,35.8,26.3,27.5,28.9,28.6
09:45:42.000,88.0,63.1,72.2,69.7,68.0,67.5,68.4,68.2,64.7,61.6,63.4,63.5,66.2,61.7,57.7,52.4,54.1,50.6,58.4,61.1,56.8,58.5,64.3,55.9,50.2,47.2,44.2,47.9,42.6,40.2,33.7,35.0,33.6,35.4,38.1,26.1,26.4,27.4,27.3
09:45:43.000,86.8,58.4,71.9,75.2,70.7,68.3,69.9,71.3,65.6,62.9,63.2,61.4,62.8,63.2,61.2,52.9,57.4,52.9,56.3,49.7,50.1,50.0,58.7,53.7,47.9,47.2,45.8,49.6,40.7,37.6,32.7,34.1,28.7,33.6,34.7,25.6,25.4,26.2,27.0
09:45:44.000,84.8,62.5,71.8,63.6,64.9,68.6,69.5,66.7,63.0,62.8,63.1,63.6,63.4,65.0,61.8,55.7,58.2,52.8,64.1,55.5,54.9,50.2,58.4,62.6,51.4,44.3,42.5,48.7,40.2,37.5,30.5,33.7,32.4,39.8,39.7,27.1,27.9,28.5,29.2
09:45:45.000,89.4,64.7,73.6,74.8,71.7,67.1,67.6,67.0,64.8,61.5,62.0,63.3,64.6,66.0,60.3,55.4,56.4,55.3,65.0,61.7,57.2,57.1,62.6,55.7,49.9,48.4,45.6,46.8,42.1,39.1,31.3,32.4,31.8,31.9,34.6,26.1,26.9,28.2,29.4
09:45:46.000,83.4,63.9,73.2,66.0,67.8,67.5,68.6,67.9,63.6,62.1,62.7,63.8,67.0,64.9,60.3,58.1,58.3,54.5,61.7,62.0,54.6,55.4,51.2,53.0,49.4,44.1,45.0,49.2,43.4,40.4,35.3,34.8,31.3,36.7,39.3,27.0,26.3,27.7,29.3
09:45:47.000,85.2,69.3,75.6,67.5,68.8,68.8,65.5,67.0,66.9,64.9,61.7,62.2,65.0,61.4,60.3,53.3,57.4,62.5,63.6,55.4,66.5,60.5,66.5,58.8,55.9,49.3,50.0,44.7,41.0,39.5,32.8,33.8,33.1,34.3,35.6,27.2,28.8,29.9,30.3
09:45:48.000,85.9,67.8,74.6,68.7,70.9,70.2,64.8,64.4,65.2,65.3,60.9,62.4,62.4,60.6,57.8,51.0,55.0,63.6,66.9,54.2,65.5,62.8,68.7,62.4,56.8,47.6,42.4,43.6,44.5,43.1,33.3,34.3,31.3,34.0,35.7,26.9,28.6,30.0,30.3
09:45:49.000,89.2,51.2,72.0,75.3,75.5,75.2,72.9,71.5,67.9,66.0,62.6,63.5,64.0,61.5,59.4,52.2,54.8,51.3,51.1,42.5,38.2,37.1,36.2,35.2,38.5,39.9,37.9,36.6,36.4,31.7,29.8,33.3,29.6,37.3,38.9,26.5,26.6,28.1,29.4
09:45:50.000,92.3,48.3,70.9,71.3,68.2,71.6,72.7,67.4,67.1,65.6,64.8,64.2,63.8,60.9,58.2,54.3,53.4,48.2,46.9,40.2,35.6,29.6,31.1,32.8,37.7,37.3,35.7,36.5,35.5,31.9,30.6,32.1,29.9,35.0,36.2,27.1,27.0,28.0,29.3
09:45:51.000,88.5,47.9,70.2,73.6,72.7,71.3,69.2,69.0,68.1,62.7,59.3,62.7,64.6,63.0,58.4,53.1,53.1,46.8,45.0,40.1,32.7,28.0,30.1,32.3,36.2,37.4,34.1,33.9,33.1,30.8,28.4,31.5,29.8,38.1,39.4,27.0,26.1,26.4,27.1
09:45:52.000,88.4,46.9,68.7,72.0,71.9,71.8,69.1,65.5,64.1,63.1,59.9,62.2,62.5,57.7,56.4,49.7,51.5,46.8,43.5,36.5,30.0,29.2,30.0,32.9,36.6,36.1,33.9,33.8,33.5,32.5,31.5,32.8,32.7,32.9,35.8,30.5,29.0,28.2,27.6
09:45:53.000,88.5,64.7,72.3,71.0,71.5,66.2,67.1,70.6,67.0,63.4,62.4,60.7,61.5,61.3,60.5,50.9,54.7,50.0,63.3,54.4,54.8,56.8,56.1,54.1,43.6,38.7,36.9,41.4,37.8,35.7,32.2,32.6,32.4,37.9,39.3,27.4,28.1,28.3,27.4
09:45:54.000,93.8,65.8,73.4,74.8,74.5,70.8,69.0,68.8,67.2,64.5,62.5,63.7,59.7,60.2,58.1,53.8,60.6,55.3,61.7,63.0,60.4,57.9,63.3,63.5,52.7,44.3,43.7,52.4,40.4,40.4,34.2,33.0,30.5,32.3,35.1,26.8,27.0,27.6,27.2
09:45:55.000,88.1,65.3,73.7,72.6,70.5,74.1,73.9,74.5,65.9,63.4,64.8,61.7,61.4,60.5,58.1,53.1,56.7,56.1,64.8,58.2,62.0,62.7,63.8,56.5,51.9,45.6,41.9,45.8,41.7,40.0,32.9,32.5,29.9,39.0,39.4,26.8,25.5,26.0,26.6
09:45:56.000,90.7,68.5,74.4,71.1,70.4,74.1,67.6,67.3,69.2,63.1,58.8,63.9,60.6,57.4,58.6,53.2,57.0,56.8,64.0,60.8,60.2,60.7,61.3,65.6,58.8,47.3,47.9,54.6,45.3,42.5,34.2,33.5,32.7,36.6,38.4,27.7,26.2,26.8,26.7
09:45:57.000,89.2,64.2,72.5,67.9,67.6,67.9,62.9,66.7,66.8,62.5,60.3,60.2,62.2,62.5,57.5,52.1,57.7,56.2,59.0,61.9,56.6,56.8,59.5,56.1,48.5,43.0,43.1,49.1,36.2,37.4,34.1,34.1,32.3,38.2,37.8,26.8,25.9,26.2,26.7
09:45:58.000,86.9,70.5,75.5,76.0,73.3,71.5,66.2,63.5,65.2,65.9,62.8,59.3,61.4,62.3,57.9,53.0,55.3,57.3,63.4,61.7,65.6,60.7,68.4,63.0,57.9,54.9,44.1,44.7,39.9,40.7,33.0,33.5,31.8,36.6,39.0,27.2,26.0,26.4,26.6
09:45:59.000,87.5,63.5,72.3,73.1,75.7,73.8,68.7,69.0,67.6,66.3,62.8,62.1,61.5,62.3,58.0,51.4,55.6,57.0,54.0,53.5,55.5,55.9,59.4,58.6,49.8,47.8,43.5,47.9,36.3,35.2,32.9,33.8,33.2,33.0,36.5,26.9,27.3,28.1,27.2
09:46:00.000,86.7,55.8,70.6,69.2,70.6,71.7,67.4,69.8,66.6,63.3,62.5,62.2,62.5,62.2,58.2,51.7,53.3,48.0,46.7,39.2,36.9,35.1,32.0,31.2,31.2,34.2,35.8,32.7,32.7,32.4,31.7,34.3,34.1,39.5,38.1,27.2,27.7,28.3,27.3
09:46:01.000,88.5,67.3,74.6,69.7,65.5,69.2,70.2,68.3,68.5,66.8,61.6,64.1,62.1,59.7,55.0,51.8,58.6,52.1,59.4,66.9,61.5,63.0,56.9,52.1,46.7,41.3,46.2,56.3,43.0,42.1,36.5,33.3,33.8,34.0,36.9,27.8,28.0,28.5,27.4
09:46:02.000,85.1,67.0,73.8,74.8,73.4,73.7,66.6,63.4,65.8,65.8,60.1,57.4,60.8,60.6,58.1,50.5,52.7,60.8,66.9,55.0,61.3,59.0,63.1,65.0,59.7,49.2,47.1,53.0,44.9,43.9,34.1,33.8,33.8,35.8,37.6,27.5,26.3,26.6,27.0
09:46:03.000,88.6,64.9,72.2,71.7,68.8,73.3,71.5,66.9,69.1,63.8,60.2,61.1,60.1,58.8,56.4,51.5,52.5,58.8,55.6,56.9,61.1,55.7,60.9,64.2,56.5,51.8,48.5,46.5,37.0,37.6,32.4,34.1,33.1,36.9,36.1,28.1,27.0,27.0,27.0
09:46:04.000,89.6,55.5,69.7,75.8,72.8,71.7,65.2,62.4,65.3,64.0,65.7,62.4,61.5,60.3,57.5,50.2,51.9,47.4,53.9,45.2,48.0,47.7,49.4,53.1,47.2,45.3,44.1,37.9,35.1,35.3,31.2,33.4,32.5,35.6,39.0,27.2,26.0,27.1,27.3
09:46:05.000,90.2,51.6,69.5,69.1,73.9,76.6,70.1,68.5,67.9,64.2,59.3,60.7,58.9,59.5,58.6,49.1,50.5,47.2,48.3,41.8,42.7,40.9,46.9,48.2,38.4,38.3,38.9,44.1,36.8,36.0,31.4,33.5,33.2,35.4,37.5,27.8,26.9,27.5,27.2
09:46:06.000,87.6,48.6,69.2,68.6,74.1,74.0,70.9,67.3,69.8,63.9,59.5,58.7,58.8,58.7,57.6,50.6,51.3,43.9,40.6,36.5,35.0,32.1,31.4,35.2,37.3,38.4,39.8,37.1,35.4,33.3,31.7,33.5,32.4,38.7,38.6,27.7,27.0,27.3,27.4
09:46:07.000,84.4,48.9,68.7,68.1,68.5,70.8,70.2,67.6,68.1,62.1,59.6,59.7,61.8,59.0,58.2,51.3,51.8,44.2,40.6,35.1,31.7,29.4,31.7,37.3,40.7,40.4,38.9,37.1,36.0,33.6,29.7,34.6,33.8,34.4,36.9,27.1,27.4,28.4,29.3
09:46:08.000,85.1,50.4,70.5,71.7,71.5,76.5,73.5,70.2,68.0,60.5,60.0,59.2,63.7,60.9,59.6,52.7,53.7,48.0,43.3,39.7,44.1,36.6,32.7,35.6,38.0,39.8,41.4,39.8,39.1,35.4,32.0,34.4,30.8,33.0,37.9,27.2,27.0,28.3,28.8
09:46:09.000,85.7,51.5,68.6,73.4,73.0,73.9,67.6,63.4,63.6,60.1,59.6,57.6,59.9,60.6,57.1,49.9,53.6,51.0,44.3,39.4,37.5,33.0,32.7,37.6,40.5,42.7,42.7,40.7,39.7,36.4,33.4,34.8,33.8,36.4,37.4,27.7,28.4,29.5,29.5
09:46:10.000,84.1,52.9,69.3,71.7,69.0,62.6,60.6,64.2,64.1,61.6,60.1,61.0,64.3,61.5,61.4,54.7,54.8,52.4,46.4,42.9,36.7,34.4,33.8,37.4,41.7,43.9,45.3,43.4,41.0,38.2,34.9,35.2,33.9,34.7,37.5,27.8,28.1,28.8,29.1
09:46:11.000,91.1,54.8,71.0,74.6,73.6,77.5,72.0,67.7,67.0,61.4,61.6,61.6,63.5,64.6,60.9,55.0,53.0,49.7,47.2,45.0,45.0,40.3,35.9,40.4,44.4,46.4,47.9,45.9,42.9,39.6,35.7,36.0,34.3,35.6,37.9,28.6,29.0,29.3,29.0
09:46:12.000,89.2,55.5,70.3,75.9,71.9,67.8,70.2,69.5,64.1,58.4,58.3,59.6,63.1,63.7,60.8,56.5,57.0,52.8,47.8,42.5,42.2,40.4,40.9,43.4,45.7,47.1,47.1,44.0,42.7,41.0,37.6,36.8,34.8,35.1,36.7,30.2,29.5,29.3,27.7
09:46:13.000,88.4,56.8,71.4,72.7,67.8,73.1,68.5,66.9,67.0,61.7,59.2,60.1,63.9,63.1,65.3,56.5,57.2,53.8,50.1,48.0,50.9,46.3,43.3,44.0,47.2,49.5,47.4,44.6,43.0,41.7,38.5,37.4,35.6,37.8,39.8,30.2,30.0,29.7,27.7
09:46:14.000,84.7,57.6,70.3,69.4,64.4,59.5,68.9,67.9,62.2,60.8,58.8,62.0,64.1,62.8,62.3,54.7,56.7,54.0,49.8,50.7,49.5,49.0,47.7,48.5,48.8,48.6,49.3,47.0,45.0,43.9,41.6,39.2,36.9,36.2,37.7,31.4,30.8,30.1,27.9
09:46:15.000,85.2,57.9,71.1,67.4,71.0,76.5,73.7,64.8,64.4,65.3,59.3,60.0,61.5,61.6,60.9,56.9,59.2,52.4,49.2,47.9,47.9,48.3,47.7,47.9,48.1,48.8,50.0,47.0,46.6,44.5,42.6,40.9,37.1,38.5,40.1,32.0,30.9,29.1,27.4
09:46:16.000,88.7,55.0,70.5,67.9,72.0,73.9,72.2,69.3,62.4,62.1,59.0,61.7,63.2,62.5,58.1,54.1,54.8,51.7,49.1,43.8,42.6,41.4,41.3,43.0,45.5,46.7,47.4,44.1,42.8,42.0,39.1,36.9,32.3,37.8,39.6,29.0,27.6,26.9,26.9
09:46:17.000,86.6,53.1,69.6,67.0,63.4,69.4,71.2,66.8,61.0,58.5,59.2,57.7,60.1,62.5,62.1,51.8,54.1,50.2,48.1,41.9,39.4,37.0,38.1,37.9,42.4,44.1,44.1,42.1,42.3,40.9,39.3,37.0,33.3,36.1,38.1,27.6,26.8,27.2,27.2
09:46:18.000,87.3,52.1,70.0,71.4,70.8,68.1,68.9,67.4,67.2,65.7,56.8,60.0,63.4,61.8,59.7,50.7,52.9,49.4,46.6,40.7,36.5,35.3,35.0,35.5,39.3,41.2,42.6,40.4,42.1,41.7,39.7,38.2,34.2,34.7,36.5,27.3,27.0,27.9,27.6
09:46:19.000,85.3,52.6,68.9,70.7,65.9,69.2,67.5,67.8,64.9,63.8,58.7,60.2,60.6,58.6,59.0,52.4,54.7,47.7,47.2,38.9,36.1,33.1,34.3,37.1,43.4,44.3,43.0,40.1,42.1,41.3,38.3,36.6,32.7,40.6,38.4,27.6,29.1,29.1,29.0
09:46:20.000,90.0,52.1,69.3,68.2,70.5,70.1,71.4,65.3,63.5,64.0,58.8,61.3,66.4,60.5,55.7,50.7,53.3,45.1,44.0,40.2,35.7,31.7,33.2,37.1,42.5,43.0,43.3,40.8,41.5,41.3,38.4,35.5,31.3,34.3,37.3,27.2,28.7,29.8,29.5
09:46:21.000,85.0,68.8,73.4,70.4,71.0,74.7,75.1,66.3,62.5,65.4,59.0,60.0,60.6,61.5,58.1,52.1,53.3,47.7,49.4,51.7,52.4,50.7,52.5,53.4,48.8,48.8,51.2,47.2,43.2,46.1,45.2,41.5,34.2,36.4,38.4,27.8,28.5,29.3,29.1
09:46:22.000,85.4,73.6,78.3,72.7,67.5,67.9,71.6,68.1,64.3,64.1,55.2,61.5,61.5,60.8,57.8,50.4,53.8,56.9,59.1,70.4,64.1,66.7,70.4,64.6,58.4,55.3,55.5,52.5,47.2,47.6,46.0,39.3,30.5,36.0,36.5,26.6,27.3,28.3,29.0
09:46:23.000,88.5,52.5,69.9,70.8,70.3,73.0,70.2,66.3,65.1,63.8,56.1,60.3,62.4,60.5,59.2,49.3,51.3,52.7,54.7,50.8,48.9,45.8,43.8,42.9,38.4,38.4,41.0,38.8,37.3,34.7,32.5,34.4,29.6,34.6,37.3,26.9,27.1,28.2,28.8
09:46:24.000,86.1,50.6,68.9,73.8,72.2,73.6,70.3,67.9,64.6,65.3,58.9,59.3,63.8,59.1,56.6,48.6,52.0,46.0,43.0,37.3,35.8,30.8,30.8,35.4,40.8,40.7,41.1,38.3,38.7,36.8,34.5,36.3,34.5,40.2,37.1,27.5,28.8,29.0,28.0
09:46:25.000,87.2,52.6,69.1,67.8,70.4,69.0,69.2,65.1,64.4,66.4,59.8,57.1,62.0,62.9,60.1,50.9,51.2,43.5,42.5,36.6,29.0,27.6,31.5,39.0,45.0,45.6,43.7,40.2,39.8,38.4,36.3,37.7,37.0,33.7,36.3,28.0,28.0,28.5,27.8
09:46:26.000,89.5,52.3,71.3,72.9,72.6,73.8,73.8,69.2,69.9,68.2,58.5,62.3,64.5,63.5,62.2,51.2,52.9,48.2,44.0,37.5,30.9,28.7,31.8,37.9,44.1,43.2,43.3,39.4,40.7,38.0,35.1,37.9,33.5,37.2,38.5,27.4,26.3,27.1,27.3
09:46:27.000,86.6,52.8,68.7,71.8,71.6,72.6,69.2,65.8,62.4,62.2,57.9,61.3,62.1,59.3,57.8,50.5,54.9,48.5,44.5,35.3,30.6,26.9,29.5,36.5,44.7,44.9,43.6,41.7,41.0,40.4,37.0,37.5,36.4,36.2,37.3,27.5,26.3,27.2,27.6
09:46:28.000,87.6,50.7,70.4,70.9,73.9,75.1,71.8,68.6,66.9,64.5,59.2,58.2,60.8,61.8,58.1,51.7,56.6,47.3,46.7,39.1,35.4,29.5,30.3,33.3,41.3,41.9,40.5,37.2,36.6,35.1,31.8,37.2,35.4,37.4,38.5,27.2,25.5,25.9,26.6
09:46:29.000,89.6,50.5,70.7,67.8,67.4,70.1,73.2,71.8,63.7,66.4,57.5,60.5,62.6,62.0,59.6,52.0,56.4,49.6,48.3,39.0,38.9,32.9,31.3,31.9,37.8,42.0,42.1,38.3,35.4,35.6,32.1,34.4,33.8,34.2,36.9,27.6,26.6,27.4,27.4
09:46:30.000,84.7,50.0,69.9,71.3,74.6,72.4,68.4,65.2,62.8,64.6,57.5,60.2,61.7,63.6,59.6,53.6,56.8,50.0,46.1,37.9,33.6,29.2,28.9,30.0,35.7,39.4,39.1,37.3,36.3,36.7,33.1,37.4,34.5,37.1,38.4,27.3,25.8,26.2,26.7
09:46:31.000,84.1,48.9,69.9,69.3,67.1,67.3,67.2,69.2,66.1,63.1,59.6,60.1,63.3,62.5,59.5,50.9,56.9,51.9,48.6,41.5,38.2,31.5,29.1,29.3,30.0,33.6,36.1,34.3,33.7,33.5,31.8,37.5,35.1,35.3,38.3,27.7,27.8,29.1,28.3
09:46:32.000,83.8,48.2,69.5,69.0,67.4,68.8,67.8,68.7,66.5,64.3,56.1,60.7,63.1,61.0,58.6,51.0,54.9,50.3,48.0,40.9,40.9,33.7,29.2,27.6,28.7,32.3,33.4,33.1,33.1,31.8,31.2,37.2,34.1,36.4,38.4,28.1,27.3,28.3,27.7
09:46:33.000,86.1,47.5,70.1,71.8,72.1,68.6,70.5,70.2,64.3,67.5,60.3,59.7,64.2,59.8,57.8,50.8,52.6,48.7,46.3,39.3,40.1,33.1,29.0,28.3,28.7,30.2,32.9,33.2,32.8,31.5,29.9,38.2,36.2,35.7,38.0,27.7,27.1,27.9,27.4
09:46:34.000,87.0,46.5,68.3,71.0,73.8,70.5,68.5,68.5,65.3,64.7,60.3,57.4,58.7,59.6,55.1,48.9,51.6,46.0,45.2,37.0,32.4,28.6,28.8,28.0,28.7,30.1,31.1,31.7,33.0,32.5,31.9,36.5,32.2,33.9,37.1,27.0,26.1,26.7,27.4
09:46:35.000,83.9,47.4,69.5,71.5,74.5,72.6,68.6,68.1,64.3,65.1,62.4,60.5,62.6,63.5,57.5,50.9,54.0,45.1,45.5,38.4,31.9,28.4,29.7,27.6,28.0,30.6,30.5,31.2,33.1,32.9,31.9,36.7,37.3,35.6,37.0,27.4,26.9,28.0,29.2
09:46:36.000,89.0,46.8,69.5,69.7,66.9,68.3,69.7,68.2,65.1,67.0,58.0,59.0,61.7,60.1,56.9,48.4,51.1,45.5,44.8,38.3,35.6,31.5,30.0,27.6,27.9,30.4,31.5,31.8,32.5,32.3,32.1,37.0,36.8,35.3,36.9,27.0,26.8,28.1,29.0
09:46:37.000,89.9,47.8,69.3,71.6,72.2,69.8,65.9,64.9,62.6,66.4,58.3,60.4,64.3,61.5,58.9,49.3,52.0,43.3,43.5,36.8,38.2,32.1,30.8,27.9,30.1,32.1,32.2,31.9,32.2,32.2,32.1,38.2,37.1,37.4,38.1,27.8,27.5,28.6,29.2
09:46:38.000,84.5,47.7,70.3,69.4,69.7,68.6,66.9,70.1,65.0,64.5,57.7,59.9,62.9,64.3,59.1,50.9,52.8,46.6,44.6,39.1,41.5,34.7,31.0,29.9,31.6,30.7,30.7,31.0,30.5,29.6,27.9,37.0,37.2,34.8,38.3,27.7,27.2,28.1,28.9
09:46:39.000,83.0,47.9,71.6,62.9,71.4,73.9,71.4,74.8,66.0,60.6,57.4,59.1,65.2,64.2,62.0,51.5,53.4,48.4,46.9,37.7,37.7,31.6,30.0,28.0,28.1,30.0,30.4,30.9,31.2,30.0,29.4,33.5,33.4,37.1,37.1,29.1,28.0,28.8,28.9
09:46:40.000,82.7,58.5,71.1,66.7,67.7,66.4,67.3,70.2,63.1,62.2,57.0,63.7,64.0,64.2,60.7,52.6,54.2,47.9,47.1,46.9,38.7,39.8,49.7,43.5,36.8,32.8,34.4,36.9,33.3,32.2,29.9,37.7,35.7,34.9,37.5,27.6,28.8,29.5,29.4
09:46:41.000,84.7,65.8,72.2,68.1,69.8,68.8,64.6,63.3,60.5,61.5,61.7,63.1,62.6,64.8,62.5,52.5,53.5,55.5,59.8,53.8,62.7,55.4,64.6,65.3,51.9,49.0,43.8,49.8,36.4,34.5,31.9,37.3,34.6,35.4,36.3,27.4,28.2,29.3,29.1
09:46:42.000,86.6,68.2,73.8,72.4,70.0,61.4,67.0,67.6,63.5,63.1,61.8,59.7,64.5,64.5,61.3,52.5,52.3,54.2,53.1,55.4,60.2,52.4,64.2,66.0,58.3,50.1,47.0,46.4,38.7,38.5,33.7,38.5,33.9,35.0,37.4,27.1,26.3,26.8,27.1
09:46:43.000,83.5,60.8,69.9,69.0,68.2,65.4,62.7,62.9,61.5,59.2,56.3,61.5,65.2,62.6,57.4,50.2,52.1,55.2,58.2,53.1,52.3,49.4,56.8,58.5,53.3,40.9,42.6,50.4,41.8,33.6,29.9,38.2,31.2,36.4,37.7,26.8,26.4,27.5,27.2
09:46:44.000,86.1,46.5,68.3,69.0,68.3,68.6,67.6,69.8,63.0,56.7,56.1,61.2,62.7,62.1,56.3,49.1,49.2,45.6,44.0,37.2,39.2,33.0,30.2,31.7,28.0,29.4,30.7,31.8,32.7,31.8,30.3,38.3,31.6,34.9,35.0,26.2,26.8,27.7,27.3
09:46:45.000,85.6,45.9,67.8,65.5,63.9,65.8,66.1,66.3,63.4,60.8,58.2,60.5,61.9,61.1,59.1,49.8,48.1,42.9,42.6,37.1,31.0,28.4,28.7,27.5,26.6,29.3,30.9,30.7,32.4,31.1,30.6,37.7,31.0,35.5,36.8,26.0,28.0,29.2,28.3
09:46:46.000,87.2,46.3,68.2,69.1,69.6,65.0,62.6,62.9,63.0,62.4,58.2,57.3,60.5,62.7,58.5,46.9,49.0,44.5,43.8,37.1,30.7,28.4,28.8,28.2,27.7,29.6,30.7,31.0,31.9,30.4,29.0,37.0,30.8,37.5,37.0,25.8,27.3,28.0,27.5
09:46:47.000,84.2,46.8,68.4,73.5,67.1,71.4,67.9,65.9,63.3,57.2,54.7,62.0,63.9,61.2,56.1,47.7,53.2,46.9,43.6,36.5,32.3,28.9,28.9,28.2,28.3,29.4,31.0,31.2,31.8,30.5,29.2,38.2,32.3,36.7,36.4,26.2,26.2,26.8,27.1
09:46:48.000,85.8,64.1,70.7,69.1,68.8,65.9,68.7,71.7,61.4,59.1,58.4,55.7,59.4,59.2,56.4,50.2,54.3,49.7,56.8,56.7,61.9,57.3,61.4,53.4,46.0,40.0,41.3,42.4,38.6,41.0,32.8,40.0,32.4,33.8,33.0,26.7,26.8,28.4,29.0
09:46:49.000,85.9,63.2,71.2,74.6,70.9,68.3,69.3,68.6,67.4,61.7,57.6,58.1,60.3,59.0,56.2,49.4,53.0,51.3,54.4,57.7,60.5,56.2,64.7,57.3,51.0,43.0,37.8,40.5,38.2,38.9,29.8,40.8,33.5,37.3,34.9,25.6,26.8,27.9,28.9
09:46:50.000,84.6,59.4,69.5,66.0,63.9,65.9,68.4,68.0,66.3,65.2,53.5,61.3,62.8,59.9,55.7,49.4,52.2,51.5,56.2,50.1,54.1,50.8,51.7,49.8,43.7,40.2,40.3,38.6,32.8,32.3,30.1,39.0,33.6,36.3,37.8,25.4,27.2,28.3,29.1
09:46:51.000,85.4,58.0,68.5,70.3,67.4,64.5,69.4,65.3,61.1,61.0,53.8,57.8,59.5,58.7,54.9,51.4,50.0,49.1,60.1,56.6,52.2,55.3,55.2,51.0,45.2,37.1,37.8,45.5,38.4,39.6,29.2,38.3,35.2,35.2,33.5,25.5,27.6,29.0,29.7
09:46:52.000,85.1,60.7,70.9,70.4,67.1,66.5,67.5,72.5,71.5,58.7,55.5,60.6,62.0,61.4,57.7,49.6,53.3,49.2,53.0,56.6,46.9,49.0,57.3,54.7,50.4,39.8,40.4,47.9,36.2,36.8,32.8,39.2,35.1,35.9,36.6,25.9,27.7,28.9,29.3
09:46:53.000,81.8,61.0,70.8,69.4,64.8,64.3,68.1,69.5,64.2,61.6,57.6,58.9,63.3,62.0,57.6,52.1,55.2,52.4,57.8,60.1,56.8,55.6,55.4,49.7,45.3,43.5,40.1,38.8,37.5,37.2,31.2,40.3,36.2,35.0,33.4,25.6,27.8,28.7,29.2
09:46:54.000,82.1,65.3,71.6,66.3,67.9,71.5,67.4,66.8,62.6,60.0,52.7,59.4,62.1,62.7,59.0,51.5,57.2,53.3,58.4,63.1,54.3,55.3,64.4,64.1,58.4,48.6,48.8,51.9,41.0,38.3,30.0,40.3,35.1,38.8,38.0,26.2,28.4,29.4,29.1
09:46:55.000,83.8,63.3,71.9,70.6,63.9,66.1,70.0,69.2,68.7,59.6,57.0,60.0,63.1,61.7,59.5,53.3,54.9,50.6,60.6,61.9,58.0,52.5,59.5,61.6,52.5,44.4,47.2,54.5,43.0,45.3,31.8,40.0,36.4,36.4,33.3,25.8,28.6,29.8,29.4
09:46:56.000,79.4,58.5,70.3,62.0,60.9,64.7,65.9,62.2,63.0,61.5,52.8,58.0,62.6,64.3,60.3,52.6,55.3,50.7,56.1,52.1,53.5,52.4,51.6,43.3,36.5,31.8,33.6,40.6,42.0,40.3,32.7,38.1,35.3,36.2,34.5,25.8,28.3,29.0,28.8
09:46:57.000,84.1,48.2,69.7,70.8,64.5,67.8,71.1,66.1,64.5,61.6,56.4,60.1,61.1,65.0,61.4,51.4,52.3,49.4,41.6,36.8,38.8,32.9,29.7,27.8,28.9,30.6,31.7,32.0,32.9,31.7,31.1,37.6,35.9,37.2,37.6,25.6,28.4,28.9,29.3
09:46:58.000,83.2,48.2,69.6,69.3,69.6,61.8,68.4,66.5,65.1,58.8,55.7,61.2,63.8,64.9,61.4,50.8,54.8,48.5,46.8,39.7,45.1,37.2,30.4,27.1,29.0,29.7,30.6,31.5,33.7,33.8,33.7,37.9,35.8,36.7,35.4,26.0,27.5,28.6,29.5
09:46:59.000,84.5,48.1,70.4,66.6,68.7,67.2,66.2,68.8,63.1,64.3,58.3,59.8,64.6,65.0,65.1,53.4,54.7,50.4,42.6,37.3,32.1,29.3,27.4,26.7,27.5,29.2,30.8,30.6,31.6,31.4,32.4,38.3,31.3,36.0,36.7,25.8,27.6,28.5,29.1
09:47:00.000,83.7,62.8,71.8,70.5,66.9,60.5,68.7,67.1,63.4,61.6,58.8,60.3,64.1,64.4,61.0,52.6,55.9,51.7,53.0,56.7,57.3,53.7,63.5,59.4,50.2,45.9,43.1,47.5,35.3,36.7,34.5,38.9,32.9,36.2,35.0,25.3,26.1,26.9,27.6
09:47:01.000,83.3,64.7,73.4,71.7,65.3,60.1,68.6,69.6,66.5,59.3,57.7,62.9,63.9,66.0,61.8,53.2,54.9,55.9,62.7,61.6,58.8,55.6,62.4,63.4,53.9,45.8,48.7,57.8,42.9,41.5,33.3,39.0,34.2,35.6,36.0,25.2,25.5,26.2,27.0
09:47:02.000,82.3,59.9,71.6,69.1,64.4,63.6,67.0,68.4,64.1,62.3,59.1,59.0,66.5,65.6,58.6,53.2,56.4,54.0,60.3,59.9,54.7,54.7,60.0,55.8,47.1,44.7,45.0,41.8,34.0,33.9,32.3,37.1,33.6,36.9,37.1,26.4,27.4,28.7,27.8
09:47:03.000,82.9,60.8,70.7,73.8,70.3,65.8,68.6,70.1,64.7,63.1,59.4,59.1,62.7,60.6,57.7,51.4,55.0,49.7,60.9,61.3,55.7,52.2,57.9,60.1,50.9,39.4,42.6,51.6,40.3,39.7,31.8,37.3,33.7,35.8,34.7,25.4,26.8,28.0,27.8
09:47:04.000,86.5,48.1,69.8,71.8,68.5,66.8,67.8,69.2,67.3,61.5,58.9,58.6,64.2,63.4,61.2,50.3,52.4,50.1,44.5,37.5,33.0,31.1,30.9,31.0,28.0,29.4,31.8,30.8,32.1,31.2,31.0,38.7,34.4,36.8,35.8,25.4,25.8,26.2,26.8
09:47:05.000,84.9,48.0,69.0,63.0,65.5,64.0,68.7,68.2,63.0,62.9,59.3,58.2,60.7,60.8,58.2,49.7,52.9,47.3,45.0,37.4,37.5,31.9,29.8,28.7,28.8,30.0,31.4,31.8,32.9,32.0,32.3,37.4,35.3,36.8,35.4,25.6,25.5,26.4,26.9
09:47:06.000,84.3,47.6,68.4,71.6,65.9,65.3,68.2,68.3,65.9,59.8,53.6,56.0,61.4,59.1,58.7,51.2,54.3,48.4,46.7,40.4,42.4,35.0,30.6,28.1,28.8,29.9,30.8,30.3,30.9,29.5,29.9,37.8,35.8,36.1,34.4,25.5,27.6,28.0,27.3
09:47:07.000,87.7,48.0,69.3,69.5,67.0,68.3,68.9,67.4,67.9,66.5,56.4,58.3,66.3,61.3,59.9,50.1,52.7,47.1,46.5,40.8,43.0,35.6,29.6,27.2,27.4,30.0,31.2,31.7,33.1,33.6,34.1,37.2,36.1,35.8,33.6,26.0,26.5,27.1,27.0
09:47:08.000,84.8,48.3,69.1,71.0,67.3,68.3,70.0,66.8,65.8,62.5,55.1,61.8,64.8,62.9,61.1,53.1,54.3,47.9,47.0,42.3,45.0,37.0,29.4,27.0,27.7,29.1,31.4,32.0,32.4,31.8,32.1,38.0,35.3,39.2,38.3,25.3,25.8,26.2,26.6
09:47:09.000,88.1,47.1,68.4,72.7,68.7,66.8,67.0,62.8,63.2,61.3,53.7,57.1,61.5,63.0,58.8,50.8,52.7,46.0,43.7,35.5,32.5,30.3,30.1,28.3,28.9,31.0,32.0,32.5,33.5,33.5,33.4,37.7,34.3,35.2,33.5,25.1,25.3,26.1,26.5
09:47:10.000,80.7,47.1,68.3,67.2,67.2,65.7,69.1,68.7,64.3,59.6,55.2,59.2,62.4,63.3,59.6,51.1,51.9,46.8,41.2,36.3,36.2,30.7,29.3,27.2,27.8,29.4,31.2,31.5,32.5,31.7,30.4,38.2,36.0,35.7,35.1,25.4,25.8,26.7,26.8
09:47:11.000,81.5,46.1,68.2,72.9,74.5,68.9,65.7,69.3,62.3,62.4,56.8,59.3,62.7,60.7,57.4,50.5,50.9,43.2,38.3,33.2,29.7,29.6,29.6,27.1,28.0,29.8,31.4,31.3,32.5,31.5,30.4,34.6,35.2,35.7,36.2,26.0,27.2,27.8,27.2
09:47:12.000,82.9,46.1,68.6,68.9,72.2,70.0,70.6,69.0,66.8,62.7,56.8,57.8,60.9,60.4,56.6,48.4,49.3,44.2,41.7,35.8,33.6,29.9,28.4,26.6,27.6,29.9,31.5,31.6,31.4,31.8,31.0,37.2,35.2,35.3,34.5,26.6,27.8,28.5,27.4
09:47:13.000,81.5,45.7,66.2,66.8,69.1,65.5,67.1,64.4,58.7,57.1,56.5,56.2,58.7,57.6,55.7,49.7,48.0,43.5,39.4,32.3,28.7,27.8,28.2,26.8,26.3,29.4,30.2,30.4,31.8,30.6,30.3,35.4,31.3,35.9,35.2,25.5,27.1,27.5,27.0
09:47:14.000,81.8,45.8,67.4,70.5,71.1,67.4,69.9,70.3,63.5,60.4,55.5,56.6,61.7,58.4,54.5,46.2,51.4,46.2,39.7,33.4,29.0,27.7,29.1,26.7,28.2,29.9,29.9,29.8,31.2,30.1,30.4,37.1,35.1,37.2,37.1,25.5,25.4,26.0,26.6
09:47:15.000,83.5,45.5,67.0,67.6,69.9,66.0,67.6,66.0,59.3,61.7,56.4,57.0,59.2,59.5,51.8,46.3,49.0,45.6,39.6,33.7,27.3,27.1,28.7,27.5,27.1,29.2,30.7,31.3,31.4,30.3,30.2,37.3,36.2,36.4,34.1,25.1,25.8,26.5,27.0
09:47:16.000,82.4,46.2,66.6,69.6,66.2,65.0,66.1,61.7,63.0,62.3,57.7,58.7,61.3,58.6,55.6,45.7,50.5,45.9,40.5,34.3,31.1,27.8,29.3,27.8,28.3,30.0,31.3,31.4,33.4,31.8,31.9,37.7,35.1,35.6,34.6,25.3,26.3,27.3,27.8
09:47:17.000,84.0,46.1,67.6,75.7,77.1,69.3,68.1,69.0,61.6,59.7,58.8,53.7,58.8,58.2,54.1,46.6,51.0,46.3,41.2,35.5,29.6,26.5,28.8,27.9,28.0,30.4,31.4,31.7,32.8,32.2,31.8,37.9,35.4,35.8,35.0,25.6,27.4,28.3,28.1
09:47:18.000,84.2,46.4,67.4,70.6,69.3,66.2,71.3,70.5,60.5,59.3,58.7,55.9,60.6,61.6,55.5,45.9,51.1,44.8,41.9,36.1,32.6,28.9,29.3,28.6,29.1,31.0,33.0,33.1,33.8,33.4,30.8,37.8,32.8,38.1,37.1,25.2,26.7,27.8,28.2
09:47:19.000,83.0,46.7,66.8,72.3,70.9,67.1,64.5,62.2,62.4,63.2,56.9,57.1,60.6,60.1,57.0,49.3,48.2,44.6,41.6,34.3,30.2,28.2,29.2,28.4,29.7,31.3,32.8,33.3,33.9,33.2,32.5,38.2,34.7,36.2,36.9,25.6,26.8,28.1,28.4
09:47:20.000,82.0,46.8,67.0,70.1,69.9,65.3,66.9,66.2,62.2,61.1,53.2,57.3,60.6,61.5,56.3,47.6,50.4,46.9,41.1,37.4,38.3,32.6,29.3,28.8,29.9,32.6,32.4,32.8,33.1,31.9,32.0,38.1,35.7,36.2,34.7,25.5,27.1,28.4,28.6
09:47:21.000,84.6,46.7,68.5,68.8,64.7,68.0,71.4,68.7,63.4,59.9,56.2,58.5,57.6,59.4,55.3,49.8,47.3,44.3,43.6,40.4,44.6,36.6,30.1,28.0,28.7,30.3,31.1,30.9,32.3,30.1,29.5,37.7,35.3,35.2,32.7,26.3,26.8,27.9,28.7
09:47:22.000,85.1,47.4,68.4,76.4,71.0,67.0,70.0,69.6,62.0,60.2,58.3,59.2,62.0,58.4,55.8,48.6,50.0,47.3,43.2,38.4,42.2,35.6,29.5,28.8,29.1,31.0,30.9,32.2,32.4,31.6,30.5,38.1,36.1,36.6,36.3,25.6,27.3,28.5,29.0
09:47:23.000,81.7,47.3,67.8,71.0,71.9,68.7,67.6,67.5,64.1,61.1,56.6,59.4,60.6,61.1,57.5,51.0,53.4,46.9,44.0,37.5,37.5,32.4,29.7,28.4,28.8,30.6,31.9,33.2,33.7,31.3,31.1,39.2,35.8,36.8,36.3,25.8,27.2,28.2,28.9
09:47:24.000,82.8,47.3,68.6,71.2,67.4,68.2,70.9,70.0,65.3,60.9,53.2,60.4,60.1,62.0,58.7,51.2,53.5,49.9,45.6,38.8,39.4,32.5,29.1,28.2,29.3,30.9,32.1,32.6,33.1,31.4,30.4,39.1,35.8,36.4,35.3,26.4,28.1,29.1,29.2
09:47:25.000,84.2,47.2,68.5,67.6,68.6,68.9,73.3,68.9,60.7,62.7,54.1,56.4,60.3,61.2,59.2,50.7,52.7,46.4,40.9,34.9,31.4,29.1,29.5,28.1,29.5,30.6,31.8,33.1,33.0,32.1,31.1,37.5,35.1,36.5,37.5,26.2,26.9,28.3,28.2
09:47:26.000,89.3,46.5,68.9,73.3,69.7,67.3,72.1,69.9,64.5,60.8,57.2,58.2,59.6,60.2,56.5,51.1,50.4,43.7,39.6,33.2,31.5,29.5,28.7,27.3,28.0,30.0,31.8,31.7,32.4,31.3,30.6,37.0,34.6,36.8,36.9,26.0,25.9,26.5,26.9
09:47:27.000,90.1,70.3,75.2,74.8,69.4,67.0,66.6,64.6,62.2,61.2,55.7,57.0,59.6,61.6,57.0,50.7,49.1,59.5,68.1,56.6,65.1,64.3,68.5,68.0,56.5,54.7,52.2,53.1,52.0,49.4,50.5,43.6,35.5,35.2,35.3,26.2,26.2,26.9,26.9
09:47:28.000,88.9,68.5,73.8,70.5,67.2,66.0,68.3,64.7,63.7,61.3,54.4,60.5,61.3,57.7,55.8,46.7,48.1,61.1,57.1,57.4,68.9,58.5,66.9,65.2,55.0,52.2,48.7,48.9,45.7,45.8,33.7,38.2,34.5,35.6,36.4,26.0,27.3,27.7,27.1
09:47:29.000,83.7,49.1,66.3,66.6,63.2,65.2,71.2,69.7,60.2,60.7,53.2,58.1,58.9,56.4,51.5,47.3,46.8,47.8,41.3,35.1,39.9,33.2,36.2,34.0,30.2,30.9,30.5,30.7,31.4,30.2,29.5,38.4,35.6,36.4,36.0,26.5,27.5,27.9,27.2
09:47:30.000,88.0,46.2,66.8,69.5,64.5,66.4,70.8,68.2,62.1,57.9,53.1,56.2,57.0,54.9,52.6,49.4,46.4,42.7,39.7,35.1,36.1,30.9,31.6,31.3,29.0,29.8,30.4,31.9,32.0,31.0,31.5,37.9,37.0,36.5,35.4,26.5,27.3,28.1,27.5
09:47:31.000,85.4,46.1,65.7,67.2,69.3,69.5,67.2,61.3,60.9,56.3,56.5,57.7,57.4,56.0,51.1,47.7,47.5,41.7,38.3,35.0,31.0,29.8,30.1,28.5,28.5,30.2,31.4,32.3,34.0,32.6,33.0,38.6,37.0,37.1,37.8,26.4,26.3,27.3,27.7
09:47:32.000,87.3,46.6,66.8,70.2,66.4,70.1,68.0,66.4,63.2,57.5,55.3,61.5,60.3,56.2,52.9,47.7,48.8,45.0,44.1,42.2,45.5,38.7,31.1,29.0,28.5,29.7,31.6,31.2,31.2,30.1,28.5,35.5,37.1,35.0,34.7,25.9,25.9,26.4,26.9
09:47:33.000,90.0,46.5,65.6,75.1,70.5,69.4,64.5,64.0,61.9,59.3,53.0,58.6,57.5,55.7,53.6,45.5,48.3,42.6,38.7,34.9,33.3,30.7,28.8,27.9,28.7,30.9,31.7,32.1,33.1,32.4,31.9,38.4,36.7,36.4,36.0,26.3,25.9,26.7,26.9
09:47:34.000,88.0,45.6,66.1,70.5,70.3,71.2,68.7,66.3,61.7,58.3,51.7,59.3,59.4,56.5,52.8,47.8,45.5,40.2,39.0,35.1,36.5,30.2,28.3,28.3,28.6,30.4,31.2,31.0,32.5,29.8,28.3,37.1,36.5,37.8,38.4,25.7,25.9,26.2,26.8
09:47:35.000,84.3,44.9,65.7,67.1,62.2,67.3,68.4,65.6,60.6,57.2,55.5,56.3,59.0,56.2,54.4,47.9,48.9,43.1,37.8,33.5,30.8,27.5,28.6,27.4,28.4,30.5,30.8,31.0,31.7,31.7,30.9,37.2,33.9,35.3,33.5,25.5,25.1,25.9,26.6
09:47:36.000,89.0,45.3,67.1,71.6,70.0,68.4,69.8,66.5,59.1,59.9,58.8,59.1,59.4,58.5,55.4,48.1,50.2,45.1,39.0,34.0,32.2,30.3,28.0,27.9,28.5,29.9,30.4,31.2,33.2,31.8,29.7,37.3,33.2,35.1,34.1,25.4,25.3,25.9,26.7
09:47:37.000,86.3,46.0,65.8,68.0,67.9,68.3,68.8,64.7,60.9,58.7,56.0,58.3,57.2,58.1,55.2,48.7,51.5,46.0,40.0,35.3,31.3,28.7,28.7,27.4,28.4,29.9,31.5,31.6,31.6,31.8,30.1,36.4,35.5,38.1,36.9,25.9,27.5,27.7,27.2
09:47:38.000,83.0,45.1,65.2,66.7,67.3,69.7,69.5,63.9,62.3,58.4,52.6,55.6,58.4,55.8,52.9,46.8,51.1,44.8,39.6,33.3,33.0,31.0,27.8,27.1,27.4,28.0,30.1,30.3,31.5,31.4,30.8,37.7,31.7,35.3,33.4,25.7,28.6,29.6,29.3
09:47:39.000,80.2,62.5,67.9,63.7,65.6,63.5,63.8,62.9,62.4,57.5,52.9,55.9,58.1,53.6,51.6,48.2,49.6,45.6,40.6,55.1,49.7,47.3,54.8,56.9,47.2,39.6,40.9,42.4,34.2,32.7,29.8,37.1,31.9,36.3,33.3,25.6,28.5,29.4,28.8
09:47:40.000,81.7,68.8,72.2,66.0,64.4,64.9,67.0,64.4,59.6,60.9,54.5,53.2,57.0,50.8,51.3,48.5,54.0,54.3,52.9,59.2,58.8,55.0,63.6,68.2,61.9,54.7,51.6,55.0,41.0,40.1,32.9,38.5,38.8,37.9,38.4,26.5,27.4,28.3,28.9
09:47:41.000,84.8,64.1,69.9,61.3,66.6,67.0,61.3,61.9,58.9,58.1,51.2,60.7,60.0,51.3,50.6,49.2,53.5,50.6,58.9,62.6,55.6,61.0,58.0,56.8,51.4,45.1,45.6,51.3,43.7,44.0,34.3,39.6,38.8,36.1,33.5,25.9,27.4,28.2,29.4
09:47:42.000,80.3,65.3,70.6,65.0,64.9,62.4,63.7,65.2,63.4,58.4,51.3,55.1,56.5,53.3,50.0,50.7,52.8,47.8,61.3,61.2,60.3,59.8,63.7,65.6,58.7,49.6,46.1,41.6,36.0,36.7,33.1,38.7,37.3,35.3,35.0,26.6,27.2,28.0,28.9
09:47:43.000,79.8,51.9,64.2,65.9,63.5,64.8,65.0,65.0,59.7,59.2,54.5,56.5,56.0,52.8,50.0,47.3,47.4,43.3,42.7,37.6,38.8,36.8,37.6,44.4,38.0,31.1,32.7,32.6,31.2,31.1,31.5,39.0,38.5,36.8,36.9,25.6,27.2,28.1,29.0
09:47:44.000,82.1,46.4,65.1,70.3,68.4,70.6,69.8,62.3,62.7,59.8,52.1,60.0,59.1,54.0,52.6,47.5,46.2,43.7,38.5,34.3,31.0,31.0,30.8,31.9,34.0,33.5,35.6,35.5,33.0,31.4,32.6,38.8,34.9,34.8,34.2,25.7,26.1,26.7,27.3
09:47:45.000,86.0,48.1,63.2,65.1,65.8,66.7,62.1,57.6,58.0,58.3,53.7,50.1,54.3,54.3,52.2,46.3,46.3,42.1,42.9,40.0,45.4,38.2,32.9,32.2,33.9,33.2,35.0,34.1,33.1,31.9,30.5,35.0,36.5,36.8,37.3,25.9,25.5,26.4,27.2
09:47:46.000,85.8,47.2,65.7,70.9,72.1,71.5,66.8,62.8,59.3,56.0,56.5,56.2,56.8,53.7,51.9,47.5,48.6,43.6,39.2,36.1,35.0,32.9,32.5,32.7,36.1,33.9,35.0,33.8,31.9,31.9,31.8,38.7,37.1,35.2,35.9,26.0,26.4,27.0,27.0
09:47:47.000,79.6,48.1,64.3,66.5,68.0,68.4,65.2,63.3,61.1,58.1,54.4,57.6,56.0,57.7,54.2,49.1,46.0,43.8,39.9,37.1,36.7,33.1,31.6,33.8,36.1,34.6,37.0,36.2,33.5,33.0,33.8,38.8,38.3,36.3,35.2,26.4,27.7,28.9,28.3
09:47:48.000,88.1,48.6,65.3,70.7,69.8,69.0,68.5,60.7,58.5,58.9,55.0,55.7,59.0,56.1,53.4,50.3,48.6,44.2,40.2,37.6,36.0,35.8,34.6,34.6,37.1,36.4,38.9,37.2,33.2,32.1,33.3,38.3,37.0,35.6,34.9,26.3,26.0,26.6,26.9
09:47:49.000,88.2,49.6,65.8,66.4,69.2,65.7,66.1,66.2,64.3,60.0,56.5,55.2,58.0,57.2,56.5,50.2,49.3,46.5,41.9,39.0,37.3,36.5,34.4,35.8,38.2,38.4,40.9,38.8,36.4,34.8,34.4,39.0,39.6,36.6,37.3,26.7,25.6,26.5,26.9
09:47:50.000,88.4,51.3,64.9,69.5,72.7,70.7,68.8,61.9,57.3,58.1,52.3,54.2,58.1,54.2,53.2,46.6,49.8,47.2,42.2,41.6,39.3,39.2,39.3,40.8,42.9,42.0,42.4,40.0,38.1,36.3,35.5,38.9,36.1,36.6,36.9,25.9,25.6,26.3,26.6
09:47:51.000,87.8,52.3,64.6,72.3,71.4,63.5,59.6,61.4,60.3,56.8,49.8,56.8,58.8,55.2,53.4,47.8,48.5,46.0,42.9,41.9,41.0,40.7,41.2,42.8,43.7,43.0,43.5,42.0,38.5,36.6,35.3,39.5,38.1,36.3,35.9,26.4,26.0,27.0,26.8
09:47:52.000,84.6,61.6,68.4,67.7,69.1,68.3,65.4,62.4,58.5,59.5,53.0,58.1,57.4,54.4,51.5,48.5,49.8,49.2,51.8,58.3,54.2,58.2,61.9,49.9,46.0,45.8,47.4,48.2,41.1,41.5,37.3,37.8,39.8,37.3,38.0,27.6,27.3,28.1,27.1
09:47:53.000,84.2,63.5,69.7,72.5,71.6,67.2,65.5,60.7,57.8,58.6,53.0,57.1,57.6,55.2,52.3,53.3,54.2,50.5,60.2,60.3,59.5,57.7,62.1,61.1,54.8,47.1,46.5,46.7,39.6,38.5,36.1,38.3,40.4,35.9,35.0,27.7,28.1,28.4,27.4
09:47:54.000,86.9,62.4,69.4,62.8,61.0,60.9,62.1,63.5,57.0,59.4,55.5,58.5,57.2,55.5,54.3,50.6,51.9,58.8,61.1,59.3,58.6,57.5,58.9,54.9,47.8,45.6,46.1,51.3,43.3,41.3,38.6,39.9,38.8,35.7,35.7,27.5,28.6,29.3,28.1
09:47:55.000,83.6,62.7,67.8,71.5,67.5,62.6,63.8,58.2,54.5,54.3,56.5,57.4,57.9,54.4,52.2,49.6,50.9,52.3,55.0,54.5,49.2,45.9,50.0,55.4,54.8,47.2,47.2,48.2,40.7,39.4,37.2,38.7,38.0,37.5,37.9,27.3,27.4,27.7,27.1
09:47:56.000,84.2,63.1,69.2,61.9,63.9,62.0,64.6,63.7,58.3,57.0,55.7,59.3,56.7,59.1,52.2,50.8,54.2,53.3,56.5,62.7,57.1,57.6,60.4,59.7,54.9,47.5,47.4,47.0,43.0,41.8,38.5,38.9,38.6,38.8,39.3,26.9,26.2,26.6,26.8
09:47:57.000,79.9,61.2,68.2,62.4,67.7,69.2,65.8,63.3,55.6,59.2,56.6,58.2,58.2,57.5,56.7,51.9,54.3,54.8,60.1,51.4,51.5,51.6,57.4,54.2,49.5,46.9,46.1,47.0,44.7,43.4,41.2,41.4,39.8,35.6,36.9,27.8,26.5,27.2,27.3
09:47:58.000,79.9,56.6,66.3,67.1,66.1,58.6,65.0,64.3,56.5,57.8,56.6,60.2,58.7,58.9,57.2,51.6,51.0,49.3,50.2,49.4,47.8,49.5,48.7,48.9,48.3,47.5,46.7,44.8,43.4,42.3,40.5,40.2,36.9,38.3,38.8,27.5,27.9,28.5,29.0
09:47:59.000,82.0,56.5,64.6,66.3,61.9,58.9,57.4,60.7,57.5,58.0,52.9,58.3,57.3,54.8,53.5,48.8,49.3,48.1,48.2,51.0,46.0,46.7,46.4,47.2,48.2,47.4,47.1,46.2,44.0,42.6,40.3,39.6,37.4,37.2,38.3,28.7,28.2,28.8,29.1
09:48:00.000,77.8,57.4,66.1,61.0,61.3,58.2,60.4,58.4,58.2,57.2,58.2,58.9,57.4,56.0,56.6,56.2,49.7,48.8,54.5,51.3,50.4,48.8,47.5,47.6,47.9,47.9,47.9,46.9,45.6,45.3,42.4,41.2,40.8,39.0,36.6,30.3,30.2,30.2,29.2
09:48:01.000,78.3,56.8,65.6,61.5,64.5,62.1,58.5,57.1,56.3,58.5,53.7,53.4,58.6,57.3,56.1,58.8,52.2,47.5,50.8,44.3,44.4,44.8,44.6,45.3,47.1,47.3,47.2,47.0,46.9,44.8,41.3,41.1,40.7,40.2,41.3,30.3,29.3,30.6,29.8
