;HEADER SIZE...................,35                                             
;VEHICLE NAME..................,DELTA IV HEAVY                                 
;MISSION NAME..................,PARKER SOLAR PROBE                             
;MISSION TYPE..................,HELIOPHYSICS                                   
;MISSION OPERATOR..............,UNITED LAUNCH ALLIANCE                         
;MISSION CUSTOMER..............,NASA                                           
;LAUNCH DATE...................,12 AUGUST 2018                                 
;LAUNCH TIME  (UTC ZULU).......,07:31:00.000                                   
;EVENT DESCRIPTION.............,LAUNCH NOISE                                   
;EVENT SITE....................,SLC-37B, CCAFS, FL                             
;PROJECT.......................,ACRP PROJECT 02-81                             
;ORGANIZATION..................,BLUE RIDGE RESEARCH AND CONSULTING, LLC        
;RECORDER LOCATION.............,UCS 8                                          
;RECORDER LOCATION SHORT NAME..,UCS08                                          
;SAMPLES TOTAL.................,315                                            
;RUN NOTES.....................,NONE                                           
;CH NUMBER.....................,16                                             
;CH DESCRIPTION................,1/2" MICROPHONE FREE-FIELD                     
;TRANSDUCER MODEL..............,PCB 377B02                                     
;TRANSDUCER SN.................,306756                                         
;PRE-CAL SENS (mV/Pa)..........,N/A                                            
;POST-CAL SENS (mV/Pa).........,N/A                                            
;MEAS SENS (mV/Pa).............,50.000                                         
;ORIENTATION...................,INVERTED                                       
;WINDSCREEN....................,YES                                            
;GRID..........................,YES                                            
;PREAMP MODEL..................,PCB PRMLxT1                                    
;PREAMP SN.....................,46913                                          
;RECORDER MODEL................,LD-LxT                                         
;COORDINATES...................,GEOGRAPHIC                                     
;DATUM.........................,WGS 84                                         
;LATITUDE......................,28.567961                                      
;LONGITUDE.....................,-80.570709                                     
;MICROPHONE HEIGHT AGL M.......,0.0                                            
;CH NOTES......................,CONTINUOUS LOW-LEVEL TONAL NOISE 40 HZ         
;QC NOTE.......................,NONE                                           
AMBIENT,NaN,36.5,NaN,46.7,45.9,46.2,45.5,45.7,46.3,41.9,44.9,48.7,44.7,43.9,41.8,38.8,37.1,33.4,32.4,31.0,29.9,30.0,28.3,28.2,28.0,28.0,28.6,29.6,30.2,31.1,32.2,33.5,34.4,35.3,36.7,37.7,38.7,39.6,41.6
07:30:58.000,NaN,35.4,NaN,43.2,48.0,41.3,42.9,47.2,44.4,44.4,43.3,45.7,43.2,48.9,38.6,35.7,36.7,33.3,31.9,29.6,28.0,26.8,27.2,27.3,27.2,27.3,28.9,29.0,30.0,31.0,32.2,33.5,34.3,35.2,36.5,37.8,38.7,39.5,41.6
07:30:59.000,NaN,35.6,NaN,44.2,49.0,49.9,41.7,47.5,37.7,41.3,45.6,47.3,43.2,46.0,40.8,37.0,38.8,31.9,30.7,28.8,27.0,28.3,27.6,27.2,27.8,27.4,28.2,29.3,29.9,31.2,32.1,33.3,34.1,35.1,36.3,37.6,38.7,39.5,41.5
07:31:00.000,NaN,35.8,NaN,45.1,47.9,50.2,39.4,42.6,42.5,39.7,43.7,47.4,46.0,46.6,41.5,35.0,36.8,33.3,32.6,28.9,28.7,28.5,27.0,27.1,27.0,27.7,28.6,29.7,30.3,30.7,32.0,33.4,34.4,35.2,36.1,37.6,38.7,39.5,41.5
07:31:01.000,NaN,36.2,NaN,44.9,46.9,46.4,47.8,45.1,43.5,42.0,48.0,47.4,45.1,46.5,40.9,38.6,38.7,33.1,32.2,29.2,29.1,29.1,26.8,27.0,27.6,27.8,28.7,29.2,30.0,31.4,32.2,33.5,34.5,35.3,36.3,37.7,38.6,39.5,41.5
07:31:02.000,NaN,37.2,NaN,44.6,45.3,48.1,46.4,46.2,43.9,42.4,45.1,44.9,43.0,46.8,38.1,39.1,38.0,33.6,32.4,30.1,29.2,28.6,27.4,28.2,27.9,28.3,28.7,29.5,29.8,30.7,32.1,33.8,34.6,35.2,36.5,37.8,38.6,39.4,41.6
07:31:03.000,NaN,36.4,NaN,42.6,46.4,47.9,46.2,44.8,40.2,41.6,47.1,48.1,44.6,46.3,40.2,39.1,37.5,36.4,36.9,31.5,30.7,30.3,27.9,28.5,28.6,27.9,29.1,29.3,30.1,31.0,32.3,33.4,34.5,35.1,36.3,37.7,38.6,39.4,41.7
07:31:04.000,NaN,36.8,NaN,47.4,42.9,50.4,44.8,44.4,43.2,43.9,45.8,47.6,45.6,45.6,39.6,35.8,36.3,35.0,33.8,30.5,30.1,30.3,29.1,29.0,28.2,27.9,28.6,30.1,29.8,31.1,32.1,33.3,34.2,34.9,36.5,37.8,38.6,39.5,41.6
07:31:05.000,NaN,36.9,NaN,48.2,42.3,50.1,47.0,48.3,44.7,43.1,44.4,48.2,46.0,44.4,41.2,36.8,35.6,34.4,33.7,31.1,30.4,31.8,29.5,29.4,27.9,28.2,28.9,29.7,30.2,30.9,32.0,33.5,34.5,35.4,36.4,37.6,38.6,39.5,41.5
07:31:06.000,NaN,36.7,NaN,37.5,42.7,43.7,42.1,47.2,41.9,44.2,45.0,48.3,46.1,46.3,41.4,38.1,35.5,36.4,34.3,31.0,30.0,31.2,29.3,28.4,27.3,28.2,28.8,30.0,30.2,30.8,32.3,33.5,34.4,35.1,36.5,37.5,38.7,39.5,41.5
07:31:07.000,NaN,36.0,NaN,41.3,47.2,42.0,47.8,45.2,45.8,44.5,47.0,49.4,44.9,45.7,40.3,38.3,34.9,33.7,32.9,32.8,30.1,30.4,28.7,27.8,28.4,27.7,28.3,29.7,30.0,31.1,32.2,33.2,34.3,35.0,36.5,37.6,38.6,39.5,41.5
07:31:08.000,NaN,36.0,NaN,43.4,44.7,49.5,47.6,48.1,42.1,46.2,45.6,47.4,42.6,41.1,40.1,35.8,37.8,34.0,34.3,32.1,30.2,29.1,28.1,27.4,27.1,27.7,28.4,29.7,29.7,30.8,31.9,33.4,34.3,35.4,36.3,37.6,38.6,39.4,41.5
07:31:09.000,NaN,36.9,NaN,48.3,47.6,48.8,44.2,48.5,59.1,50.4,47.4,46.8,44.0,41.1,39.2,35.0,36.5,34.0,34.7,32.4,30.7,29.6,27.6,27.8,27.6,27.9,28.9,30.2,30.3,31.4,32.6,33.9,34.3,35.2,36.5,37.7,38.7,39.5,41.5
07:31:10.000,NaN,36.4,NaN,44.0,47.9,45.0,53.9,57.2,52.7,41.2,45.1,47.9,44.4,41.5,39.2,34.6,33.9,33.5,34.7,33.2,31.3,32.1,29.1,27.8,28.1,27.3,28.7,29.6,29.8,30.8,32.1,33.4,34.2,35.1,36.3,37.7,38.5,39.6,41.7
07:31:11.000,NaN,36.3,NaN,45.2,38.0,51.1,47.2,49.6,43.8,40.0,44.8,46.5,43.9,40.2,36.9,35.6,35.1,32.5,33.7,32.2,32.1,31.3,30.1,29.0,28.0,27.5,28.1,29.3,30.0,30.8,31.6,33.3,34.3,35.4,36.3,37.6,38.7,39.5,41.6
07:31:12.000,NaN,54.8,NaN,42.3,48.3,47.1,44.0,49.4,45.2,41.9,45.0,47.5,43.5,42.8,38.2,43.2,44.0,39.7,47.0,48.6,53.5,55.7,49.6,43.8,39.3,33.2,29.4,29.7,29.7,30.8,31.7,33.5,34.1,35.3,36.3,37.6,38.6,39.5,41.5
07:31:13.000,NaN,63.9,NaN,52.0,45.0,47.1,40.8,50.3,45.9,44.4,44.1,49.2,44.7,46.7,51.8,63.0,65.1,55.9,54.4,57.0,61.8,61.8,56.8,55.2,50.4,42.4,34.7,32.1,30.5,31.1,31.9,33.3,34.0,35.0,36.3,37.6,38.7,39.6,41.4
07:31:14.000,NaN,75.0,NaN,45.2,43.9,51.2,53.0,58.1,69.5,61.0,54.6,54.0,55.3,59.6,70.0,74.0,73.5,70.4,68.9,72.6,75.7,74.0,69.4,64.1,58.8,48.4,40.7,37.3,33.4,31.8,32.0,33.0,34.3,35.2,36.3,37.6,38.5,39.7,41.4
07:31:15.000,NaN,78.1,NaN,47.5,49.3,75.4,75.0,79.6,78.9,71.7,64.7,59.0,61.6,63.7,74.4,79.9,79.3,76.9,73.1,72.4,78.2,77.3,72.3,67.1,62.4,50.7,43.2,39.0,35.6,32.2,32.0,33.4,34.2,35.1,36.3,37.5,38.5,39.7,41.4
07:31:16.000,NaN,80.1,NaN,51.4,56.6,82.1,83.9,83.3,85.2,78.0,71.6,64.6,64.3,70.4,80.1,83.7,82.5,80.1,78.9,77.7,80.0,80.3,74.0,70.4,65.8,52.8,46.8,42.7,38.3,33.3,32.0,33.2,34.0,35.2,36.4,37.4,38.6,39.7,41.3
07:31:17.000,NaN,78.5,NaN,70.9,82.3,83.3,89.7,78.4,85.3,82.9,73.6,69.1,66.5,71.5,76.6,80.5,80.5,79.2,79.9,75.9,79.1,79.4,72.3,67.2,62.4,49.2,43.7,39.8,34.3,32.0,31.7,33.2,34.4,35.2,36.2,37.5,38.6,39.6,41.3
07:31:18.000,NaN,78.2,NaN,79.1,86.2,91.9,93.8,85.8,89.3,82.1,74.3,68.7,66.9,68.5,74.2,81.8,79.4,80.1,77.6,77.0,77.8,79.0,69.1,63.5,59.0,48.2,42.0,37.9,33.6,31.7,32.2,33.4,34.4,35.3,36.4,37.6,38.5,39.7,41.3
07:31:19.000,NaN,78.8,NaN,80.0,89.1,92.6,91.2,91.3,89.5,85.5,77.8,72.5,68.2,71.6,74.5,83.1,82.3,82.3,79.1,78.1,79.1,77.2,68.6,64.8,60.6,48.8,43.2,39.4,34.9,32.1,32.2,32.8,34.1,35.1,36.3,37.6,38.7,39.7,41.3
07:31:20.000,NaN,81.8,NaN,92.8,94.9,94.2,95.0,93.3,90.0,83.4,76.1,70.4,73.4,73.4,77.8,81.1,85.8,85.2,81.2,80.2,81.7,80.3,73.7,69.5,63.6,55.3,51.0,46.5,42.4,37.3,33.0,33.5,34.3,35.2,36.3,37.6,38.6,39.8,41.2
07:31:21.000,NaN,85.0,NaN,90.7,92.8,87.8,96.8,91.1,91.1,85.8,76.9,69.9,77.4,79.7,82.3,87.3,88.9,86.8,84.5,83.4,84.2,82.3,78.0,73.6,69.6,61.2,56.2,54.6,51.4,45.4,39.2,36.1,34.7,35.4,36.4,37.5,38.6,39.6,41.3
07:31:22.000,NaN,86.9,NaN,90.7,89.4,86.2,90.2,94.1,90.9,82.6,77.5,75.4,82.7,88.9,90.9,98.5,92.4,86.8,85.7,83.8,85.0,84.8,78.6,75.6,71.8,64.5,58.7,57.3,54.7,49.9,45.0,41.1,38.3,36.1,36.6,37.6,38.6,39.5,41.3
07:31:23.000,NaN,87.2,NaN,90.4,90.6,91.9,94.9,95.2,93.4,92.1,81.7,79.3,91.8,92.9,94.5,98.4,96.2,88.7,84.3,82.6,84.5,84.4,77.2,75.9,73.6,66.0,61.3,60.2,58.0,54.2,49.8,46.6,42.5,38.5,37.2,37.7,38.7,39.6,41.4
07:31:24.000,NaN,87.6,NaN,89.5,86.4,94.4,95.1,94.9,100.7,95.3,88.6,83.2,96.3,99.0,99.9,98.1,95.6,87.5,84.1,83.2,85.4,83.5,77.6,75.2,72.5,66.9,64.8,62.5,60.1,57.5,53.9,50.7,47.2,42.7,39.7,38.8,38.8,39.6,41.6
07:31:25.000,NaN,87.0,NaN,91.2,92.1,95.1,97.1,98.2,103.8,92.9,86.6,86.6,97.7,100.3,100.8,96.7,97.4,86.9,84.1,83.2,84.0,83.6,77.0,73.4,70.3,64.8,61.6,59.7,57.2,55.2,50.7,48.1,45.0,40.6,38.5,38.4,38.8,39.8,41.6
07:31:26.000,NaN,84.9,NaN,88.4,91.3,98.4,102.5,105.8,102.9,99.0,91.0,87.7,96.3,99.7,96.9,97.0,92.5,86.7,84.0,81.2,82.9,80.9,74.9,72.2,68.8,62.3,57.7,55.2,52.9,50.6,45.6,42.5,39.2,36.6,36.8,37.8,38.9,39.7,41.5
07:31:27.000,NaN,87.3,NaN,82.8,91.8,105.7,105.3,108.3,104.6,93.0,87.2,93.7,97.8,97.0,97.1,97.2,93.8,87.6,85.9,82.7,85.1,83.5,79.3,77.1,73.6,66.5,62.3,62.1,59.4,57.3,50.4,48.8,46.2,42.1,39.3,38.8,38.8,39.7,41.4
07:31:28.000,NaN,89.2,NaN,86.4,100.2,104.8,101.8,107.4,98.5,89.5,83.1,97.8,96.8,95.6,96.6,98.0,96.5,90.9,88.6,86.9,85.9,86.6,80.3,78.8,74.6,68.5,64.6,63.4,62.2,59.8,56.2,54.6,51.7,47.4,44.5,41.3,39.3,39.8,41.4
07:31:29.000,NaN,88.1,NaN,98.7,100.9,108.0,99.2,103.4,94.9,88.4,92.6,99.0,99.0,97.6,99.3,98.5,94.3,92.8,89.5,86.8,87.1,83.9,77.9,74.6,70.4,64.0,61.2,59.2,56.4,54.1,51.5,48.7,48.0,44.4,40.3,38.7,38.9,39.5,41.3
07:31:30.000,NaN,89.3,NaN,94.2,100.8,106.8,99.5,97.4,94.5,88.4,92.9,98.7,95.9,94.9,98.2,98.3,93.0,88.2,89.2,87.4,89.0,86.7,78.3,75.0,71.4,67.5,62.5,62.0,59.8,55.2,50.8,49.8,47.4,41.2,39.7,37.9,38.7,39.7,41.3
07:31:31.000,NaN,93.5,NaN,96.1,104.6,102.1,89.2,91.1,93.2,91.1,92.7,96.6,95.2,100.1,100.8,99.8,94.0,89.0,89.2,91.0,93.9,92.4,86.4,83.4,79.1,74.8,69.8,67.8,68.6,63.4,59.5,58.3,57.2,52.5,49.4,45.5,42.9,40.0,41.4
07:31:32.000,NaN,93.4,NaN,102.0,96.4,95.4,96.3,95.4,96.1,90.6,96.0,96.4,96.7,101.5,100.0,98.0,92.9,90.8,91.1,92.0,93.0,90.8,86.9,86.6,83.9,75.4,71.2,71.9,70.5,64.7,58.2,56.8,56.1,51.6,47.2,45.5,42.3,39.9,41.4
07:31:33.000,NaN,91.1,NaN,96.0,94.8,95.5,94.9,92.1,93.8,95.8,99.0,98.0,101.3,99.4,97.2,98.0,95.4,91.1,90.3,90.4,91.5,88.7,83.4,81.8,78.4,72.1,70.5,70.5,68.5,63.2,57.6,56.8,55.1,48.6,43.9,40.8,38.9,39.7,41.5
07:31:34.000,NaN,90.7,NaN,94.4,97.7,95.3,95.6,95.8,97.1,101.8,103.8,99.4,102.8,99.7,101.5,97.4,94.2,91.8,88.8,88.0,87.7,88.5,83.2,82.6,79.2,71.9,67.2,66.8,65.3,62.6,57.5,55.6,52.3,46.9,42.3,39.1,38.8,39.7,41.5
07:31:35.000,NaN,93.2,NaN,90.4,92.8,93.5,97.3,98.4,96.9,99.2,100.5,99.8,102.9,102.1,102.1,94.7,93.8,92.8,90.6,91.3,92.9,89.5,85.5,85.9,80.2,72.1,69.8,69.0,68.0,65.7,61.2,59.1,56.2,50.8,45.3,41.4,39.3,39.8,41.4
07:31:36.000,NaN,96.0,NaN,86.2,93.0,93.9,98.4,96.4,97.8,100.2,99.7,101.3,106.4,105.7,103.0,98.7,92.7,93.2,92.9,92.0,93.5,93.6,88.5,89.7,84.8,79.2,77.6,77.1,75.4,72.6,68.3,67.2,64.0,60.0,56.8,51.9,44.8,41.2,42.0
07:31:37.000,NaN,98.6,NaN,85.9,95.5,93.6,96.2,97.4,99.9,100.7,103.3,107.3,106.8,107.0,106.9,101.2,96.8,95.7,92.5,94.0,96.6,94.6,92.2,93.7,88.3,83.9,83.6,81.2,78.5,74.6,72.8,71.3,69.1,65.8,63.3,59.2,53.0,46.3,42.9
07:31:38.000,NaN,99.7,NaN,89.5,93.9,97.2,98.1,98.0,98.1,106.0,105.6,106.3,105.6,107.1,106.9,105.3,101.0,102.1,98.8,98.9,99.4,94.7,91.3,92.0,85.4,80.7,81.2,82.2,81.0,76.1,72.9,72.1,70.8,66.0,61.9,57.1,50.7,44.3,42.4
07:31:39.000,NaN,101.5,NaN,89.6,97.7,96.4,98.6,101.6,104.1,104.5,104.4,107.8,110.9,110.5,108.3,105.1,102.5,101.0,100.4,100.1,100.2,96.5,95.1,93.7,88.4,86.3,82.9,79.0,82.0,82.0,77.4,75.1,75.3,69.9,67.0,64.5,59.3,52.4,46.4
07:31:40.000,NaN,102.6,NaN,91.0,93.5,98.0,103.5,101.4,103.5,107.7,109.9,110.0,110.2,109.2,103.3,100.8,101.9,99.5,100.2,102.4,102.7,98.1,98.3,95.1,89.0,85.7,86.5,87.2,85.9,82.1,80.3,78.2,77.4,72.8,71.4,70.5,64.7,58.5,53.4
07:31:41.000,NaN,100.2,NaN,84.4,93.8,95.8,97.2,100.4,102.1,107.2,109.7,108.4,110.5,108.7,105.0,105.0,101.4,101.0,99.8,99.4,99.7,93.4,94.1,91.8,90.0,87.3,86.0,84.5,81.2,78.3,76.1,75.9,75.1,70.2,69.4,67.0,60.2,55.7,47.5
07:31:42.000,NaN,102.1,NaN,90.9,92.7,100.5,102.4,102.9,108.7,106.4,106.0,107.0,108.9,108.8,104.4,104.7,100.9,101.6,98.5,99.3,98.6,96.4,95.8,92.1,89.4,89.8,89.3,89.1,88.4,86.4,84.5,85.6,84.4,82.0,78.9,77.1,71.6,66.5,59.2
07:31:43.000,NaN,97.1,NaN,92.6,96.0,99.5,100.4,104.5,105.3,107.2,107.5,108.3,105.2,106.5,103.8,102.3,98.5,97.4,98.8,98.5,95.6,93.4,91.7,85.8,81.7,81.5,80.0,77.9,75.9,72.7,70.2,69.0,66.8,61.0,55.7,49.1,41.7,40.2,41.7
07:31:44.000,NaN,97.6,NaN,91.0,96.0,101.7,96.9,103.2,104.0,107.7,108.8,107.5,106.4,103.5,103.4,100.2,99.7,101.1,99.2,98.7,95.2,92.1,88.9,87.0,83.8,82.8,81.3,79.1,76.5,75.1,72.0,70.5,69.1,68.2,62.0,59.9,53.1,46.4,43.2
07:31:45.000,NaN,101.0,NaN,92.6,96.4,98.1,103.8,106.5,107.8,108.7,111.6,107.9,106.1,103.7,104.1,103.7,99.9,100.8,100.1,99.3,98.4,97.2,93.7,92.0,91.7,89.5,87.3,84.9,83.6,81.8,77.4,76.7,75.1,74.0,68.7,64.2,57.8,47.8,43.5
07:31:46.000,NaN,99.4,NaN,95.9,97.1,102.7,101.6,103.5,109.1,110.6,111.6,106.6,105.7,106.9,105.3,103.5,100.1,98.6,98.8,95.4,93.6,91.6,89.6,90.8,90.8,90.0,87.2,86.4,84.2,84.7,82.2,81.1,80.7,79.0,74.2,69.5,59.2,54.0,49.2
07:31:47.000,NaN,102.0,NaN,92.4,95.1,101.2,107.6,105.7,108.8,110.9,108.9,107.9,106.7,104.8,104.8,100.8,100.8,101.8,102.1,100.6,98.4,96.1,94.0,94.2,93.5,89.7,88.2,85.9,84.0,84.4,82.2,82.2,81.0,79.6,74.3,70.8,62.6,56.3,49.8
07:31:48.000,NaN,99.4,NaN,88.1,100.4,101.4,106.0,106.4,107.9,109.2,105.6,108.6,105.4,107.1,104.6,99.7,101.6,102.1,101.9,98.2,97.9,95.1,89.8,90.4,87.3,85.7,82.4,81.0,79.4,79.9,75.4,75.6,73.7,71.4,65.0,58.7,50.8,46.6,43.4
07:31:49.000,NaN,97.8,NaN,92.8,99.4,102.1,106.1,108.1,107.8,106.3,105.7,106.2,105.3,104.5,102.2,101.6,101.0,101.6,100.9,97.2,95.4,92.4,90.0,89.1,85.2,83.7,80.0,78.2,76.5,76.4,73.3,72.8,70.7,67.4,59.2,55.1,46.6,41.4,42.0
07:31:50.000,NaN,99.6,NaN,96.5,102.0,107.5,109.0,106.3,108.1,104.6,106.6,106.4,104.9,106.6,102.7,100.5,101.3,102.7,98.8,98.5,97.5,94.2,93.7,93.2,88.8,86.6,82.1,78.2,77.5,76.1,72.4,72.2,67.3,64.9,56.6,51.9,44.6,41.2,42.2
07:31:51.000,NaN,98.9,NaN,94.6,100.9,106.6,110.0,109.0,107.1,108.1,108.1,110.1,106.5,106.6,100.5,98.7,102.5,101.7,98.8,96.9,95.1,91.4,90.1,87.9,88.9,86.8,85.0,82.8,82.5,83.0,79.5,79.4,78.0,77.3,69.5,65.5,61.3,55.7,50.4
07:31:52.000,NaN,97.6,NaN,96.4,101.6,100.2,105.0,110.0,108.1,109.2,105.6,104.9,107.2,105.9,101.4,102.4,102.6,99.8,98.4,97.2,94.9,93.2,90.8,89.2,86.5,82.6,81.5,79.1,77.0,75.1,70.5,71.6,73.4,71.5,64.4,59.7,54.3,45.9,43.4
07:31:53.000,NaN,100.2,NaN,99.6,107.3,109.4,106.5,108.9,107.7,109.3,107.4,108.6,107.2,105.2,103.0,102.8,102.8,101.7,99.0,98.0,96.2,95.9,93.3,91.3,89.7,88.7,85.3,83.0,82.1,80.5,76.8,75.2,74.1,70.3,61.9,57.3,54.9,46.7,42.8
07:31:54.000,NaN,101.2,NaN,102.8,105.2,107.3,110.2,106.0,109.2,109.1,106.1,105.0,106.4,103.8,103.6,102.8,102.7,102.3,100.5,100.8,98.3,97.7,94.1,93.4,90.5,89.3,86.8,83.7,85.2,85.7,83.9,80.9,81.0,77.5,70.7,66.5,66.4,61.8,55.5
07:31:55.000,NaN,96.6,NaN,96.4,98.7,106.4,106.9,106.4,103.5,106.7,108.8,106.0,105.4,102.5,100.2,102.5,101.7,98.9,99.0,97.1,96.1,93.7,88.1,87.4,86.0,81.9,79.1,75.3,73.9,72.8,68.5,66.0,63.8,59.5,54.3,51.9,44.1,41.3,42.1
07:31:56.000,NaN,92.8,NaN,104.3,96.5,101.4,107.4,109.0,107.3,106.6,105.2,105.9,104.8,102.2,101.7,100.0,99.1,98.0,93.6,91.5,89.4,87.0,82.8,83.5,80.6,77.0,74.4,70.2,68.4,67.2,65.2,63.1,62.5,54.8,47.5,43.1,39.8,39.9,41.7
07:31:57.000,NaN,93.9,NaN,102.3,101.3,105.5,105.4,106.7,105.2,108.4,105.1,105.1,104.2,102.2,102.3,100.1,98.5,96.3,96.0,92.9,90.9,88.6,84.7,83.2,79.9,74.7,74.4,72.9,70.1,69.0,66.6,62.7,61.4,54.6,49.3,43.7,40.1,40.0,41.7
07:31:58.000,NaN,95.0,NaN,101.6,109.6,105.2,102.7,104.5,104.8,105.1,106.4,103.7,101.5,102.6,101.2,100.4,99.4,96.9,96.1,94.6,93.5,91.2,87.0,86.0,82.9,79.8,78.5,75.4,74.7,73.5,72.6,69.9,67.1,59.7,53.0,48.2,41.5,40.3,41.7
07:31:59.000,NaN,93.8,NaN,107.0,107.6,106.7,99.2,103.0,104.5,105.3,106.7,100.9,103.5,100.9,101.4,100.0,98.1,96.6,95.4,93.0,91.8,88.9,85.4,85.9,81.2,79.7,76.9,71.2,70.4,71.2,67.8,63.6,62.4,56.1,51.7,46.2,41.5,40.0,41.7
07:32:00.000,NaN,96.5,NaN,100.7,107.6,103.9,102.8,103.9,101.3,104.9,103.0,103.6,100.2,101.7,102.0,99.6,100.0,98.1,97.6,93.8,93.1,92.0,88.9,89.6,86.2,84.1,81.3,76.2,75.9,75.8,74.8,70.5,69.9,61.4,61.6,57.4,49.8,43.7,42.0
07:32:01.000,NaN,94.4,NaN,101.9,102.3,104.7,105.8,104.2,104.0,102.0,104.2,104.0,99.5,101.9,100.4,100.0,98.4,98.7,96.3,93.5,92.0,90.1,85.7,85.1,80.6,77.7,75.1,71.0,71.5,72.9,69.1,66.5,64.9,57.6,59.0,51.8,43.6,41.0,41.7
07:32:02.000,NaN,93.6,NaN,105.4,103.0,105.6,100.0,105.1,99.2,104.1,104.1,101.5,103.4,99.9,99.3,99.4,98.3,98.1,96.2,92.7,92.0,88.9,83.4,81.4,78.3,77.0,74.4,71.1,71.7,72.6,68.6,61.9,58.2,48.6,47.8,40.1,38.9,39.9,41.5
07:32:03.000,NaN,92.1,NaN,96.2,105.4,98.6,101.8,104.8,99.6,105.5,102.9,101.8,100.3,102.1,101.3,98.5,98.0,96.0,93.1,90.7,88.8,86.9,83.7,82.9,79.4,78.9,75.0,72.3,69.6,68.4,67.7,61.2,57.1,50.3,50.0,41.6,39.1,39.7,41.6
07:32:04.000,NaN,91.8,NaN,103.6,100.0,105.4,102.6,98.1,105.8,104.6,103.1,101.3,101.8,101.5,99.9,100.0,97.9,94.5,92.9,91.6,90.5,86.9,83.0,82.5,79.4,76.7,74.2,70.3,66.7,64.5,60.6,51.3,46.4,42.6,39.8,37.9,38.9,39.9,41.6
07:32:05.000,NaN,94.1,NaN,99.6,99.9,100.4,98.9,101.1,99.3,104.5,104.5,103.8,99.3,100.5,99.4,100.6,97.7,98.2,95.3,93.2,91.0,88.2,85.3,84.3,80.9,79.1,77.2,73.9,72.2,71.0,69.4,61.8,59.5,51.0,49.7,48.7,43.2,40.0,41.6
07:32:06.000,NaN,92.7,NaN,103.0,101.1,99.2,97.7,101.5,99.8,104.3,103.1,101.3,102.7,102.9,99.2,99.0,98.1,97.2,95.5,91.5,90.6,88.3,84.0,81.9,77.8,76.2,73.0,69.1,66.8,65.2,61.6,56.4,50.0,47.6,44.8,38.9,38.9,39.9,41.5
07:32:07.000,NaN,90.8,NaN,97.9,103.1,101.4,97.9,101.1,103.1,105.3,101.9,100.9,101.3,100.8,99.0,98.3,95.7,94.8,93.0,89.7,87.4,85.5,82.2,80.7,76.0,72.4,70.0,68.1,66.4,65.1,62.7,54.5,49.3,44.2,42.7,38.0,38.9,39.7,41.4
07:32:08.000,NaN,90.5,NaN,102.5,102.8,98.3,100.9,100.4,103.8,102.6,105.5,102.5,100.4,98.9,96.9,96.3,95.5,94.1,92.0,90.5,88.5,86.2,82.1,80.7,77.9,76.2,74.0,69.5,67.6,65.3,61.3,54.1,45.9,40.3,37.7,37.8,38.7,39.8,41.5
07:32:09.000,NaN,89.9,NaN,104.7,100.5,95.8,97.3,97.7,101.6,103.9,101.0,97.3,99.7,99.0,99.4,98.1,94.3,92.7,90.1,89.3,88.7,86.6,82.1,81.2,76.4,74.5,71.9,67.2,62.3,59.8,59.0,54.3,53.4,48.1,43.8,39.5,38.8,39.7,41.5
07:32:10.000,NaN,88.9,NaN,97.1,101.7,98.7,101.7,104.5,101.2,103.6,103.2,102.2,98.3,99.5,95.3,96.4,93.8,91.0,90.6,88.0,87.2,84.2,80.6,78.0,73.7,72.7,71.7,67.7,64.2,61.8,55.8,49.7,46.9,44.9,38.7,37.7,38.8,39.8,41.5
07:32:11.000,NaN,89.1,NaN,101.6,101.4,93.7,99.6,100.9,102.1,102.8,100.7,100.7,100.4,98.8,96.3,95.2,94.4,92.8,90.5,89.0,86.6,84.0,80.9,79.0,74.4,73.2,71.9,67.9,64.9,62.0,57.4,53.7,47.1,41.1,37.3,37.6,38.8,39.7,41.4
07:32:12.000,NaN,89.4,NaN,99.3,98.7,96.7,101.3,99.6,100.6,100.4,101.9,99.7,97.9,99.0,92.8,96.5,94.5,94.3,91.9,89.6,87.4,85.0,81.1,77.2,73.8,72.0,68.6,63.8,60.5,57.9,54.2,52.1,50.9,43.9,39.7,38.0,38.9,39.7,41.4
07:32:13.000,NaN,88.2,NaN,99.3,93.1,95.6,101.5,99.8,100.2,101.3,101.8,99.1,98.9,93.8,96.6,95.5,95.1,92.4,89.9,88.0,85.6,83.9,78.5,77.3,74.4,70.8,68.0,64.0,59.2,55.4,51.8,50.8,44.9,39.9,37.3,37.8,38.7,39.7,41.6
07:32:14.000,NaN,87.8,NaN,102.6,99.4,98.3,106.0,101.7,99.8,104.1,99.8,97.6,96.7,98.4,95.2,93.7,93.1,91.7,89.8,88.2,84.8,81.7,77.2,74.6,71.1,71.0,67.3,66.7,63.1,61.4,56.4,56.1,51.1,42.9,38.3,37.8,38.8,39.7,41.4
07:32:15.000,NaN,89.2,NaN,101.0,99.3,95.8,103.9,99.1,99.7,99.7,98.7,100.1,97.6,99.2,95.3,95.1,93.4,93.8,91.7,88.5,86.5,84.4,79.6,76.5,74.2,69.9,67.5,65.3,60.9,58.7,54.8,51.4,46.1,39.1,37.3,37.5,38.8,39.8,41.4
07:32:16.000,NaN,89.7,NaN,95.2,95.4,99.5,97.1,99.0,100.4,98.5,100.4,101.7,98.2,96.4,95.1,96.0,94.6,94.1,92.7,89.0,87.3,85.0,80.8,79.3,75.9,75.1,71.6,68.9,65.8,62.6,58.7,54.9,52.7,44.7,42.3,38.2,38.6,39.7,41.4
07:32:17.000,NaN,87.4,NaN,95.2,97.2,96.2,99.5,98.4,101.8,99.6,100.0,99.7,98.5,96.4,96.8,95.3,92.9,91.5,89.6,87.6,85.1,83.3,79.2,76.3,72.6,71.1,67.6,64.9,63.9,60.8,54.6,50.5,45.8,38.4,36.5,37.4,38.5,39.8,41.4
07:32:18.000,NaN,87.0,NaN,96.1,100.7,97.6,99.3,96.1,100.9,100.6,99.9,98.1,96.1,95.1,95.9,93.6,93.2,91.6,88.7,86.8,84.5,82.4,77.9,73.9,71.5,69.5,67.4,63.6,59.9,54.0,49.2,46.8,40.0,36.3,36.5,37.5,38.8,39.5,41.4
07:32:19.000,NaN,86.5,NaN,90.8,101.0,100.1,101.4,102.2,101.4,97.7,97.8,98.4,97.6,96.1,95.5,93.3,93.1,90.9,88.1,85.9,83.0,81.2,76.7,75.3,72.6,72.2,69.6,64.9,59.1,58.2,54.3,54.7,49.4,40.6,36.6,37.6,38.5,39.7,41.4
07:32:20.000,NaN,86.8,NaN,97.1,97.0,99.6,99.1,100.7,97.7,96.8,98.5,98.7,97.5,95.7,96.0,94.4,91.5,91.0,89.3,86.8,84.1,81.9,78.5,76.8,74.1,72.3,68.4,65.5,57.4,51.3,45.2,44.4,39.1,35.6,36.4,37.4,38.7,39.8,41.4
07:32:21.000,NaN,86.0,NaN,95.5,96.1,94.1,100.9,98.4,96.6,99.1,97.4,95.0,96.6,94.9,95.2,92.9,91.4,90.8,88.9,85.7,82.2,79.6,76.1,73.1,70.8,67.1,63.4,59.5,55.5,50.8,42.9,40.9,36.7,35.2,36.4,37.6,38.7,39.9,41.5
07:32:22.000,NaN,86.2,NaN,93.7,97.0,92.5,100.9,101.0,98.8,95.7,100.4,97.0,94.3,94.2,95.0,91.9,91.2,90.8,89.4,85.3,84.1,82.4,76.3,73.5,69.8,68.7,67.7,64.2,60.7,54.3,51.0,45.9,40.2,35.7,36.5,37.5,38.6,39.7,41.4
07:32:23.000,NaN,84.2,NaN,90.4,98.6,98.9,99.5,99.8,99.6,99.4,97.9,96.2,94.9,93.9,93.5,90.8,90.0,88.9,87.3,85.0,82.2,79.8,75.5,72.1,68.1,65.5,63.1,58.6,51.9,45.5,41.5,38.4,35.0,35.3,36.5,37.6,38.5,39.7,41.2
07:32:24.000,NaN,83.9,NaN,90.8,96.5,99.7,97.6,100.8,99.7,97.9,97.8,95.8,95.0,92.2,93.0,91.6,89.6,88.7,86.2,82.0,81.2,78.9,76.4,73.4,70.4,69.9,65.8,61.0,57.6,52.7,48.4,45.2,43.4,35.8,36.6,37.6,38.7,39.8,41.3
07:32:25.000,NaN,82.5,NaN,93.9,93.1,97.1,99.4,97.1,96.9,97.0,96.2,95.8,94.8,91.7,92.2,90.1,88.8,86.3,83.4,81.3,78.7,76.9,72.9,69.1,65.9,66.1,64.9,61.3,56.0,47.5,42.6,41.3,40.5,35.4,36.3,37.7,38.6,39.6,41.4
07:32:26.000,NaN,82.2,NaN,98.5,96.8,97.2,99.2,100.8,97.7,96.9,94.6,97.3,94.1,92.7,92.1,89.9,89.2,87.4,84.1,80.2,78.5,77.6,73.7,71.1,68.8,68.1,66.1,63.1,58.5,50.5,43.8,39.6,35.0,35.2,36.4,37.6,38.6,39.7,41.6
07:32:27.000,NaN,82.9,NaN,97.6,92.9,99.0,99.2,97.2,101.3,93.1,96.3,94.0,94.9,92.3,91.6,89.2,87.2,85.9,85.2,82.5,79.5,77.2,74.3,71.3,68.9,68.2,67.9,63.7,60.6,50.9,48.5,48.7,41.8,36.5,36.6,37.6,38.7,39.7,41.4
07:32:28.000,NaN,82.0,NaN,97.4,95.7,95.0,97.4,96.1,96.7,96.6,96.9,94.4,94.6,92.2,91.3,90.4,88.2,85.3,83.7,81.0,79.9,78.5,74.8,69.4,64.5,63.6,62.3,57.4,53.0,45.4,42.5,39.0,35.4,35.3,36.4,37.7,38.7,39.6,41.3
07:32:29.000,NaN,81.4,NaN,101.5,98.1,96.2,99.2,101.5,98.1,98.6,96.7,93.9,92.8,92.6,91.8,89.2,87.7,85.8,83.3,80.0,79.2,76.6,71.8,66.7,62.3,61.1,59.2,54.7,49.7,41.2,37.8,35.7,34.4,35.1,36.4,37.5,38.6,39.6,41.4
07:32:30.000,NaN,80.7,NaN,99.7,95.8,93.7,97.3,96.6,96.2,96.5,96.7,94.6,90.6,92.0,91.4,88.9,86.5,85.5,83.3,80.0,77.8,74.4,70.5,67.2,63.4,62.7,59.5,54.8,49.6,41.8,36.2,34.4,34.1,35.2,36.4,37.5,38.6,39.7,41.3
07:32:31.000,NaN,80.7,NaN,99.2,96.3,93.4,96.3,97.4,96.3,96.0,95.5,93.9,93.7,92.7,91.0,90.1,86.6,85.4,82.7,80.3,77.3,76.4,71.3,66.9,66.1,64.6,64.2,60.0,53.5,44.0,39.9,37.0,34.5,35.1,36.4,37.6,38.6,39.5,41.4
07:32:32.000,NaN,81.5,NaN,96.0,92.8,97.9,91.6,95.1,93.5,93.0,95.3,93.0,92.8,91.1,87.6,88.6,87.8,86.0,84.7,80.2,77.5,76.0,72.8,68.8,65.8,65.4,63.3,57.1,51.2,43.1,39.5,37.7,34.8,35.2,36.5,37.5,38.7,39.6,41.4
07:32:33.000,NaN,81.2,NaN,98.5,95.8,91.9,94.6,94.7,96.6,96.4,94.5,89.2,92.7,89.4,91.1,88.3,87.7,86.0,84.2,79.8,77.5,75.2,71.8,67.8,65.0,63.3,60.3,56.6,49.1,39.9,35.5,35.4,34.1,35.2,36.3,37.4,38.6,39.7,41.3
07:32:34.000,NaN,81.6,NaN,92.2,94.8,93.6,96.1,94.6,98.2,92.8,95.3,93.6,93.0,92.1,88.9,89.2,87.3,84.5,84.3,81.2,79.1,75.8,71.0,68.0,67.1,62.5,61.0,54.9,52.9,43.5,39.0,36.5,34.3,35.1,36.3,37.5,38.7,39.7,41.4
07:32:35.000,NaN,79.3,NaN,94.5,88.1,93.6,94.7,93.9,95.9,94.2,94.7,93.3,92.0,91.8,88.3,88.3,85.8,84.9,82.3,79.3,77.6,74.9,70.7,65.7,64.2,58.2,58.7,53.2,44.0,34.6,32.5,33.1,34.0,35.0,36.4,37.4,38.6,39.5,41.3
07:32:36.000,NaN,79.0,NaN,92.8,87.8,92.4,91.0,97.5,94.7,95.9,92.1,88.9,91.0,90.9,88.4,86.6,86.9,83.8,82.0,77.7,75.7,73.3,69.8,64.7,62.5,58.3,54.4,49.2,43.7,34.9,32.9,33.0,33.9,35.2,36.5,37.5,38.6,39.6,41.5
07:32:37.000,NaN,79.3,NaN,94.1,93.4,89.4,95.4,93.4,93.3,95.3,92.9,91.8,87.6,89.9,88.1,86.7,85.0,81.8,82.3,79.3,77.2,74.5,71.0,65.4,65.1,61.7,59.3,55.4,48.5,38.4,34.8,34.5,33.7,35.0,36.4,37.6,38.8,39.7,41.4
07:32:38.000,NaN,78.5,NaN,90.6,94.6,92.9,94.5,94.2,94.3,93.3,92.2,92.1,91.2,89.1,87.7,84.2,85.0,83.3,81.7,79.4,75.9,73.7,69.1,63.6,62.1,59.9,57.4,51.3,43.9,35.0,32.4,33.2,34.1,35.3,36.4,37.5,38.7,39.5,41.3
07:32:39.000,NaN,78.9,NaN,94.8,94.7,94.9,96.0,94.7,95.1,93.0,92.2,90.5,89.5,88.5,86.2,85.3,85.3,82.3,81.4,78.5,77.1,75.1,69.6,65.3,62.8,60.8,57.3,50.6,43.4,35.6,33.7,33.4,33.9,35.4,36.3,37.6,38.8,39.7,41.3
07:32:40.000,NaN,77.0,NaN,90.0,90.9,92.1,98.3,91.7,95.1,91.3,92.3,92.5,92.0,90.3,87.6,85.4,83.2,82.7,81.2,77.1,74.1,70.6,66.5,60.5,58.1,55.8,49.8,47.1,40.6,32.1,32.1,32.9,34.1,35.2,36.4,37.6,38.7,39.6,41.3
07:32:41.000,NaN,76.2,NaN,90.9,93.1,90.7,97.0,90.7,91.2,92.0,89.2,89.3,89.4,87.9,85.9,84.9,82.8,81.0,78.9,76.1,72.4,69.8,63.3,58.6,57.3,54.5,51.5,42.3,36.7,31.5,32.1,32.8,34.1,35.2,36.4,37.4,38.6,39.7,41.3
07:32:42.000,NaN,76.3,NaN,95.3,81.7,92.0,95.9,94.1,94.8,90.8,91.5,90.4,88.6,88.9,86.4,84.9,84.1,81.6,79.3,75.7,72.6,70.0,65.4,59.7,55.6,53.3,50.2,44.4,41.2,33.1,31.9,33.1,34.0,35.2,36.3,37.6,38.5,39.6,41.3
07:32:43.000,NaN,76.1,NaN,93.9,94.9,86.4,92.3,91.0,91.3,91.0,92.2,88.7,88.5,90.1,85.2,85.2,83.2,80.9,79.0,74.3,73.2,69.9,66.0,60.1,57.1,53.4,50.7,42.6,36.2,31.3,32.1,32.9,33.8,35.2,36.5,37.5,38.6,39.5,41.4
07:32:44.000,NaN,75.3,NaN,86.4,84.8,95.1,96.6,89.0,93.1,94.4,89.3,91.2,90.3,88.7,87.1,84.6,82.8,79.3,76.5,74.2,71.5,69.7,64.6,57.3,55.3,53.0,49.4,46.6,37.9,31.8,32.6,33.2,34.1,35.3,36.5,37.7,38.7,39.7,41.4
07:32:45.000,NaN,75.2,NaN,89.1,87.1,91.8,92.2,90.7,90.8,96.0,91.6,89.8,89.5,87.1,85.3,83.7,82.0,81.1,77.2,76.1,72.3,69.5,63.4,58.4,56.2,55.6,52.5,47.5,42.5,33.1,32.7,33.2,33.9,35.0,36.4,37.5,38.6,39.5,41.2
07:32:46.000,NaN,73.1,NaN,94.0,91.1,93.1,92.8,91.0,93.3,91.0,87.8,90.1,87.3,85.8,86.3,83.8,80.6,79.8,76.8,72.9,70.0,66.9,60.6,54.2,51.1,46.6,40.7,36.5,30.6,30.9,32.0,32.7,33.9,35.2,36.4,37.5,38.5,39.5,41.4
07:32:47.000,NaN,72.3,NaN,91.2,90.5,90.9,93.7,95.3,93.7,90.9,89.1,85.7,86.9,83.3,81.3,81.3,79.5,78.4,75.6,71.7,67.5,64.1,59.3,52.6,49.7,42.9,40.9,36.8,31.5,31.2,31.9,32.9,33.9,35.1,36.4,37.4,38.7,39.5,41.3
07:32:48.000,NaN,72.3,NaN,88.2,85.9,85.1,93.1,92.0,91.7,89.1,90.0,86.4,85.4,84.2,84.7,81.9,79.1,77.5,75.3,71.8,68.1,64.6,59.5,52.2,47.8,41.1,37.6,32.8,29.9,30.8,31.7,32.6,34.1,35.2,36.4,37.7,38.7,39.6,41.3
07:32:49.000,NaN,73.0,NaN,89.0,95.7,86.1,97.4,91.1,90.2,84.8,89.2,86.1,84.8,83.9,82.1,82.4,80.2,78.6,76.5,72.7,70.0,66.2,61.6,53.3,50.9,44.9,36.3,31.6,30.0,30.9,31.9,32.7,33.8,35.2,36.2,37.6,38.5,39.7,41.4
07:32:50.000,NaN,74.1,NaN,90.4,91.8,92.3,91.9,92.4,91.2,93.0,88.0,87.3,86.6,82.9,82.6,82.6,80.2,77.3,77.2,74.4,70.4,67.6,62.8,56.6,54.9,50.6,44.6,39.9,32.9,31.5,32.0,32.9,33.8,35.1,36.3,37.4,38.6,39.4,41.4
07:32:51.000,NaN,73.7,NaN,91.6,86.5,94.8,94.5,94.3,90.8,89.3,89.5,87.9,86.1,84.5,83.2,81.9,80.6,79.8,75.8,74.0,68.0,66.2,62.0,54.8,53.5,49.6,44.5,38.9,33.9,30.9,31.9,33.1,33.8,35.4,36.4,37.5,38.7,39.6,41.3
07:32:52.000,NaN,72.4,NaN,93.9,94.6,86.7,94.2,94.2,85.8,91.5,88.8,88.8,86.5,84.7,81.3,82.1,80.9,78.8,76.6,71.4,69.7,65.9,59.9,55.8,50.7,49.0,44.5,38.3,31.6,31.3,31.8,32.8,34.1,35.4,36.4,37.3,38.7,39.6,41.4
07:32:53.000,NaN,72.5,NaN,87.4,90.7,89.8,92.5,93.5,90.4,90.0,87.6,88.1,85.8,84.0,83.4,80.6,78.7,76.6,74.0,71.7,68.1,64.9,59.6,51.7,47.8,42.2,34.2,30.6,29.9,31.1,32.0,33.2,34.2,35.2,36.2,37.4,38.5,39.6,41.4
07:32:54.000,NaN,71.1,NaN,86.1,87.6,86.2,92.3,94.4,91.4,89.0,89.9,85.9,84.8,84.6,83.8,83.0,79.4,78.1,75.2,71.5,65.3,63.8,57.8,50.3,44.1,37.0,32.0,29.1,30.1,30.8,31.4,32.9,33.8,35.2,36.3,37.6,38.7,39.6,41.2
07:32:55.000,NaN,70.8,NaN,85.8,90.9,86.8,90.9,89.1,89.6,91.5,90.3,86.1,84.8,82.9,83.7,79.6,78.5,76.8,73.6,69.5,65.8,62.4,56.1,46.2,42.2,33.9,30.0,29.3,30.3,31.0,32.0,32.9,34.0,35.0,36.2,37.6,38.6,39.6,41.3
07:32:56.000,NaN,70.9,NaN,88.1,87.3,85.0,89.4,89.5,89.8,87.8,82.7,86.3,86.3,86.6,81.9,80.9,79.7,76.6,73.2,69.9,65.8,62.9,56.5,47.3,43.0,35.9,35.4,30.8,30.0,30.9,31.8,32.5,33.7,35.1,36.3,37.7,38.6,39.6,41.3
07:32:57.000,NaN,71.9,NaN,89.8,89.5,82.1,84.7,90.9,85.3,86.8,84.7,85.6,86.2,81.9,82.2,80.3,79.4,77.2,74.5,72.1,67.1,63.7,59.2,50.4,45.6,38.2,34.6,30.1,30.1,30.7,31.7,32.8,33.9,35.4,36.4,37.7,38.7,39.7,41.3
07:32:58.000,NaN,71.5,NaN,84.3,88.5,88.9,91.4,90.9,87.9,89.4,88.1,88.0,85.1,82.8,81.8,81.7,78.9,76.9,73.7,70.8,67.1,64.7,57.4,49.4,45.1,38.5,33.5,29.4,30.0,30.9,31.8,33.0,34.0,35.2,36.4,37.5,38.5,39.6,41.5
07:32:59.000,NaN,69.5,NaN,87.7,90.5,94.0,93.4,91.0,87.4,85.0,87.3,86.6,85.5,84.8,83.7,80.3,78.4,76.8,72.5,68.6,63.4,58.8,51.5,43.2,36.4,32.7,29.5,29.2,29.9,30.6,31.6,33.0,34.0,35.0,36.3,37.4,38.7,39.6,41.4
07:33:00.000,NaN,70.5,NaN,89.9,89.3,94.3,96.4,90.6,87.5,85.7,87.9,83.3,83.5,84.2,81.6,81.1,78.3,75.4,72.0,69.1,63.8,61.8,55.9,46.9,41.6,36.2,31.1,29.8,30.2,31.0,31.9,33.0,33.9,35.1,36.4,37.7,38.7,39.6,41.4
07:33:01.000,NaN,70.6,NaN,91.3,93.1,89.7,91.3,91.0,89.7,88.4,89.2,86.9,86.0,86.6,81.7,79.8,78.7,76.8,73.9,70.6,66.2,62.7,56.7,49.3,42.6,38.1,33.3,30.3,29.9,31.0,31.9,33.0,34.1,35.0,36.4,37.6,38.7,39.6,41.3
07:33:02.000,NaN,70.0,NaN,86.3,95.3,91.2,89.5,85.6,86.9,87.8,88.0,84.9,85.7,82.8,80.8,80.2,77.2,74.5,72.1,69.5,64.0,60.2,52.9,44.6,38.3,33.0,29.7,29.4,29.7,30.7,31.9,32.9,33.9,35.0,36.3,37.5,38.6,39.6,41.3
07:33:03.000,NaN,68.4,NaN,86.3,90.1,93.4,89.2,91.6,90.1,87.7,85.9,84.6,83.2,82.0,80.8,79.2,78.4,76.1,72.1,67.6,63.5,58.4,52.3,42.0,35.9,29.4,28.4,29.1,29.9,30.7,31.8,32.8,34.0,35.1,36.4,37.7,38.7,39.7,41.4
07:33:04.000,NaN,68.1,NaN,87.7,88.1,89.0,92.7,88.7,84.7,87.8,86.1,82.9,80.5,80.6,77.5,78.1,77.4,73.8,69.9,67.4,63.5,59.6,52.4,41.7,35.0,29.1,28.8,29.8,29.7,31.0,31.7,32.9,33.9,35.1,36.4,37.6,38.6,39.6,41.2
07:33:05.000,NaN,67.6,NaN,93.0,88.8,91.5,91.4,87.7,85.7,85.2,87.4,82.4,83.4,80.6,81.7,78.3,75.6,73.5,69.4,65.8,60.6,55.7,49.3,40.9,34.5,28.9,29.0,28.9,30.0,31.1,31.9,32.9,34.1,35.5,36.5,37.6,38.6,39.6,41.3
07:33:06.000,NaN,66.2,NaN,87.3,88.1,80.7,85.8,82.8,87.0,82.7,85.6,82.0,82.9,82.6,80.0,77.3,76.0,72.2,68.4,63.4,58.8,52.2,44.4,35.9,30.5,27.8,28.5,29.1,30.1,30.8,31.7,32.8,33.7,35.3,36.2,37.7,38.6,39.6,41.3
07:33:07.000,NaN,66.8,NaN,89.1,87.8,91.3,89.9,86.5,84.5,84.0,85.1,83.0,80.9,81.3,79.1,78.1,74.2,71.8,68.0,64.5,61.1,54.6,48.1,36.5,31.2,28.3,28.3,28.8,29.6,30.8,31.7,33.0,33.7,35.1,36.4,37.7,38.6,39.6,41.3
07:33:08.000,NaN,66.2,NaN,93.5,93.6,86.7,90.0,88.9,79.9,88.6,85.3,85.8,82.7,82.7,79.2,76.4,74.5,72.6,69.1,64.2,60.2,55.2,46.7,36.2,30.3,28.5,28.2,29.1,30.0,31.1,31.7,32.6,33.9,35.2,36.5,37.6,38.6,39.6,41.3
07:33:09.000,NaN,67.2,NaN,88.6,87.5,85.6,85.5,86.7,89.8,84.8,84.1,84.2,81.7,79.1,77.1,75.3,73.9,72.2,68.6,66.5,61.6,54.2,45.4,35.6,29.0,31.7,28.8,29.1,30.1,31.1,31.7,32.9,33.7,35.1,36.5,37.5,38.5,39.6,41.4
07:33:10.000,NaN,66.9,NaN,88.5,83.4,92.1,90.2,87.6,88.6,86.1,83.6,82.5,83.5,80.5,81.5,76.9,75.9,73.7,70.8,66.3,61.8,57.3,50.3,44.6,37.4,29.8,28.7,29.2,30.1,31.0,32.0,32.7,34.1,35.3,36.4,37.6,38.6,39.6,41.3
07:33:11.000,NaN,66.0,NaN,89.7,88.6,88.8,88.5,85.5,88.2,84.7,85.5,83.2,81.6,77.2,79.3,76.2,75.5,72.2,67.7,63.4,60.2,52.9,44.3,34.7,30.7,28.0,28.5,29.1,29.8,30.8,32.0,32.9,33.8,35.2,36.5,37.5,38.6,39.5,41.3
07:33:12.000,NaN,65.8,NaN,83.6,87.1,85.7,86.5,90.4,86.8,81.8,81.5,82.3,85.4,81.1,79.4,77.1,74.5,70.2,68.4,62.6,57.5,53.2,45.2,36.9,30.2,28.1,28.3,29.4,29.8,30.7,31.9,32.9,34.2,35.2,36.4,37.4,38.7,39.6,41.3
07:33:13.000,NaN,66.9,NaN,89.7,85.3,85.0,80.4,83.6,84.9,86.6,86.9,82.2,83.4,78.7,77.9,78.4,75.5,71.7,70.0,65.4,58.8,55.3,50.1,41.6,36.4,29.8,28.5,28.9,29.8,30.9,31.8,33.1,33.8,35.1,36.4,37.5,38.4,39.6,41.3
07:33:14.000,NaN,66.3,NaN,82.9,91.9,90.6,83.6,89.3,87.8,85.1,83.9,83.0,80.9,81.3,76.2,76.3,74.5,73.3,70.0,64.1,58.1,53.7,47.3,37.9,31.7,28.2,28.7,29.3,29.7,30.3,32.0,33.2,34.0,35.4,36.3,37.7,38.6,39.6,41.3
07:33:15.000,NaN,65.7,NaN,89.1,92.8,89.8,87.6,81.8,88.2,87.1,83.4,84.6,81.8,78.3,76.1,76.5,73.9,71.4,68.0,64.0,59.0,55.8,48.2,41.2,33.7,30.0,29.3,29.4,30.0,30.8,31.8,32.8,34.3,35.3,36.3,37.5,38.5,39.6,41.3
07:33:16.000,NaN,64.5,NaN,87.9,91.5,88.4,89.9,91.3,87.0,88.3,84.3,81.5,80.4,78.6,76.5,74.7,73.3,70.6,66.6,64.3,59.3,53.5,45.9,36.9,30.5,28.4,28.5,29.3,29.7,30.9,31.6,33.0,33.8,35.2,36.5,37.6,38.7,39.6,41.4
07:33:17.000,NaN,64.1,NaN,93.0,89.0,91.3,88.4,85.0,85.1,85.2,83.0,81.0,80.5,79.5,76.6,74.5,70.7,69.4,67.3,62.9,57.9,52.6,44.9,37.3,31.0,28.9,28.9,29.2,30.4,30.9,31.9,33.1,34.1,35.0,36.3,37.5,38.6,39.6,41.3
07:33:18.000,NaN,64.7,NaN,90.2,86.5,88.6,88.4,88.4,86.1,83.0,81.4,80.4,79.4,77.8,76.3,74.1,72.7,69.4,67.4,62.9,58.8,52.9,46.6,38.3,31.9,28.8,29.2,29.2,29.5,30.7,32.1,33.1,34.0,35.1,36.5,37.4,38.4,39.6,41.5
07:33:19.000,NaN,64.7,NaN,85.8,86.6,89.9,83.2,82.0,85.0,82.3,80.8,80.3,79.3,77.6,76.4,75.3,74.3,71.4,65.0,62.6,58.5,53.6,47.4,36.2,31.3,28.7,28.4,29.6,29.8,31.0,32.0,32.8,34.1,35.2,36.4,37.5,38.7,39.6,41.3
07:33:20.000,NaN,64.1,NaN,85.5,85.6,84.8,86.4,85.4,83.9,84.9,82.0,83.0,81.2,78.1,77.7,76.1,73.0,71.5,65.1,62.2,56.7,51.8,43.1,33.6,29.9,29.2,28.8,29.6,29.7,30.9,32.0,32.8,33.8,35.0,36.2,37.4,38.7,39.6,41.5
07:33:21.000,NaN,64.0,NaN,80.2,88.5,88.4,84.0,89.1,83.0,83.4,82.2,82.4,80.9,80.2,77.0,75.7,71.0,69.6,64.9,61.6,56.6,51.0,43.0,34.1,30.1,28.1,28.5,29.1,30.0,30.7,31.8,32.9,34.0,35.0,36.5,37.6,38.5,39.6,41.5
07:33:22.000,NaN,64.9,NaN,84.8,86.8,85.8,90.0,83.1,84.4,83.3,81.8,82.2,80.0,77.7,75.3,77.0,73.3,70.1,67.7,64.8,59.6,53.8,46.3,35.5,31.4,28.3,28.7,29.4,30.0,31.5,32.2,33.1,34.2,35.0,36.3,37.7,38.6,39.6,41.3
07:33:23.000,NaN,63.1,NaN,84.2,92.0,86.2,89.0,85.7,82.1,83.2,84.2,80.9,81.7,77.2,77.5,74.2,70.2,67.4,64.8,59.3,54.8,49.2,41.8,35.3,28.5,27.9,28.6,29.7,29.9,30.4,31.8,32.9,33.9,35.1,36.4,37.5,38.6,39.7,41.3
07:33:24.000,NaN,64.4,NaN,88.1,83.4,87.9,89.1,84.8,84.9,78.9,80.7,82.7,80.3,75.4,74.8,74.3,73.2,70.9,66.9,63.5,57.0,52.0,44.9,34.4,29.7,27.9,28.8,29.4,29.8,30.7,32.0,33.0,33.9,35.0,36.4,37.5,38.7,39.6,41.4
07:33:25.000,NaN,63.3,NaN,82.3,89.1,86.5,88.8,88.5,82.8,83.7,86.5,84.1,79.7,76.5,76.8,74.7,71.7,69.0,66.0,61.6,56.7,49.2,42.0,33.7,29.0,27.9,28.6,29.7,29.7,30.9,31.9,33.0,34.0,35.1,36.5,37.5,38.6,39.5,41.4
07:33:26.000,NaN,64.4,NaN,83.8,91.2,87.7,85.2,85.4,87.3,85.2,82.7,82.5,79.7,78.4,75.7,75.1,72.7,69.9,67.1,62.4,57.9,50.9,44.3,36.7,29.6,27.7,28.6,29.7,29.7,30.7,31.5,32.9,34.0,35.2,36.4,37.9,38.6,39.5,41.3
07:33:27.000,NaN,63.6,NaN,89.0,84.1,86.4,85.0,84.3,82.1,82.1,80.4,83.1,78.0,78.5,76.9,74.6,71.3,69.1,66.5,61.5,58.4,52.0,44.5,36.4,29.7,28.1,28.6,29.5,29.9,31.0,31.9,32.9,34.0,35.0,36.2,37.6,38.7,39.5,41.4
07:33:28.000,NaN,64.6,NaN,86.1,86.8,87.5,85.7,87.1,85.2,83.6,79.5,81.6,81.4,78.0,76.9,73.2,70.9,70.1,67.1,61.4,57.1,51.7,46.8,39.6,32.0,29.2,28.5,29.1,29.9,30.7,32.2,33.0,34.1,35.1,36.3,37.7,38.6,39.6,41.3
07:33:29.000,NaN,63.6,NaN,80.7,89.1,84.9,89.0,83.7,86.1,85.2,85.5,82.9,81.2,79.6,76.6,75.9,70.4,69.8,65.1,59.7,56.7,52.2,45.9,38.1,34.1,30.7,28.9,29.0,30.0,31.0,32.0,32.8,34.0,35.1,36.5,37.7,38.7,39.6,41.3
07:33:30.000,NaN,62.2,NaN,83.4,87.6,87.8,89.7,83.8,86.1,84.5,80.7,81.8,80.5,77.6,74.8,74.1,72.4,70.0,64.1,61.1,55.9,50.9,39.3,32.6,27.9,28.9,28.8,29.4,30.0,30.6,31.8,33.1,34.4,35.1,36.2,37.6,38.8,39.6,41.4
07:33:31.000,NaN,62.9,NaN,86.8,90.1,87.1,86.1,84.9,86.3,81.1,80.5,76.7,79.0,76.0,74.1,73.3,69.5,67.4,66.3,61.4,56.7,51.4,47.1,37.4,30.3,28.6,28.7,29.1,29.8,30.9,31.8,32.7,33.7,35.1,36.4,37.4,38.5,39.5,41.4
07:33:32.000,NaN,63.0,NaN,83.2,90.0,88.5,86.1,83.0,84.3,79.2,81.9,80.4,79.4,75.4,75.5,73.3,71.8,69.8,66.7,61.6,56.4,52.7,45.9,38.4,31.5,29.1,29.1,29.3,29.9,30.8,31.8,32.9,33.9,35.0,36.3,37.5,38.5,39.5,41.3
07:33:33.000,NaN,59.7,NaN,83.3,85.8,89.2,87.1,83.9,84.3,81.5,82.1,81.6,78.4,72.8,76.0,68.8,68.1,65.8,62.8,57.1,51.2,44.7,38.3,30.5,27.7,28.3,28.6,29.2,29.8,30.8,31.8,33.2,34.3,35.1,36.3,37.5,38.6,39.6,41.4
07:33:34.000,NaN,60.9,NaN,89.7,86.5,82.6,84.9,83.0,85.3,79.5,76.8,78.7,78.8,74.5,71.5,72.2,67.8,67.5,63.5,59.0,53.6,47.1,39.9,32.1,29.3,27.7,28.4,28.9,30.0,30.8,31.8,32.8,33.7,35.3,36.3,37.6,38.5,39.6,41.5
07:33:35.000,NaN,61.8,NaN,86.0,87.3,78.4,82.6,83.3,79.6,80.6,80.1,78.1,77.5,74.1,73.9,72.0,70.9,66.7,64.2,60.7,54.7,48.7,42.6,35.3,29.9,28.1,28.8,29.1,29.7,30.9,31.8,32.8,34.1,35.3,36.3,37.4,38.4,39.7,41.4
07:33:36.000,NaN,61.9,NaN,86.5,90.3,82.6,77.8,85.8,83.8,83.6,79.7,80.4,77.1,74.5,72.4,74.1,70.2,68.1,62.4,59.1,52.7,47.0,39.0,32.6,28.9,28.1,28.3,29.2,29.6,30.9,31.8,32.9,33.6,35.0,36.4,37.4,38.6,39.6,41.3
07:33:37.000,NaN,62.6,NaN,81.9,82.7,87.0,79.0,84.2,80.7,74.9,78.4,75.9,78.5,77.2,75.7,70.8,69.4,67.1,65.1,61.8,56.2,50.4,43.4,35.3,29.3,28.6,28.2,29.8,29.7,30.7,31.5,32.6,34.1,35.0,36.2,37.4,38.7,39.6,41.5
07:33:38.000,NaN,61.7,NaN,86.1,80.4,83.9,84.7,81.6,79.9,81.2,79.7,80.3,79.0,76.1,75.7,71.7,70.5,67.1,63.2,58.9,53.1,46.9,39.1,32.2,28.9,28.0,28.4,29.4,30.0,30.8,31.6,33.0,34.0,34.9,36.4,37.6,38.4,39.6,41.3
07:33:39.000,NaN,63.6,NaN,83.5,84.2,86.8,84.3,83.5,81.3,80.2,79.2,80.9,76.6,76.2,75.9,73.7,72.3,69.5,65.7,62.3,57.4,51.2,43.0,34.9,28.8,28.7,28.9,28.8,29.6,30.9,31.8,32.8,33.9,35.2,36.5,37.4,38.5,39.6,41.3
07:33:40.000,NaN,63.3,NaN,81.5,87.6,87.0,83.9,85.5,83.2,81.7,79.4,80.5,76.4,77.9,77.2,72.9,73.9,70.7,67.2,61.4,57.4,51.5,43.1,36.0,29.3,28.3,28.3,29.1,29.9,30.8,32.0,33.1,34.1,35.1,36.4,37.4,38.5,39.6,41.4
07:33:41.000,NaN,62.4,NaN,82.3,87.9,86.6,83.4,81.9,82.1,79.0,82.1,79.7,75.4,75.4,73.5,73.2,71.0,67.9,64.4,60.6,54.5,48.5,41.0,34.1,29.6,28.2,28.5,29.4,29.8,30.8,31.9,32.9,34.2,35.1,36.4,37.6,38.5,39.5,41.3
07:33:42.000,NaN,60.7,NaN,82.7,83.4,84.0,84.5,81.6,82.1,82.8,82.9,78.5,78.2,77.5,74.7,69.5,67.9,66.5,63.7,60.7,55.8,49.6,43.1,36.1,29.0,28.2,28.6,29.1,30.2,30.9,31.4,32.7,34.0,35.2,36.2,37.5,38.4,39.7,41.4
07:33:43.000,NaN,60.3,NaN,83.8,86.2,84.6,74.9,80.6,82.2,80.1,80.7,78.9,79.8,75.5,72.9,71.7,66.9,66.0,63.4,58.6,54.9,47.3,41.2,33.4,29.3,28.5,28.8,29.7,30.0,31.0,32.0,32.8,33.8,35.2,36.4,37.5,38.6,39.5,41.3
07:33:44.000,NaN,60.3,NaN,83.9,88.2,84.2,80.9,82.5,83.7,81.0,77.4,78.5,78.7,74.0,74.2,70.4,67.6,65.4,62.4,59.0,54.2,46.0,40.0,32.8,29.4,27.7,28.7,29.2,29.9,30.9,31.7,32.9,34.0,35.1,36.3,37.4,38.7,39.5,41.3
07:33:45.000,NaN,60.1,NaN,83.4,86.9,85.6,85.2,83.8,79.9,81.2,80.0,78.9,78.7,76.1,74.4,71.7,68.1,63.6,61.8,58.3,53.5,46.9,40.9,34.2,29.5,28.4,29.1,29.4,29.9,31.2,31.7,32.9,33.8,35.1,36.2,37.5,38.7,39.6,41.5
07:33:46.000,NaN,59.6,NaN,84.6,84.5,86.1,83.4,84.2,81.2,76.5,79.1,78.1,76.9,75.9,71.9,69.4,67.1,65.5,62.3,58.2,51.6,44.4,37.0,32.0,29.0,28.3,28.5,29.3,30.0,30.7,31.7,33.0,34.0,35.2,36.4,37.5,38.5,39.6,41.4
07:33:47.000,NaN,59.3,NaN,87.3,87.5,80.9,78.7,80.9,79.2,78.0,78.4,77.2,78.3,75.1,72.6,69.2,67.6,65.0,62.6,58.5,52.2,47.5,41.1,33.2,28.7,28.1,28.2,29.2,30.0,30.6,31.6,33.0,34.0,35.1,36.3,37.6,38.5,39.6,41.3
07:33:48.000,NaN,59.9,NaN,86.1,81.5,85.5,82.7,83.0,84.6,81.8,76.2,75.8,75.7,73.4,73.5,69.7,68.6,65.8,60.0,55.6,50.8,44.2,36.6,31.1,28.6,28.2,28.1,29.4,29.3,30.8,31.9,33.0,33.9,35.0,36.2,37.6,38.5,39.7,41.4
07:33:49.000,NaN,61.6,NaN,83.7,83.7,80.6,83.8,79.9,79.9,81.2,82.9,80.5,78.8,76.6,75.1,70.5,69.3,66.4,61.3,57.5,52.6,48.2,41.3,33.5,29.2,27.8,28.8,29.5,30.1,30.9,31.9,32.9,34.1,35.1,36.4,37.7,38.7,39.7,41.4
07:33:50.000,NaN,62.2,NaN,82.7,89.0,87.7,84.2,78.5,81.1,80.7,81.5,79.9,78.7,76.2,75.0,71.4,70.3,68.2,65.7,62.1,56.1,48.9,41.1,33.8,28.2,27.8,28.1,28.9,30.0,30.8,32.0,32.7,33.9,35.3,36.3,37.5,38.7,39.7,41.3
07:33:51.000,NaN,63.7,NaN,82.8,86.2,85.8,77.5,79.7,81.7,79.9,78.8,80.0,78.5,80.5,75.4,73.8,72.0,68.5,65.3,62.0,58.0,50.5,43.4,34.2,29.2,27.9,28.6,29.4,29.9,30.8,32.0,32.9,34.0,35.3,36.5,37.5,38.6,39.6,41.4
07:33:52.000,NaN,61.1,NaN,84.5,81.3,88.3,83.1,81.3,84.6,83.2,81.9,81.0,78.7,78.8,74.1,72.8,70.5,68.3,64.1,60.5,55.5,47.8,41.6,34.5,29.1,28.0,28.6,29.3,29.8,31.1,32.0,32.7,34.0,35.2,36.3,37.4,38.6,39.5,41.4
07:33:53.000,NaN,60.0,NaN,82.9,90.0,83.3,84.1,83.1,85.1,79.1,79.2,79.8,77.5,75.8,73.6,70.3,69.2,66.0,60.8,55.6,50.3,44.7,35.3,30.0,28.2,28.0,28.7,29.6,30.0,30.4,31.9,32.7,34.1,35.1,36.4,37.6,38.7,39.6,41.2
07:33:54.000,NaN,62.1,NaN,84.5,86.1,85.7,82.3,80.8,82.2,84.8,80.1,78.5,77.8,76.7,73.2,72.0,69.7,68.1,63.5,59.9,54.8,50.1,43.5,34.2,28.8,28.5,28.8,29.5,30.2,30.8,31.9,33.1,33.9,35.2,36.3,37.5,38.6,39.6,41.4
07:33:55.000,NaN,60.4,NaN,80.2,84.0,85.9,86.0,79.4,82.1,80.8,79.8,79.4,76.1,75.9,73.0,69.9,68.6,67.6,62.7,57.6,52.9,46.0,39.1,31.2,28.5,28.2,28.8,29.4,29.6,30.8,32.0,32.8,34.0,35.2,36.2,37.5,38.6,39.5,41.4
07:33:56.000,NaN,61.9,NaN,78.4,87.3,88.9,89.3,82.4,85.3,82.3,77.9,80.6,76.6,76.0,74.0,71.8,70.4,68.1,63.5,61.1,55.8,50.3,44.4,37.6,29.6,28.2,28.2,29.2,30.1,31.0,32.0,33.1,33.8,35.2,36.3,37.9,38.5,39.6,41.4
07:33:57.000,NaN,63.8,NaN,86.0,87.7,86.2,79.5,82.1,81.7,82.7,80.7,81.1,79.9,76.3,75.1,72.8,70.1,69.3,66.8,63.6,58.5,51.6,45.9,37.1,29.7,28.1,28.7,29.0,29.8,31.2,31.7,32.6,34.1,35.1,36.3,37.4,38.5,39.6,41.3
07:33:58.000,NaN,62.5,NaN,84.2,86.7,85.1,82.6,84.4,83.8,81.3,80.2,79.4,78.9,78.5,76.2,73.8,72.1,67.9,65.2,61.3,57.1,50.9,44.3,37.8,29.4,28.3,28.7,29.5,29.9,30.9,31.5,32.6,34.3,35.1,36.4,37.5,38.6,39.6,41.4
07:33:59.000,NaN,60.1,NaN,79.6,83.5,86.2,82.1,84.2,83.2,82.6,83.8,76.4,78.5,76.6,73.2,69.4,67.9,67.4,63.1,58.3,53.9,47.8,39.6,31.5,28.2,28.1,28.3,28.9,30.1,31.0,31.7,32.7,33.9,35.1,36.5,37.7,38.7,39.6,41.3
07:34:00.000,NaN,60.6,NaN,83.4,81.8,84.9,87.0,85.2,81.5,83.1,81.2,79.4,78.3,74.9,73.7,72.2,69.1,65.4,62.7,57.6,54.7,47.0,39.8,33.3,28.7,28.4,28.9,29.3,29.8,30.6,31.9,33.1,34.0,35.1,36.4,37.4,38.6,39.8,41.3
07:34:01.000,NaN,61.1,NaN,84.2,84.0,87.4,85.5,82.5,83.5,81.5,78.9,75.7,78.7,74.4,74.2,72.0,69.2,68.0,63.5,58.7,53.3,46.5,40.0,32.6,28.4,28.5,28.6,29.7,30.1,31.1,31.6,32.6,34.0,35.2,36.3,37.5,38.5,39.5,41.4
07:34:02.000,NaN,58.2,NaN,85.0,82.8,84.2,85.5,82.4,85.3,83.7,80.0,80.2,76.8,75.6,72.2,69.8,67.0,63.2,57.9,53.2,47.0,40.9,34.7,30.3,28.1,28.4,28.4,29.1,30.1,31.3,31.9,32.8,33.8,35.2,36.4,37.4,38.7,39.7,41.3
07:34:03.000,NaN,60.6,NaN,88.4,86.8,82.5,82.4,83.3,82.8,80.2,75.3,80.5,77.6,76.3,72.2,69.7,68.0,65.5,62.0,58.1,51.1,43.5,37.7,31.6,28.3,28.1,28.8,29.7,29.6,30.6,31.5,32.8,34.2,35.1,36.3,37.5,38.5,39.6,41.3
07:34:04.000,NaN,63.0,NaN,84.3,89.0,86.5,86.3,83.1,82.5,81.3,79.7,79.1,79.6,77.2,75.3,72.9,70.4,68.9,65.9,61.9,56.4,47.9,42.5,35.4,28.4,27.8,28.3,29.1,30.1,30.5,31.6,32.9,34.0,35.1,36.3,37.4,38.6,39.5,41.3
07:34:05.000,NaN,60.6,NaN,84.8,77.1,79.2,85.6,81.1,82.2,85.2,80.5,81.0,78.0,76.8,74.9,72.2,69.4,65.9,62.0,60.2,55.0,48.7,42.9,35.7,29.5,28.3,28.5,29.5,29.6,30.8,32.0,32.8,33.9,35.1,36.4,37.5,38.6,39.7,41.4
07:34:06.000,NaN,60.7,NaN,88.3,78.2,88.1,84.4,82.0,82.4,77.9,81.9,80.0,77.6,76.6,75.6,70.8,68.4,66.0,62.7,59.4,54.9,49.0,43.1,35.7,28.4,28.1,29.1,29.6,30.0,31.2,31.9,32.8,34.0,35.4,36.4,37.6,38.5,39.7,41.2
07:34:07.000,NaN,61.9,NaN,84.6,86.7,78.1,83.6,81.6,81.1,80.6,78.6,79.5,77.0,76.6,74.8,70.4,69.3,66.5,64.7,61.9,56.3,49.8,42.1,35.7,29.1,28.0,28.6,29.0,29.5,30.7,31.9,32.6,33.8,35.2,36.4,37.4,38.6,39.6,41.4
07:34:08.000,NaN,61.6,NaN,80.4,87.2,81.5,80.3,81.4,82.4,81.5,81.2,79.6,77.2,75.4,73.5,72.8,68.2,68.1,63.6,60.7,54.8,49.6,42.8,35.2,28.7,28.7,29.0,29.2,29.8,30.8,31.8,32.8,33.9,35.1,36.4,37.8,38.6,39.7,41.2
07:34:09.000,NaN,61.7,NaN,82.5,85.3,85.8,82.1,77.9,82.1,78.7,78.2,79.7,76.6,75.6,75.2,71.6,70.9,67.4,63.5,59.9,54.8,48.2,39.2,32.7,28.4,28.1,28.6,29.3,29.8,30.8,31.8,32.8,33.9,35.0,36.3,37.5,38.5,39.6,41.3
07:34:10.000,NaN,62.6,NaN,87.7,89.5,79.2,82.3,84.6,81.4,78.3,79.8,81.5,78.4,76.4,74.0,72.7,70.4,69.1,65.3,61.4,56.4,49.4,41.0,35.1,29.1,28.7,29.0,29.6,30.1,30.7,31.7,32.8,34.2,34.9,36.3,37.6,38.7,39.6,41.4
07:34:11.000,NaN,63.0,NaN,83.6,87.0,81.3,78.6,82.6,82.1,79.3,76.3,79.5,78.5,77.4,73.6,72.3,70.6,68.9,65.6,62.1,58.0,52.3,43.3,36.7,29.8,28.3,28.8,28.8,29.9,30.6,31.6,32.9,33.9,35.0,36.2,37.6,38.7,39.5,41.3
07:34:12.000,NaN,60.8,NaN,83.9,84.3,82.4,84.4,82.1,82.1,81.5,80.0,80.2,77.1,75.8,74.3,71.6,71.0,68.2,63.7,59.8,54.1,45.4,39.6,33.2,28.3,28.8,28.7,29.4,29.6,31.1,31.8,33.0,34.1,35.2,36.5,37.5,38.5,39.5,41.3
07:34:13.000,NaN,60.3,NaN,87.2,82.5,78.8,86.2,84.8,81.4,81.1,79.1,79.0,78.5,73.5,73.7,71.1,69.7,65.6,61.8,58.9,53.5,45.2,36.5,30.2,28.4,28.1,29.0,28.9,29.6,30.9,32.0,32.9,34.0,35.1,36.3,37.6,38.5,39.6,41.3
07:34:14.000,NaN,61.1,NaN,86.7,84.2,81.9,84.3,82.9,80.3,81.5,79.1,77.8,78.1,76.5,73.9,70.6,68.3,66.2,64.4,61.3,56.0,48.2,38.7,32.3,29.2,28.7,29.2,28.7,29.7,30.8,31.9,33.0,33.9,35.1,36.3,37.4,38.6,39.5,41.4
07:34:15.000,NaN,59.2,NaN,83.3,85.0,84.7,77.4,81.7,80.6,79.4,78.3,77.9,76.0,74.1,72.7,70.0,67.4,64.5,61.7,59.1,52.4,45.7,37.0,29.4,28.3,28.5,28.8,29.2,29.6,30.5,31.8,32.8,34.2,35.1,36.3,37.4,38.7,39.6,41.4
07:34:16.000,NaN,60.4,NaN,80.0,86.0,80.7,81.1,83.5,79.4,81.0,80.6,75.1,74.9,72.9,72.1,70.3,68.1,65.2,61.8,58.6,51.9,45.3,41.4,33.0,28.7,28.1,28.5,29.2,29.7,30.5,31.5,33.1,34.0,35.3,36.4,37.7,38.6,39.7,41.4
07:34:17.000,NaN,61.0,NaN,82.7,80.3,82.6,81.3,82.3,77.8,81.2,81.0,79.4,77.9,75.6,74.1,71.0,68.3,65.2,63.1,59.6,55.5,49.7,44.6,37.8,29.3,28.3,28.3,29.5,30.0,31.0,31.9,32.8,33.8,35.0,36.2,37.6,38.6,39.6,41.3
07:34:18.000,NaN,62.5,NaN,86.1,80.0,81.8,82.2,81.2,81.5,79.4,79.6,77.2,76.0,75.0,74.2,71.6,72.1,68.7,64.4,61.1,56.2,49.5,42.2,34.8,29.8,28.3,28.6,28.8,29.8,30.8,31.5,32.9,33.9,35.0,36.3,37.4,38.5,39.6,41.4
07:34:19.000,NaN,60.7,NaN,87.4,83.4,83.0,81.6,82.7,82.5,81.2,79.2,76.7,76.1,75.6,75.6,73.8,70.2,65.7,62.1,57.9,52.9,46.8,38.8,32.2,28.2,28.1,28.2,28.9,30.0,30.8,31.7,32.8,33.8,35.2,36.7,37.5,38.7,39.6,41.4
07:34:20.000,NaN,59.6,NaN,84.2,82.4,85.3,84.1,81.5,82.5,78.6,77.2,78.6,75.0,73.2,73.6,71.1,69.9,66.0,61.7,56.7,52.2,43.9,35.8,30.5,27.8,27.8,28.3,29.2,30.0,30.6,31.9,33.0,34.1,35.1,36.3,37.7,38.7,39.6,41.4
07:34:21.000,NaN,58.2,NaN,82.5,87.3,88.8,84.1,80.9,80.9,76.9,75.0,76.0,74.2,74.9,71.9,68.9,66.2,64.3,60.0,55.1,50.3,42.1,34.1,29.7,27.6,28.3,28.5,29.3,30.0,30.8,31.6,32.9,33.9,35.2,36.6,37.7,38.6,39.5,41.3
07:34:22.000,NaN,57.6,NaN,84.1,85.8,78.4,76.4,79.3,78.8,81.3,77.5,76.0,76.5,73.0,72.0,68.5,65.7,62.4,60.0,55.0,50.8,43.3,36.0,30.5,28.4,28.5,28.6,29.5,29.5,31.0,31.7,32.7,33.8,35.2,36.5,37.7,38.6,39.5,41.5
07:34:23.000,NaN,56.5,NaN,84.1,79.4,79.0,81.1,78.6,80.8,78.4,77.1,77.2,75.0,70.6,69.8,67.8,65.2,63.1,58.7,53.3,49.0,42.0,35.5,30.6,28.1,27.9,28.1,29.8,30.1,30.9,31.9,32.8,33.8,35.2,36.4,37.3,38.5,39.6,41.2
07:34:24.000,NaN,57.7,NaN,78.6,80.6,81.0,80.6,83.1,81.6,79.8,78.7,74.6,72.4,72.1,68.7,68.7,65.4,63.1,60.6,57.6,52.3,45.7,39.2,32.3,28.7,28.3,28.8,29.4,30.3,31.3,31.9,33.1,34.1,35.4,36.1,37.4,38.6,39.7,41.3
07:34:25.000,NaN,59.8,NaN,80.4,81.9,83.3,78.5,82.4,80.8,78.6,75.0,75.5,73.4,70.0,71.9,68.9,66.5,63.7,60.5,58.0,53.9,46.7,38.1,30.9,28.7,27.8,28.6,28.9,29.5,30.8,31.7,32.9,34.1,35.1,36.2,37.6,38.7,39.7,41.4
07:34:26.000,NaN,57.1,NaN,81.6,77.6,78.9,78.7,80.4,81.7,77.1,78.2,77.4,74.9,74.0,71.4,71.3,67.4,63.0,60.0,55.4,51.2,44.6,35.1,28.6,27.9,27.4,28.5,29.2,30.0,30.7,32.0,33.0,33.9,35.2,36.5,37.4,38.5,39.7,41.3
07:34:27.000,NaN,58.7,NaN,79.2,82.1,80.9,83.3,81.4,82.0,77.5,76.1,74.9,74.7,72.6,72.2,68.6,67.2,64.1,59.9,57.2,52.8,47.1,41.1,32.7,28.3,27.9,28.3,29.2,29.6,30.8,31.8,32.8,33.9,35.4,36.4,37.5,38.6,39.7,41.5
07:34:28.000,NaN,56.8,NaN,83.2,77.8,80.5,81.6,78.9,80.6,76.1,77.4,75.5,71.5,71.6,70.1,66.8,64.6,63.7,60.4,57.6,52.1,43.6,37.3,30.7,28.0,27.8,28.8,28.7,30.4,31.1,31.9,33.0,34.2,35.1,36.3,37.5,38.6,39.7,41.4
07:34:29.000,NaN,55.7,NaN,80.0,77.4,77.0,82.4,81.9,82.2,79.1,75.0,74.7,73.0,71.3,68.8,65.8,63.1,62.1,58.0,52.7,44.1,37.5,32.2,29.4,28.2,28.3,28.7,29.3,30.0,30.5,31.8,33.0,33.9,35.1,36.2,37.3,38.5,39.7,41.4
07:34:30.000,NaN,57.9,NaN,79.8,83.8,82.2,80.4,81.0,76.6,77.4,75.1,75.4,71.3,71.0,70.5,66.5,66.5,64.0,59.0,56.1,49.6,43.7,35.8,30.4,27.9,28.2,28.8,28.8,29.9,30.9,32.0,33.2,33.9,35.3,36.5,37.4,38.5,39.7,41.3
07:34:31.000,NaN,58.7,NaN,80.0,84.0,81.2,81.4,78.9,82.3,77.9,77.2,74.9,74.6,73.3,70.8,68.2,66.8,63.4,61.4,57.4,50.7,45.1,37.9,31.2,27.9,28.3,28.7,29.0,30.0,30.7,31.8,33.1,33.9,35.0,36.4,37.7,38.5,39.6,41.5
07:34:32.000,NaN,58.7,NaN,83.4,81.2,80.5,80.5,76.1,82.1,80.3,75.2,77.1,74.8,73.1,70.3,70.4,66.7,64.6,62.0,57.7,51.0,44.4,36.7,31.4,28.0,28.2,28.6,29.4,29.9,30.7,31.7,33.0,34.1,35.1,36.4,37.5,38.7,39.6,41.4
07:34:33.000,NaN,58.5,NaN,79.3,80.5,82.6,82.7,76.0,78.1,77.1,76.5,77.6,74.3,73.1,69.1,69.3,64.9,63.5,58.3,55.8,50.9,44.3,36.4,31.9,27.8,27.8,28.7,28.8,29.9,30.5,31.9,32.8,34.0,35.1,36.2,37.6,38.6,39.6,41.2
07:34:34.000,NaN,57.7,NaN,80.1,81.9,79.3,81.5,77.8,76.4,75.8,77.8,73.2,76.0,75.1,71.5,68.2,67.8,63.5,60.7,57.8,52.0,44.9,38.6,32.0,27.3,27.9,28.5,29.2,30.2,30.8,31.8,32.6,34.1,35.2,36.6,37.6,38.6,39.6,41.4
07:34:35.000,NaN,55.9,NaN,86.2,80.2,84.7,80.4,81.5,81.3,74.7,77.4,74.6,74.7,74.5,70.1,67.1,63.2,61.0,58.0,53.2,48.2,42.6,35.1,30.0,27.7,28.2,28.3,28.9,30.3,30.8,31.8,32.8,34.0,35.1,36.2,37.6,38.6,39.6,41.4
07:34:36.000,NaN,56.5,NaN,82.2,86.1,82.1,81.0,84.3,78.4,76.6,76.6,76.9,73.1,73.6,69.4,68.4,65.1,62.0,55.7,50.6,45.7,40.0,32.4,30.0,28.2,28.5,28.5,29.3,29.9,30.7,31.6,32.7,33.8,35.0,36.2,37.6,38.6,39.6,41.4
07:34:37.000,NaN,58.7,NaN,88.0,81.0,81.1,81.7,78.7,79.2,77.3,75.5,77.3,74.5,71.6,70.4,69.0,65.5,63.7,59.4,56.7,53.0,46.6,39.1,32.1,28.4,28.1,28.9,29.6,29.8,30.7,31.8,32.6,34.0,35.1,36.4,37.4,38.4,39.4,41.3
07:34:38.000,NaN,58.5,NaN,86.5,80.7,82.3,76.4,77.1,79.8,76.3,79.0,77.7,75.9,73.4,72.3,68.4,66.6,64.8,59.6,54.7,52.5,45.4,38.3,31.1,27.7,28.1,28.8,29.5,30.0,30.8,31.7,32.9,34.0,35.0,36.5,37.4,38.6,39.7,41.4
07:34:39.000,NaN,57.9,NaN,84.5,83.6,80.8,81.9,81.5,81.7,80.9,77.4,76.7,75.8,73.1,69.9,68.7,64.1,61.1,59.0,53.6,48.7,40.9,34.1,29.9,28.2,28.5,28.6,29.7,29.5,30.7,32.1,33.0,33.9,35.2,36.5,37.6,38.7,39.8,41.4
07:34:40.000,NaN,58.5,NaN,87.2,85.3,85.1,82.6,78.0,77.6,80.7,78.4,77.2,74.7,73.9,73.1,70.6,68.3,65.1,60.8,55.2,49.8,42.4,34.8,29.4,28.6,27.9,28.1,29.3,30.2,30.5,31.9,33.1,34.0,35.3,36.5,37.6,38.6,39.7,41.3
07:34:41.000,NaN,57.3,NaN,87.0,82.2,77.9,81.7,80.0,76.9,78.7,78.8,74.9,75.4,75.3,71.0,68.9,67.0,62.7,59.1,54.0,48.0,40.7,34.6,29.3,27.8,27.8,28.2,29.0,29.5,30.7,32.0,33.0,34.4,35.2,36.4,37.5,38.5,39.7,41.4
07:34:42.000,NaN,57.5,NaN,85.9,77.4,82.7,80.6,78.5,78.5,78.5,79.7,74.7,74.9,73.6,71.8,69.0,65.1,61.1,58.8,54.0,49.9,42.3,33.7,29.6,28.0,28.2,28.6,29.2,29.9,30.7,31.9,33.2,34.2,35.2,36.4,37.4,38.4,39.7,41.4
07:34:43.000,NaN,55.6,NaN,81.0,79.7,81.0,78.5,80.4,77.7,76.6,77.7,73.9,73.0,71.8,68.8,68.3,64.7,62.5,58.5,53.4,47.7,41.4,34.3,29.8,27.8,28.1,28.0,29.3,30.0,31.0,31.8,33.1,34.1,35.2,36.7,37.5,38.8,39.7,41.5
07:34:44.000,NaN,56.2,NaN,80.8,83.4,80.4,81.9,80.2,76.8,78.2,77.4,74.4,74.4,69.5,69.6,67.8,64.2,60.9,58.2,51.8,48.5,40.4,33.2,28.1,28.7,28.3,28.9,29.1,29.5,30.6,31.7,33.0,33.9,35.4,36.3,37.4,38.7,39.7,41.4
07:34:45.000,NaN,56.1,NaN,84.7,86.5,79.6,80.7,82.9,78.2,79.7,77.0,73.0,72.4,72.3,72.9,69.1,63.7,59.2,55.8,50.4,48.6,42.4,34.8,29.9,28.5,28.3,28.4,29.3,29.8,30.7,31.8,32.8,34.0,35.2,36.4,37.3,38.6,39.6,41.4
07:34:46.000,NaN,54.2,NaN,81.4,78.9,79.2,77.2,79.6,80.2,77.8,76.6,74.8,74.0,71.3,68.7,64.6,60.2,57.3,56.6,51.0,43.4,37.4,31.9,29.3,28.8,28.6,28.8,29.6,29.3,30.7,31.7,32.7,33.8,35.1,36.2,37.4,38.6,39.6,41.4
07:34:47.000,NaN,56.9,NaN,80.5,78.7,79.8,83.0,81.5,81.1,79.5,74.0,76.1,72.6,70.7,69.8,67.6,64.2,61.8,58.1,51.2,46.6,39.0,31.7,28.8,27.9,28.4,28.8,29.3,30.0,30.8,31.6,32.9,33.8,35.0,36.5,37.6,38.6,39.7,41.4
07:34:48.000,NaN,56.4,NaN,77.8,84.3,84.6,78.3,79.7,80.5,78.2,77.0,74.3,72.5,71.8,67.3,65.8,65.4,63.7,58.9,56.2,51.9,44.2,35.2,29.4,27.6,27.7,28.1,28.9,29.9,30.6,32.0,32.8,34.2,35.1,36.5,37.6,38.6,39.6,41.2
07:34:49.000,NaN,56.0,NaN,77.7,79.2,80.8,81.7,74.9,80.0,76.2,76.4,72.6,70.7,69.0,66.9,66.4,64.9,63.5,59.4,54.9,51.1,42.9,35.6,29.7,28.3,27.9,28.3,29.1,30.2,31.0,32.0,33.0,34.1,35.1,36.4,37.5,38.6,39.7,41.4
07:34:50.000,NaN,56.6,NaN,79.0,83.9,87.8,79.2,83.1,78.6,74.9,76.5,71.1,71.0,69.4,65.7,66.7,62.0,61.8,57.0,54.3,48.0,37.8,33.2,28.4,28.3,28.1,28.2,29.2,29.8,30.5,31.7,33.1,34.0,35.1,36.2,37.5,38.7,39.4,41.4
07:34:51.000,NaN,54.3,NaN,86.9,74.7,80.6,84.5,81.6,77.3,70.3,77.1,76.2,70.7,72.1,68.2,66.8,64.3,61.4,56.7,52.3,45.1,36.3,30.8,29.0,28.4,28.0,28.5,28.9,30.0,30.7,31.9,32.8,34.2,35.1,36.3,37.5,38.5,39.5,41.4
07:34:52.000,NaN,56.5,NaN,85.1,76.4,80.7,81.3,76.7,80.9,76.4,74.7,74.3,74.6,71.5,70.3,65.7,64.1,60.9,59.7,54.0,45.2,38.3,31.5,28.8,28.2,28.3,28.9,29.5,30.0,30.8,32.0,32.9,33.9,34.9,36.4,37.6,38.7,39.7,41.3
07:34:53.000,NaN,55.1,NaN,87.6,86.5,83.8,80.7,77.6,81.5,79.2,74.7,75.7,74.9,70.2,66.6,65.9,63.6,61.0,56.4,51.0,46.3,40.1,32.2,29.3,28.1,28.0,28.8,28.9,29.6,31.0,31.9,32.6,34.2,35.0,36.3,37.5,38.6,39.7,41.3
07:34:54.000,NaN,55.1,NaN,80.5,78.5,76.5,78.1,79.3,81.8,78.1,76.9,74.3,72.8,70.9,68.9,66.2,64.5,61.0,57.3,52.5,47.0,39.9,32.8,28.3,27.7,27.9,28.4,28.8,30.0,30.6,31.8,32.9,34.2,35.2,36.3,37.6,38.6,39.6,41.4
07:34:55.000,NaN,52.8,NaN,81.9,81.2,81.2,82.0,78.1,81.2,77.4,78.3,72.7,73.3,68.1,65.9,65.9,63.4,59.3,54.4,50.3,45.0,38.9,31.4,28.5,28.0,28.1,29.1,29.4,29.8,30.6,31.7,32.8,34.0,35.2,36.3,37.5,38.5,39.5,41.4
07:34:56.000,NaN,53.9,NaN,79.4,82.6,80.3,81.6,78.2,75.7,75.6,73.9,73.8,72.3,68.3,66.2,64.4,60.3,58.0,57.4,53.0,49.2,43.4,35.7,28.7,28.1,28.0,28.9,29.4,29.9,30.8,31.8,33.0,34.0,35.0,36.4,37.5,38.6,39.6,41.4
07:34:57.000,NaN,52.9,NaN,79.0,86.7,78.9,77.3,77.2,75.0,74.8,75.1,73.9,68.8,68.1,67.6,63.8,60.7,55.9,54.8,49.2,44.2,36.4,30.7,28.5,28.1,27.9,28.3,29.3,30.2,30.8,31.9,32.7,34.1,35.4,36.3,37.6,38.5,39.6,41.4
07:34:58.000,NaN,51.1,NaN,78.1,85.5,84.3,76.4,80.5,77.1,74.5,74.5,73.0,68.6,66.6,64.6,64.6,60.6,56.2,51.4,46.7,40.3,35.1,28.5,28.7,27.3,27.9,29.0,29.1,30.3,30.9,31.8,32.7,34.2,35.1,36.5,37.5,38.6,39.6,41.3
07:34:59.000,NaN,55.4,NaN,83.6,79.9,79.4,82.1,79.7,74.2,74.3,73.1,71.4,69.1,69.4,67.2,62.8,59.1,58.6,56.8,54.1,49.5,43.0,35.6,29.1,28.0,27.8,28.1,29.5,29.9,30.9,31.6,32.7,33.6,35.2,36.4,37.5,38.5,39.5,41.4
07:35:00.000,NaN,55.2,NaN,84.2,79.8,82.6,78.1,81.2,74.9,74.1,74.6,75.1,72.8,69.4,69.8,66.5,62.0,60.1,59.7,54.0,49.7,41.6,33.4,28.4,27.9,27.5,29.0,29.9,30.2,30.8,32.0,33.0,34.0,35.4,36.2,37.5,38.6,39.7,41.4
07:35:01.000,NaN,54.7,NaN,89.2,82.9,77.9,79.8,73.9,77.2,76.6,77.0,71.0,70.4,70.4,68.1,65.1,60.6,59.6,57.1,52.0,48.4,42.5,36.6,30.9,28.0,27.9,28.8,29.0,29.9,31.0,31.8,32.7,34.1,35.2,36.3,37.5,38.5,39.6,41.4
07:35:02.000,NaN,55.3,NaN,84.6,77.2,78.6,81.4,80.5,77.4,73.8,75.5,72.2,71.8,70.0,66.4,64.6,62.8,60.8,57.6,52.9,48.2,39.7,32.6,29.3,27.7,28.0,28.9,29.7,29.6,30.6,32.0,33.2,34.0,35.3,36.4,37.6,38.5,39.8,41.5
07:35:03.000,NaN,56.1,NaN,82.9,80.0,85.9,79.7,79.5,79.2,75.3,75.6,73.8,74.3,71.6,67.9,68.7,66.8,62.8,56.9,50.0,45.4,35.8,30.6,29.3,28.3,28.9,29.6,29.8,30.1,31.0,31.5,32.6,33.8,35.0,36.3,37.5,38.5,39.7,41.4
07:35:04.000,NaN,54.0,NaN,82.4,81.6,77.0,76.9,78.5,80.0,76.7,76.3,76.3,70.7,69.0,68.8,67.4,64.2,59.1,53.0,46.4,43.1,35.8,30.5,28.4,28.3,28.5,28.8,29.6,29.8,30.9,32.0,32.5,34.1,35.1,36.3,37.4,38.7,39.7,41.4
07:35:05.000,NaN,55.9,NaN,83.2,78.0,81.0,82.2,80.7,76.0,77.2,75.6,74.5,71.0,71.5,67.2,66.0,62.4,58.3,55.6,49.7,45.1,39.6,31.7,28.7,28.1,27.7,28.5,29.3,30.0,30.8,31.8,32.6,33.8,35.2,36.5,37.5,38.6,39.6,41.4
07:35:06.000,NaN,56.3,NaN,81.1,78.0,83.5,75.1,78.4,78.4,76.5,76.9,74.0,72.8,71.1,68.9,68.2,65.9,61.5,57.6,53.3,47.0,38.1,33.3,29.6,27.9,27.9,28.5,29.1,30.1,31.1,31.8,32.7,33.9,35.1,36.5,37.5,38.6,39.8,41.5
07:35:07.000,NaN,58.9,NaN,85.2,83.3,74.9,79.3,74.9,78.1,78.2,76.3,73.5,73.9,70.8,70.2,70.9,66.4,65.7,60.4,56.8,50.7,43.2,34.5,29.9,28.0,28.2,28.3,29.4,30.1,30.8,31.8,33.2,33.9,35.0,36.1,37.5,38.5,39.6,41.5
07:35:08.000,NaN,60.7,NaN,83.7,79.5,81.3,80.5,78.9,81.5,77.8,73.4,73.6,73.6,72.5,71.6,71.9,69.7,65.6,63.4,59.2,52.5,47.6,39.2,33.3,29.1,27.6,29.0,29.2,29.5,30.8,31.8,32.8,34.1,35.2,36.4,37.3,38.6,39.7,41.5
07:35:09.000,NaN,56.3,NaN,86.2,76.5,84.0,79.7,79.8,76.3,78.7,76.6,78.0,74.2,74.4,71.8,69.6,65.6,64.5,58.9,54.9,48.4,38.6,31.7,28.3,27.9,27.5,28.4,29.2,29.9,30.9,31.7,33.0,34.0,35.2,36.4,37.3,38.7,39.5,41.4
07:35:10.000,NaN,58.9,NaN,86.9,73.3,81.6,77.8,77.7,77.5,74.2,79.1,73.4,75.2,74.8,73.5,70.2,67.9,64.3,59.0,55.5,50.6,45.1,35.0,30.7,28.1,28.0,28.9,29.1,30.0,30.9,31.9,32.9,34.0,35.2,36.3,37.5,38.6,39.6,41.4
07:35:11.000,NaN,57.7,NaN,83.8,81.9,79.5,79.0,74.9,80.9,78.5,79.7,78.3,76.3,76.0,70.9,68.1,65.5,62.8,59.6,55.1,48.9,40.6,32.8,29.3,28.3,28.1,28.2,29.4,30.0,30.9,32.0,32.6,33.9,35.3,36.2,37.8,38.5,39.6,41.4
07:35:12.000,NaN,56.4,NaN,83.1,79.9,83.1,78.6,76.8,81.4,78.5,77.0,74.2,75.1,73.6,71.6,66.7,66.1,60.9,55.6,54.5,48.3,40.2,32.2,29.7,28.3,27.9,28.4,29.1,30.2,31.0,32.0,33.0,34.0,35.1,36.2,37.6,38.4,39.6,41.5
07:35:13.000,NaN,55.8,NaN,85.0,82.1,83.0,85.5,77.7,78.4,77.4,76.2,74.8,73.3,71.9,70.5,66.7,66.0,63.1,58.3,52.3,46.6,40.7,33.6,29.3,27.5,28.0,28.9,28.8,29.5,30.5,31.7,33.1,34.1,35.4,37.6,37.4,38.5,39.4,41.3
07:35:14.000,NaN,55.1,NaN,80.3,74.9,84.2,80.6,79.6,80.1,78.7,75.8,72.3,72.2,70.7,69.3,65.2,63.6,59.6,57.1,53.6,49.0,42.5,34.4,29.3,28.1,27.9,28.8,29.0,29.8,30.8,31.6,33.1,33.9,34.9,36.4,37.6,38.5,39.7,41.4
07:35:15.000,NaN,53.7,NaN,83.5,82.5,83.5,82.0,79.8,79.3,77.4,77.3,73.8,71.7,68.3,68.6,63.7,62.6,58.7,54.4,49.2,43.2,36.3,30.8,27.8,27.7,27.9,28.2,29.2,30.1,30.7,31.7,32.9,34.1,35.3,36.2,37.5,38.6,39.6,41.3
07:35:16.000,NaN,55.0,NaN,85.9,84.2,82.8,80.6,76.4,78.6,77.6,76.1,73.4,74.0,72.2,66.7,66.5,63.7,59.8,55.6,50.4,41.1,38.5,30.2,27.6,27.7,27.7,28.6,29.3,29.2,30.8,31.7,32.9,34.0,34.8,36.4,37.6,38.7,39.7,41.5
07:35:17.000,NaN,56.7,NaN,79.4,81.1,81.3,81.0,78.6,78.1,75.9,75.3,72.7,72.7,72.6,69.4,68.7,65.8,62.2,59.1,53.4,46.9,40.5,32.4,28.4,27.4,27.6,28.5,29.1,29.7,30.9,32.1,32.9,34.1,34.9,36.1,37.5,38.5,39.6,41.4
07:35:18.000,NaN,57.7,NaN,85.3,87.5,81.7,81.0,79.6,77.2,75.2,76.6,73.1,72.1,73.2,69.1,68.7,64.5,62.1,59.1,55.9,50.6,44.1,34.7,28.5,27.5,27.6,28.7,29.2,30.1,30.6,31.7,32.9,33.9,35.0,36.4,37.6,38.5,39.7,41.4
07:35:19.000,NaN,56.7,NaN,86.3,84.0,80.7,83.0,81.8,75.9,73.9,77.3,76.2,74.7,73.7,72.5,68.5,66.6,61.8,59.2,53.8,49.5,41.2,34.7,28.6,27.0,27.8,28.2,29.3,29.9,30.6,32.0,32.9,33.8,35.2,37.0,37.6,38.7,39.6,41.3
07:35:20.000,NaN,54.8,NaN,83.8,83.3,85.0,82.7,81.4,77.7,78.6,78.8,74.8,71.2,69.1,68.7,63.6,61.5,57.7,53.1,49.1,48.4,40.4,34.5,29.2,28.2,28.0,28.7,29.6,29.6,30.7,32.0,33.2,34.2,35.5,36.9,37.6,38.7,39.7,41.4
07:35:21.000,NaN,52.8,NaN,79.6,83.4,83.3,81.6,79.7,76.7,75.2,75.6,76.7,74.1,73.0,69.6,66.5,58.7,55.8,54.6,50.0,43.5,36.6,30.4,28.3,27.6,28.3,28.4,29.2,29.6,30.8,31.9,33.0,33.9,35.1,36.3,37.5,38.7,39.6,41.4
07:35:22.000,NaN,52.9,NaN,81.7,78.3,83.1,77.9,76.4,80.3,77.4,73.7,74.2,70.4,69.8,66.5,65.1,62.3,58.2,53.3,47.3,41.1,37.7,30.5,27.7,27.5,27.7,29.1,29.2,29.6,31.1,31.7,32.8,34.0,35.0,36.2,37.6,38.7,39.6,41.5
07:35:23.000,NaN,51.8,NaN,81.7,83.6,81.2,80.7,79.6,76.3,77.1,75.2,71.9,68.6,67.0,66.0,64.5,61.1,58.5,53.7,49.5,41.6,35.4,30.4,28.2,28.0,28.1,28.7,29.3,29.8,30.6,31.8,33.0,34.0,35.1,36.4,37.4,38.5,39.5,41.4
07:35:24.000,NaN,51.9,NaN,82.8,79.3,79.4,81.3,82.1,77.2,73.2,74.5,69.6,69.4,66.5,64.4,62.6,60.2,58.3,53.3,47.9,40.4,34.2,30.3,28.7,27.4,28.0,28.6,29.4,30.3,30.7,31.9,32.8,34.0,34.9,36.3,37.5,38.6,39.6,41.4
07:35:25.000,NaN,53.7,NaN,79.7,85.1,80.5,80.5,75.7,73.6,73.4,72.3,71.6,69.8,69.3,67.4,64.1,60.1,57.5,54.8,48.3,43.5,36.3,31.6,29.5,28.4,28.0,28.6,28.7,30.1,31.0,31.7,32.9,34.1,34.9,36.3,37.6,38.5,39.5,41.5
07:35:26.000,NaN,55.5,NaN,79.0,82.1,76.6,80.1,77.5,79.7,75.7,74.5,73.4,70.0,70.5,66.2,65.2,63.1,59.4,54.6,50.1,44.4,38.6,34.7,30.8,28.4,27.7,28.6,29.0,29.6,30.9,31.8,32.7,33.9,35.0,36.2,37.6,38.6,39.6,41.4
07:35:27.000,NaN,57.1,NaN,85.2,81.6,78.0,81.1,78.7,79.3,74.8,74.8,73.6,71.4,72.0,68.8,69.2,66.4,63.4,59.0,54.4,48.3,42.2,34.9,31.2,29.0,28.2,28.8,28.9,29.9,30.5,31.6,32.8,34.0,35.1,36.3,37.4,38.5,39.6,41.4
07:35:28.000,NaN,55.8,NaN,80.7,81.4,81.2,79.3,77.0,77.4,76.2,76.6,73.0,74.4,70.5,70.6,67.3,65.9,63.6,58.4,52.2,44.7,36.6,32.0,29.0,27.7,28.5,29.0,29.6,29.8,31.0,31.5,33.0,34.1,35.3,36.2,37.5,38.6,39.5,41.4
07:35:29.000,NaN,52.6,NaN,75.5,84.9,84.1,78.4,80.0,77.4,77.7,74.2,76.0,71.5,70.5,65.9,64.2,59.8,58.4,53.0,48.7,42.1,36.1,30.9,28.8,27.7,27.8,28.8,29.0,29.9,30.8,31.8,32.8,34.2,35.1,36.4,37.4,38.6,39.6,41.4
07:35:30.000,NaN,52.9,NaN,75.3,82.1,82.4,79.2,79.5,74.6,74.9,76.4,75.2,74.2,71.4,67.2,64.4,59.1,55.3,54.8,50.8,46.4,38.8,31.1,28.9,28.1,28.1,28.2,29.2,29.7,31.0,31.9,32.6,34.1,35.1,36.6,37.4,38.4,39.6,41.4
07:35:31.000,NaN,51.4,NaN,78.6,81.2,81.7,80.2,73.5,75.8,76.4,75.9,74.1,71.9,69.9,64.6,64.2,59.8,55.5,50.5,46.8,40.3,35.2,30.9,28.6,28.1,27.9,28.0,29.1,30.2,30.7,32.0,32.9,33.8,35.0,36.3,37.5,38.5,39.5,41.4
07:35:32.000,NaN,53.0,NaN,79.4,83.2,78.2,82.0,74.6,77.1,75.5,74.1,73.1,74.6,71.1,69.5,65.2,59.9,52.9,48.1,46.7,41.7,37.3,28.9,27.1,27.9,27.6,28.7,29.1,29.6,30.7,31.9,32.9,34.1,35.0,36.4,37.6,38.4,39.7,41.3
07:35:33.000,NaN,53.2,NaN,81.8,83.1,80.3,78.2,77.4,78.8,76.5,75.0,75.0,73.2,69.6,64.4,63.0,58.1,56.8,49.8,43.2,36.6,34.6,29.8,27.8,28.3,28.3,28.7,29.2,29.6,30.6,31.9,32.8,33.8,35.2,36.4,37.5,38.5,39.6,41.3
07:35:34.000,NaN,52.1,NaN,84.1,79.2,74.3,79.9,74.4,78.4,78.5,75.1,73.2,70.9,72.9,65.8,65.7,61.5,57.6,52.5,45.4,39.4,35.9,31.1,28.6,27.8,27.9,28.5,29.6,30.0,30.8,31.7,32.6,33.7,35.0,36.3,37.4,38.6,39.6,41.5
07:35:35.000,NaN,53.3,NaN,83.8,80.7,76.0,75.2,73.1,78.6,76.7,76.0,74.3,70.1,70.2,66.6,66.2,60.9,58.9,53.6,50.3,42.0,36.1,31.2,28.6,27.3,28.2,28.5,29.4,30.1,30.4,31.9,33.0,34.2,35.1,36.1,37.5,38.6,39.6,41.4
07:35:36.000,NaN,59.5,NaN,80.1,82.8,77.2,76.8,78.2,77.9,73.9,75.3,73.0,73.3,74.0,71.0,68.8,64.8,61.7,60.7,57.1,52.5,44.1,37.3,30.8,28.6,28.7,28.6,29.1,30.1,30.8,31.9,32.4,34.1,35.2,36.2,37.4,38.5,39.5,41.5
07:35:37.000,NaN,57.8,NaN,84.1,81.2,81.0,76.4,80.0,79.3,77.5,77.6,74.6,73.7,72.7,71.5,69.6,67.9,65.0,61.7,58.3,52.3,46.1,38.2,31.0,28.3,28.0,28.9,29.2,30.1,31.1,31.7,33.1,34.1,35.1,36.4,37.3,38.6,39.6,41.4
07:35:38.000,NaN,55.3,NaN,82.5,80.3,78.2,77.9,81.8,76.0,75.9,71.6,73.7,71.9,73.7,71.6,65.5,64.2,61.4,58.9,51.7,45.1,38.2,32.0,28.5,29.0,28.2,28.3,29.3,30.2,31.1,31.9,32.9,33.9,35.1,36.0,37.4,38.4,39.6,41.3
07:35:39.000,NaN,51.8,NaN,82.6,77.3,82.3,79.7,77.8,79.6,75.4,71.5,72.7,72.1,70.4,66.5,64.9,62.0,59.5,52.6,48.2,42.2,37.7,32.2,28.0,28.0,27.9,28.5,29.1,30.4,31.0,31.8,32.6,34.2,35.0,36.4,37.6,38.6,39.5,41.4
07:35:40.000,NaN,53.8,NaN,72.9,81.1,77.8,72.9,78.3,74.9,75.5,75.2,70.7,70.6,67.2,64.2,61.4,59.7,59.6,55.3,48.0,41.5,34.9,29.8,28.2,27.3,27.9,28.6,29.2,30.1,30.6,31.8,32.9,34.1,35.3,36.2,37.5,38.5,39.6,41.5
07:35:41.000,NaN,51.8,NaN,81.7,78.4,76.8,79.2,75.8,75.9,72.5,76.6,75.0,70.6,69.8,65.2,62.6,62.4,61.1,55.0,48.7,41.7,37.1,31.2,28.4,28.5,27.9,28.8,29.1,29.6,30.7,32.1,32.9,33.9,35.0,36.4,37.6,38.5,39.5,41.5
07:35:42.000,NaN,50.9,NaN,79.2,71.4,73.8,78.0,76.4,78.7,75.9,73.9,73.9,68.1,66.3,63.9,59.5,60.6,58.0,52.6,46.9,42.8,35.7,29.8,29.1,27.7,28.4,28.5,29.4,29.8,30.8,31.8,32.8,33.8,35.0,36.2,37.5,38.6,39.6,41.5
07:35:43.000,NaN,52.4,NaN,79.9,78.6,74.4,80.1,79.3,75.5,74.9,73.1,68.7,66.9,64.1,61.8,61.9,57.6,58.5,53.1,48.6,42.9,37.0,30.5,28.6,27.9,27.9,28.2,29.5,29.8,30.6,31.6,33.1,33.9,35.1,36.4,37.4,38.5,39.6,41.4
07:35:44.000,NaN,50.5,NaN,82.1,79.3,79.6,78.8,77.6,74.2,73.5,74.0,69.5,69.2,67.5,67.5,64.9,60.2,55.5,51.0,47.1,39.8,33.7,28.0,27.9,27.9,27.7,28.3,29.5,29.9,30.7,31.6,33.0,34.2,35.0,36.3,37.5,38.6,39.6,41.4
07:35:45.000,NaN,49.1,NaN,79.5,80.4,75.8,80.4,71.4,75.7,72.7,73.1,67.0,67.7,67.6,64.9,61.1,57.6,55.1,51.3,46.6,39.3,35.2,30.8,28.9,27.5,27.9,28.8,29.8,29.9,30.9,31.8,32.9,33.8,35.1,36.5,37.5,38.6,39.7,41.3
07:35:46.000,NaN,47.4,NaN,84.1,73.3,77.3,77.9,78.2,74.7,73.4,73.9,68.3,69.0,64.6,62.9,56.5,56.5,53.4,46.9,41.7,37.7,35.0,30.4,29.6,28.1,27.9,28.9,28.9,30.0,31.1,32.2,32.5,34.1,35.0,36.3,37.5,38.5,39.6,41.5
07:35:47.000,NaN,46.7,NaN,80.9,69.3,70.1,76.8,74.5,73.9,71.5,71.0,69.6,65.4,64.2,59.1,56.9,53.2,49.7,44.2,39.0,35.1,33.3,30.7,30.5,28.9,28.4,28.3,29.2,30.2,30.9,31.7,32.8,34.2,35.2,36.3,37.5,38.6,39.6,41.4
07:35:48.000,NaN,47.5,NaN,78.8,78.7,82.3,75.4,75.6,72.8,72.9,68.5,68.4,66.0,63.5,64.2,55.2,53.5,50.4,49.0,42.7,38.6,33.4,31.1,29.7,29.0,28.4,28.7,29.6,30.0,31.1,32.0,32.8,33.9,35.3,36.5,37.4,38.5,39.6,41.3
07:35:49.000,NaN,46.0,NaN,79.3,78.3,81.1,75.5,76.9,75.0,72.9,67.7,68.2,65.9,62.2,59.6,57.4,55.6,48.4,48.4,44.8,36.6,32.9,30.5,28.8,28.8,28.6,29.4,29.7,30.4,30.6,31.6,33.1,33.9,35.3,36.7,37.5,38.6,39.6,41.5
07:35:50.000,NaN,45.8,NaN,78.5,74.4,76.4,75.9,73.6,73.7,70.0,69.4,67.6,64.8,61.0,60.2,56.5,54.9,50.7,45.7,40.1,36.0,33.5,29.4,28.0,28.1,28.5,28.7,29.2,29.9,30.5,31.8,33.2,33.9,35.3,36.5,37.8,38.7,39.5,41.4
07:35:51.000,NaN,44.4,NaN,81.3,80.2,79.1,75.0,71.8,72.8,69.6,68.2,66.2,62.8,60.2,59.2,58.7,53.8,48.2,46.2,40.3,34.2,31.3,28.6,28.1,27.9,28.6,28.6,29.0,30.4,30.9,31.8,33.0,34.1,35.3,36.2,37.6,38.6,39.6,41.4
07:35:52.000,NaN,50.2,NaN,74.6,77.5,76.2,74.9,67.7,73.8,68.5,69.0,65.1,64.1,63.6,61.9,57.3,57.7,54.6,49.5,44.9,38.8,33.4,30.3,28.4,27.8,27.6,28.4,29.8,29.6,30.8,31.7,33.0,33.8,35.1,36.4,37.6,38.7,39.5,41.3
07:35:53.000,NaN,50.2,NaN,79.4,75.5,76.6,75.3,74.7,71.1,70.8,71.7,67.9,66.7,67.5,64.4,63.9,59.4,57.0,52.7,44.7,36.3,32.5,29.8,28.9,28.0,28.1,29.7,30.1,29.8,30.9,31.6,32.8,33.9,35.3,36.4,37.5,38.6,39.7,41.4
07:35:54.000,NaN,53.3,NaN,78.7,78.9,75.4,74.9,74.0,70.4,70.1,69.8,66.4,68.3,66.8,66.7,63.9,59.3,56.6,53.8,50.9,43.4,39.1,32.5,28.5,27.2,27.6,29.0,29.4,30.1,30.4,31.9,33.0,34.0,35.1,36.4,37.5,38.6,39.5,41.4
07:35:55.000,NaN,51.4,NaN,76.5,75.2,71.8,73.2,74.4,73.8,70.6,70.8,70.2,66.3,68.0,66.7,63.4,61.1,59.1,53.1,49.5,43.3,39.7,31.4,28.2,27.3,28.1,28.5,29.4,30.1,31.0,31.8,32.8,33.9,35.1,36.2,37.5,38.6,39.5,41.4
07:35:56.000,NaN,51.0,NaN,79.5,74.2,72.2,74.2,73.5,73.4,70.8,69.9,68.7,66.5,64.3,61.7,63.6,60.2,56.8,53.8,49.6,42.2,38.3,32.6,29.5,28.4,27.5,28.6,29.4,29.7,30.6,31.8,32.9,34.0,35.1,36.5,37.5,38.5,39.6,41.5
07:35:57.000,NaN,50.8,NaN,74.8,77.0,79.5,72.7,74.9,70.2,71.2,68.8,69.3,68.4,65.9,64.5,61.5,58.7,57.8,53.9,49.1,40.7,35.2,30.6,30.1,28.2,28.6,28.9,29.3,30.1,30.9,31.9,33.1,34.1,35.0,36.2,37.5,38.6,39.6,41.5
07:35:58.000,NaN,49.0,NaN,77.1,77.5,76.3,70.4,73.0,74.6,72.0,70.8,68.2,64.9,64.1,61.7,59.9,57.8,54.2,48.5,44.8,38.9,33.9,30.0,29.3,28.1,27.9,28.6,29.1,30.2,30.7,31.5,32.9,34.0,35.2,36.4,37.8,38.5,39.5,41.5
07:35:59.000,NaN,50.6,NaN,80.4,77.5,76.4,73.2,72.4,72.4,70.4,71.6,67.0,65.3,64.7,63.5,61.9,59.0,55.9,49.5,44.5,36.0,33.2,30.4,28.7,28.6,27.5,28.9,29.5,30.2,30.8,31.3,33.0,34.1,35.1,36.3,37.4,38.4,39.6,41.3
07:36:00.000,NaN,49.1,NaN,78.8,77.6,72.8,72.0,70.5,73.1,71.1,67.6,68.6,64.8,66.2,65.4,60.3,58.5,54.4,50.3,43.0,37.0,35.0,30.5,29.0,28.0,27.7,28.4,29.7,30.2,30.7,31.7,32.9,34.1,35.3,36.4,37.3,38.4,39.6,41.5
07:36:01.000,NaN,49.7,NaN,73.9,76.3,73.1,74.1,72.6,71.9,69.8,69.6,68.2,66.8,65.3,64.6,62.2,58.6,55.7,50.4,46.6,38.9,32.7,29.1,28.8,27.9,28.2,28.7,29.6,30.0,30.8,31.8,32.9,33.9,35.2,36.6,37.6,38.6,39.5,41.6
07:36:02.000,NaN,48.5,NaN,71.9,70.6,71.5,72.6,73.1,73.7,71.4,70.9,67.8,68.1,65.3,63.2,59.9,56.5,52.8,47.9,39.4,35.4,34.7,29.4,28.5,27.9,27.9,28.8,29.3,29.8,30.9,31.7,32.7,34.0,35.1,36.3,37.6,38.5,39.6,41.5
07:36:03.000,NaN,47.4,NaN,75.1,76.7,70.8,70.8,75.6,72.8,71.1,70.9,68.2,66.3,64.5,62.5,59.4,56.9,50.7,42.4,38.1,33.8,32.9,29.2,28.8,27.7,28.1,28.7,29.3,29.8,30.8,31.8,32.9,33.9,35.0,36.2,37.4,38.6,39.6,41.5
07:36:04.000,NaN,45.4,NaN,70.0,81.0,76.3,71.5,72.5,71.6,68.1,69.6,67.8,67.2,64.7,60.2,59.8,55.9,49.1,43.5,39.9,33.6,32.3,29.1,28.9,28.6,28.0,28.9,29.6,29.4,30.7,32.2,33.0,33.8,35.2,36.6,37.4,38.5,39.6,41.6
07:36:05.000,NaN,46.0,NaN,74.0,73.4,74.9,75.5,71.1,72.3,70.2,68.3,66.5,66.5,62.9,59.8,59.3,54.2,47.6,43.2,39.8,33.6,31.8,28.3,28.0,27.9,28.1,28.6,29.5,30.0,30.8,31.9,32.9,33.9,35.2,36.2,37.7,38.6,39.6,41.5
07:36:06.000,NaN,46.6,NaN,76.9,74.6,70.0,70.3,74.1,68.6,70.8,68.6,66.9,64.7,63.3,58.3,56.8,54.4,49.0,45.8,41.5,33.3,30.8,28.6,27.8,28.3,27.9,28.5,29.2,29.8,30.7,32.1,32.9,33.9,35.1,36.5,37.5,38.6,39.7,41.5
07:36:07.000,NaN,50.6,NaN,71.9,77.3,68.0,69.8,71.6,70.0,72.5,69.5,67.6,66.4,63.1,61.9,60.8,57.4,56.6,51.3,47.4,39.4,35.3,29.3,28.1,27.0,27.6,28.0,28.8,30.0,30.9,31.7,33.0,33.7,35.1,36.3,37.5,38.6,39.6,41.5
07:36:08.000,NaN,47.5,NaN,77.4,70.9,67.2,67.7,73.7,72.8,68.5,71.7,68.3,68.4,65.1,61.5,61.9,56.3,54.1,51.5,45.5,38.6,33.6,28.7,27.4,27.6,27.8,29.0,29.5,29.5,31.0,31.7,32.9,34.1,35.2,36.3,37.5,38.5,39.5,41.5
07:36:09.000,NaN,48.4,NaN,74.4,74.9,74.8,67.1,71.9,70.6,70.6,69.1,67.8,67.1,63.6,62.5,59.2,56.3,53.7,49.6,45.0,36.1,32.1,28.4,27.8,27.7,27.4,28.2,29.1,29.8,30.9,31.7,32.9,34.1,35.0,36.5,37.5,38.7,39.7,41.5
07:36:10.000,NaN,46.2,NaN,73.0,66.8,78.4,73.6,68.0,70.3,70.4,70.1,69.8,65.0,64.1,60.4,56.9,53.5,49.6,42.6,35.5,32.3,32.0,29.7,28.5,27.9,27.9,28.7,28.8,29.7,30.7,32.0,32.7,34.0,35.1,36.1,37.5,38.7,39.6,41.5
07:36:11.000,NaN,44.7,NaN,76.2,72.5,74.2,68.8,74.2,70.3,66.1,67.6,65.9,66.2,62.8,60.4,56.5,52.1,47.4,40.9,38.8,35.9,31.7,29.7,29.4,28.1,27.8,28.7,29.0,30.2,31.1,31.7,32.7,33.9,35.2,36.3,37.6,38.7,39.5,41.4
07:36:12.000,NaN,45.0,NaN,71.8,74.6,79.6,72.6,72.8,72.5,68.1,67.4,63.3,64.1,62.8,61.6,57.0,52.6,47.0,39.8,39.5,34.9,32.1,30.2,29.7,28.4,28.0,28.7,29.0,30.1,31.1,32.0,33.1,34.1,35.4,36.5,37.6,38.6,39.6,41.5
