;HEADER SIZE...................,33                                             
;VEHICLE NAME..................,DELTA IV HEAVY                                 
;MISSION NAME..................,PARKER SOLAR PROBE                             
;MISSION TYPE..................,HELIOPHYSICS                                   
;MISSION OPERATOR..............,UNITED LAUNCH ALLIANCE                         
;MISSION CUSTOMER..............,NASA                                           
;LAUNCH DATE...................,12 AUGUST 2018                                 
;LAUNCH TIME  (UTC ZULU).......,07:31:00.000                                   
;EVENT DESCRIPTION.............,LAUNCH NOISE                                   
;EVENT SITE....................,SLC-37B, CCAFS, FL                             
;PROJECT.......................,ACRP PROJECT 02-81                             
;ORGANIZATION..................,BLUE RIDGE RESEARCH AND CONSULTING, LLC        
;RECORDER LOCATION.............,Titan III & Loop Rd                            
;RECORDER LOCATION SHORT NAME..,TITAN                                          
;SAMPLES TOTAL.................,315                                            
;RUN NOTES.....................,NONE                                           
;CH NUMBER.....................,13                                             
;CH DESCRIPTION................,1/2" MICROPHONE FREE-FIELD                     
;TRANSDUCER MODEL..............,PCB 378A07                                     
;TRANSDUCER SN.................,157358                                         
;MEAS SENS (mV/Pa).............,5.589                                          
;ORIENTATION...................,INVERTED                                       
;WINDSCREEN....................,YES                                            
;GRID..........................,YES                                            
;PREAMP MODEL..................,PCB 426E01                                     
;PREAMP SN.....................,122698                                         
;RECORDER MODEL................,NI-9234                                        
;COORDINATES...................,GEOGRAPHIC                                     
;DATUM.........................,WGS 84                                         
;LATITUDE......................,28.535545                                      
;LONGITUDE.....................,-80.592512                                     
;MICROPHONE HEIGHT AGL M.......,0.0                                            
;CH NOTES......................,NONE                                           
;QC NOTE.......................,NONE                                           
AMBIENT,69.5,49.3,53.3,43.7,44.8,44.8,45.5,48.3,47.6,42.5,44.0,45.9,43.4,42.5,40.3,37.9,41.2,35.6,31.8,37.8,35.4,37.5,38.1,36.3,33.3,32.6,33.0,34.1,34.4,35.4,36.4,37.3,38.3,39.3,40.3,41.2,42.3,43.3,44.3
07:30:53.117,66.8,49.0,52.7,39.6,42.1,40.8,40.6,42.3,42.0,43.3,43.9,44.6,40.0,42.7,40.7,37.3,39.9,33.7,32.0,34.3,29.5,33.2,34.9,40.4,39.1,33.9,33.2,35.1,34.7,35.8,36.4,37.2,38.3,39.7,40.5,41.3,42.1,43.3,44.3
07:30:54.117,68.0,50.5,54.5,37.8,41.2,42.9,42.5,45.2,46.3,41.9,44.9,45.8,43.1,44.3,39.0,36.6,40.8,41.0,32.0,37.2,45.3,41.7,41.1,35.0,32.4,31.3,32.6,33.8,35.1,36.3,36.2,36.9,38.6,39.1,40.3,41.3,42.2,43.2,44.3
07:30:55.117,65.8,48.6,53.1,46.8,47.7,43.4,45.8,48.1,42.8,45.7,46.3,45.8,41.8,42.4,42.7,37.9,37.6,33.6,32.8,33.3,31.4,31.5,37.9,41.2,33.9,31.8,32.4,33.6,33.9,35.4,36.3,37.1,38.2,39.3,40.2,41.2,42.2,43.3,44.2
07:30:56.117,57.8,48.2,51.9,42.6,44.8,42.2,46.4,51.4,43.7,41.1,46.4,45.9,39.0,41.7,41.1,35.8,37.9,34.3,32.5,31.6,30.3,31.4,34.2,35.3,32.2,31.8,32.2,33.3,34.5,35.6,36.6,37.4,38.3,39.5,40.5,41.3,42.3,43.2,44.4
07:30:57.117,71.9,48.4,52.6,41.0,43.0,46.2,45.6,50.7,47.5,41.2,46.6,44.5,42.4,42.0,41.0,38.6,38.5,35.6,34.0,32.9,33.8,31.6,32.6,32.5,31.4,31.6,32.5,33.4,34.1,35.7,36.0,37.1,38.2,39.3,40.4,41.3,42.2,43.1,44.3
07:30:58.117,72.4,48.1,52.6,47.4,47.8,45.5,45.9,46.0,46.6,40.6,43.1,47.6,44.5,42.0,39.3,39.8,37.4,34.9,32.2,29.7,30.0,32.9,34.7,32.7,31.4,31.8,32.6,33.4,34.3,35.3,36.4,37.5,38.4,39.4,40.3,41.1,42.3,43.3,44.3
07:30:59.117,69.3,48.1,52.3,45.9,46.1,45.7,47.9,52.5,45.1,44.1,44.7,45.1,40.8,39.0,40.9,36.0,35.6,34.1,31.6,34.0,30.5,35.8,35.4,32.4,33.3,31.1,32.1,33.2,34.4,35.3,36.1,37.3,38.3,39.4,40.3,41.4,42.2,43.3,44.3
07:31:00.117,72.2,48.4,52.8,38.9,40.7,40.9,43.9,46.3,39.3,46.7,48.0,45.7,39.8,43.4,40.5,35.9,40.3,35.2,31.5,34.0,31.0,36.0,38.8,34.7,31.6,31.6,33.2,34.9,34.9,35.5,36.6,37.0,38.1,39.4,40.4,41.3,42.3,43.2,44.3
07:31:01.117,70.3,53.7,57.2,43.2,41.6,42.7,44.6,50.0,47.0,43.3,46.3,45.8,43.4,43.0,41.5,38.0,42.2,46.2,39.3,34.2,46.7,43.0,46.3,47.5,40.9,36.5,34.9,38.0,37.0,36.5,36.6,37.1,38.0,39.3,40.2,41.2,42.3,43.3,44.3
07:31:02.117,68.0,48.3,53.1,42.9,43.9,44.3,40.0,46.3,47.2,43.7,47.1,46.4,43.1,41.1,39.9,36.2,37.8,34.8,30.7,30.1,28.8,29.4,29.4,30.1,30.2,30.3,32.4,33.9,34.2,34.9,36.4,37.4,38.1,39.2,40.2,41.1,42.1,43.2,44.2
07:31:03.117,65.0,48.0,53.0,47.7,48.3,49.5,50.2,51.1,49.3,45.5,47.2,45.6,43.8,42.0,39.9,38.0,37.5,33.9,32.1,31.0,29.5,28.1,28.6,29.6,31.1,30.9,32.5,33.2,34.3,35.2,36.5,37.6,38.4,39.1,40.4,41.3,42.1,43.3,44.4
07:31:04.117,74.3,48.2,52.7,43.9,46.2,45.9,40.7,43.4,41.7,46.4,43.3,46.4,44.7,44.5,39.2,37.0,37.1,34.8,31.6,33.5,32.2,33.9,35.7,31.6,30.5,31.8,32.6,33.6,34.4,35.7,36.8,37.3,38.3,39.5,40.2,41.2,42.2,43.3,44.2
07:31:05.117,62.4,48.2,52.0,47.9,44.8,39.7,43.0,46.5,46.0,45.5,45.5,45.1,41.2,39.8,38.0,38.4,35.1,33.1,32.0,33.8,32.4,32.8,34.3,35.0,31.6,31.9,32.6,32.9,34.3,35.2,36.2,37.3,38.3,39.5,40.3,41.4,42.3,43.2,44.2
07:31:06.117,68.7,48.3,53.0,41.3,41.9,44.8,45.5,42.2,43.6,46.2,46.5,46.6,41.7,43.6,41.2,37.5,35.9,33.3,32.3,32.5,32.3,40.0,34.0,33.4,32.4,32.1,32.3,33.2,34.3,35.6,36.2,37.4,37.9,39.1,40.4,41.2,42.4,43.2,44.3
07:31:07.117,70.9,48.0,52.0,46.0,45.3,44.4,47.3,50.4,45.7,43.5,40.1,46.0,43.8,40.5,39.9,36.9,37.2,34.5,33.4,32.1,32.3,31.9,33.9,33.2,31.9,32.0,32.6,33.4,34.0,35.6,35.9,36.7,38.1,39.1,40.5,41.2,42.3,43.3,44.4
07:31:08.117,87.0,48.3,61.0,75.1,71.5,69.6,66.6,56.9,50.7,54.4,46.4,47.5,44.0,42.4,41.9,41.7,39.3,37.8,39.2,37.0,35.0,36.0,35.1,31.2,31.9,31.8,32.5,33.6,34.3,35.4,36.5,37.1,38.3,39.3,40.4,41.4,42.1,43.4,44.2
07:31:09.117,86.0,51.1,67.0,75.9,74.6,73.2,65.7,61.3,59.2,60.5,56.3,55.0,50.1,46.8,48.2,46.2,47.0,46.9,45.9,47.4,45.1,42.3,39.6,38.2,36.7,35.1,33.4,33.6,34.2,35.2,36.3,37.4,38.3,39.2,40.4,41.3,42.3,43.4,44.3
07:31:10.117,89.3,57.4,72.1,76.2,68.2,70.7,67.7,64.8,65.4,66.5,68.7,66.3,61.8,55.0,56.6,58.8,59.0,59.9,60.4,58.4,56.7,52.2,49.8,45.1,42.5,39.7,35.5,34.3,34.7,35.0,36.3,37.0,38.1,39.3,40.3,41.4,42.4,43.3,44.2
07:31:11.117,95.3,61.8,76.7,80.0,81.1,81.3,75.7,68.7,70.0,66.6,69.0,68.6,62.9,57.7,60.9,62.3,62.6,67.0,66.5,61.4,60.4,56.4,52.3,49.4,46.7,42.4,38.8,36.3,35.2,35.2,36.3,37.3,38.1,39.3,40.2,41.2,42.2,43.4,44.2
07:31:12.117,95.2,60.9,77.0,86.7,82.8,79.5,80.0,77.5,71.8,69.2,69.9,65.3,61.7,63.8,63.3,63.0,64.0,64.1,63.1,61.9,60.4,55.5,51.7,48.7,46.5,42.5,38.1,35.6,35.2,35.3,36.2,37.4,38.6,39.3,40.2,41.1,42.2,43.2,44.2
07:31:13.117,98.5,58.7,77.4,84.6,85.3,83.0,77.5,74.2,71.8,69.7,67.6,68.8,64.9,63.1,64.9,62.5,62.4,60.4,60.1,58.7,58.0,53.9,49.6,47.0,44.1,39.8,37.3,34.9,34.8,35.6,36.2,37.2,38.2,39.2,40.4,41.4,42.2,43.2,44.2
07:31:14.117,95.1,58.4,77.9,83.5,84.3,84.5,83.5,75.3,71.9,70.8,71.2,65.1,64.0,61.2,61.4,62.1,64.8,60.9,60.4,60.0,55.8,52.2,50.5,46.7,43.8,40.4,36.4,34.5,35.0,35.7,36.4,36.9,38.1,39.2,40.0,41.2,42.3,43.3,44.4
07:31:15.117,97.0,59.5,79.3,84.5,84.3,85.5,81.3,78.3,70.0,70.0,72.4,67.9,65.5,65.0,65.3,61.4,62.1,60.6,61.3,61.4,57.2,53.7,50.4,47.7,44.7,41.1,37.0,35.8,35.3,35.5,36.2,37.4,38.1,39.3,40.2,41.2,42.3,43.3,44.5
07:31:16.117,92.2,62.5,79.8,79.9,81.7,85.8,84.1,80.7,75.2,71.4,68.6,67.9,67.2,64.4,65.8,65.4,65.1,65.1,64.2,63.8,61.1,56.9,53.6,51.0,48.3,44.5,40.3,37.1,36.0,35.9,36.3,36.9,38.3,39.2,40.2,41.4,42.3,43.4,44.3
07:31:17.117,93.9,68.4,84.9,76.9,82.4,82.9,79.4,81.7,77.7,74.4,78.4,78.0,73.6,71.8,74.3,75.4,72.0,74.2,70.3,69.6,65.3,63.1,60.4,56.7,53.3,49.3,45.6,42.2,39.6,38.0,36.8,37.8,38.4,39.4,40.2,41.2,42.2,43.3,44.3
07:31:18.117,99.0,72.2,89.6,89.8,92.4,90.5,85.8,89.2,85.3,76.9,75.5,75.5,76.0,82.1,82.5,81.8,77.9,76.0,74.1,72.1,69.4,65.1,62.8,59.7,56.7,53.0,48.9,45.5,43.0,40.8,38.3,38.2,38.5,39.3,40.2,41.3,42.3,43.4,44.3
07:31:19.117,104.7,74.9,95.0,98.1,93.9,95.6,95.8,93.9,94.0,90.7,84.9,84.1,81.3,82.5,85.6,84.1,82.2,78.5,76.3,77.3,71.8,67.9,65.2,61.3,59.3,55.9,52.1,48.4,46.4,43.9,39.9,39.1,38.9,39.1,40.4,41.2,42.3,43.4,44.2
07:31:20.117,107.6,77.8,97.6,96.9,98.1,99.0,95.4,94.6,93.7,93.0,89.3,86.2,87.1,85.4,85.8,86.0,83.5,83.3,80.8,79.5,74.6,71.3,68.3,65.5,62.0,60.1,56.0,53.1,50.9,48.6,44.6,43.3,41.1,39.7,40.2,41.2,42.2,43.3,44.2
07:31:21.117,107.8,81.1,101.8,88.8,92.2,97.2,97.1,101.4,101.1,94.8,92.6,95.0,94.1,89.4,89.6,90.1,87.7,85.3,83.0,82.1,77.8,73.6,69.4,68.0,66.8,64.1,60.7,57.9,55.4,53.6,49.4,48.1,45.3,41.3,40.5,41.2,42.2,43.4,44.3
07:31:22.117,110.5,84.9,106.8,97.0,98.2,97.7,99.8,102.1,101.0,97.3,96.8,95.5,99.8,102.9,97.1,95.8,91.8,89.8,86.1,82.4,80.1,76.3,72.1,71.2,68.1,66.3,62.8,60.7,58.8,56.8,53.5,52.5,49.4,45.1,42.2,41.7,42.3,43.3,44.3
07:31:23.117,112.0,87.8,109.5,92.8,95.4,93.5,99.9,101.8,101.6,101.5,96.5,100.5,105.6,104.7,102.4,101.2,96.0,91.5,85.5,84.9,80.1,78.3,74.5,71.1,70.3,68.4,65.3,63.1,61.4,59.9,56.9,56.3,53.9,49.8,46.2,42.9,42.4,43.3,44.3
07:31:24.117,113.6,89.1,111.2,91.8,90.5,94.3,99.8,99.8,97.4,105.8,101.9,102.9,105.0,105.7,101.5,101.2,98.6,92.1,86.1,84.0,83.1,78.3,74.7,71.3,69.5,67.1,63.8,60.9,59.7,58.1,55.1,54.1,52.2,48.0,45.1,42.5,42.3,43.2,44.2
07:31:25.117,114.8,89.1,111.9,88.6,94.7,98.6,98.5,103.3,105.7,105.5,103.7,105.2,103.7,104.4,104.5,101.9,96.3,90.9,84.9,84.2,81.9,78.4,74.1,72.6,69.4,65.3,62.0,59.3,57.4,55.7,51.5,50.7,47.3,43.7,41.7,41.4,42.4,43.3,44.2
07:31:26.117,115.7,92.7,113.4,89.8,95.6,99.5,101.2,101.1,100.5,108.2,106.6,107.0,107.9,103.8,101.9,102.0,103.7,99.8,94.6,86.8,84.4,82.2,80.4,76.3,75.3,71.8,68.2,65.1,63.0,60.8,57.5,56.8,53.9,48.5,45.1,42.6,42.3,43.3,44.4
07:31:27.117,116.9,93.8,114.6,90.4,95.0,96.7,101.4,102.1,106.2,106.6,108.7,106.2,110.4,104.8,104.0,103.2,102.7,100.0,96.4,90.2,86.8,83.8,81.2,77.7,76.7,74.5,72.3,68.1,65.8,63.8,60.3,59.7,56.7,51.1,47.4,43.5,42.4,43.4,44.3
07:31:28.117,119.8,98.2,117.8,90.3,94.2,99.1,101.3,103.0,104.6,108.1,112.0,110.7,110.4,109.3,110.5,107.4,105.4,101.7,98.1,97.1,94.2,89.9,87.0,83.2,82.7,80.4,75.7,72.0,71.4,70.1,65.0,64.4,61.8,56.8,52.7,48.0,43.5,43.5,44.3
07:31:29.117,124.0,106.1,122.8,98.1,100.9,101.5,104.3,102.6,104.7,109.8,110.3,115.3,114.1,114.0,114.4,114.6,112.0,111.1,108.9,107.2,101.2,95.9,91.0,88.2,87.5,85.2,81.5,78.0,77.1,74.9,71.0,70.8,68.2,64.7,61.7,57.6,51.7,47.2,45.1
07:31:30.117,125.9,107.3,124.6,96.5,98.7,100.7,101.8,104.8,107.3,108.7,113.9,116.1,120.2,114.7,117.0,117.3,115.7,113.3,110.2,108.1,104.5,101.6,97.3,93.3,90.0,86.8,83.5,81.5,78.8,77.7,74.9,74.7,72.1,68.4,66.1,62.1,56.8,50.7,46.9
07:31:31.117,123.1,101.8,120.8,99.6,98.7,105.8,107.4,105.5,110.5,112.3,116.9,115.5,116.0,110.9,109.5,108.2,106.6,105.5,104.4,101.3,98.3,94.4,91.2,87.9,87.7,84.8,78.7,76.1,74.9,73.7,71.7,71.6,69.2,63.9,60.0,54.5,47.1,44.1,44.5
07:31:32.117,121.7,107.1,119.5,99.4,98.3,103.0,107.1,111.1,109.8,113.9,112.0,113.3,109.5,108.9,109.0,111.1,109.6,107.9,106.2,105.2,102.1,100.6,100.3,99.7,99.3,96.0,90.1,86.5,85.2,84.7,82.7,84.5,83.7,78.0,76.7,74.4,68.6,62.6,57.8
07:31:33.117,122.8,106.7,120.5,98.4,102.1,109.9,111.3,111.7,110.3,111.9,113.6,112.6,111.9,110.7,112.9,111.7,109.0,107.7,103.4,100.6,97.5,100.0,99.2,97.5,95.8,93.7,91.8,91.0,90.1,88.6,85.5,86.2,85.7,83.3,82.2,79.3,74.3,69.3,65.7
07:31:34.117,123.9,103.4,121.7,100.9,102.1,103.8,106.8,111.1,110.8,113.5,110.3,116.3,116.4,112.8,112.8,111.8,109.2,105.1,102.4,101.9,97.9,98.8,95.7,92.8,90.3,88.1,85.6,83.8,83.6,83.3,79.3,80.3,78.8,77.0,73.6,69.8,63.1,55.5,49.5
07:31:35.117,124.6,106.7,122.2,102.0,101.8,106.4,112.6,111.5,114.2,118.6,115.0,112.1,117.3,115.1,112.5,110.6,108.7,104.9,105.9,107.9,106.8,104.0,99.3,98.1,97.1,95.5,91.3,87.3,85.8,84.8,83.4,83.5,83.1,78.5,78.2,76.5,69.9,65.1,59.9
07:31:36.117,124.2,103.7,121.2,100.7,104.9,108.4,109.9,112.8,112.7,113.2,115.1,114.7,114.5,110.3,109.6,107.4,106.2,103.5,102.7,103.8,100.9,96.8,95.9,94.6,93.4,91.4,88.1,86.1,85.5,83.6,78.9,80.2,81.3,76.6,73.8,70.5,63.2,56.1,51.8
07:31:37.117,122.7,104.6,120.0,98.1,100.4,102.7,105.4,111.7,111.5,113.8,114.7,115.2,114.3,109.4,108.9,107.0,104.2,105.9,105.9,104.9,100.0,99.3,95.8,95.5,92.5,91.9,89.0,86.9,86.5,85.7,82.9,83.1,83.0,79.1,76.3,72.3,66.2,59.6,53.2
07:31:38.117,124.1,105.7,120.9,100.4,102.0,107.9,112.8,115.7,110.9,113.0,117.3,116.7,108.0,111.3,108.3,107.7,107.4,108.4,106.5,101.7,102.0,99.3,98.8,98.8,96.9,94.7,90.5,88.4,89.0,88.0,85.8,86.3,85.9,80.1,76.8,73.1,67.5,62.0,56.8
07:31:39.117,122.8,105.2,119.4,103.5,107.9,111.6,110.9,110.5,110.3,113.1,112.3,110.7,112.7,110.7,107.6,106.1,108.2,107.0,105.6,103.3,103.1,100.4,97.9,96.9,95.8,94.2,90.3,87.5,86.9,87.4,84.6,85.3,83.9,79.6,76.5,70.1,66.4,59.3,55.9
07:31:40.117,122.3,105.0,118.8,107.0,108.7,108.6,112.9,113.0,112.2,113.9,113.1,111.9,110.0,108.6,108.1,106.5,107.4,106.8,103.2,103.9,101.3,99.3,97.6,96.6,96.2,93.7,91.2,88.0,87.0,86.6,84.8,84.9,84.5,79.8,76.6,69.8,67.7,60.3,53.9
07:31:41.117,121.8,103.1,117.8,108.1,113.3,111.8,109.4,108.0,112.6,109.6,109.4,112.5,108.2,107.3,107.5,107.0,108.6,105.0,103.1,103.5,99.2,97.9,96.4,94.2,92.0,89.9,86.4,84.8,85.6,86.1,83.1,82.4,79.7,73.2,68.5,63.1,61.1,54.3,49.2
07:31:42.117,121.5,104.1,118.3,105.3,105.5,108.2,110.3,112.7,111.5,111.7,109.0,109.8,111.9,108.6,106.4,107.3,107.9,105.4,103.3,103.4,99.9,98.4,95.9,93.8,92.2,89.8,87.7,86.7,86.3,84.8,83.0,82.0,80.2,74.9,72.8,68.3,66.5,58.9,54.2
07:31:43.117,121.9,104.9,118.1,100.7,108.0,111.7,109.6,109.7,112.5,111.9,109.5,111.2,111.1,107.9,107.0,107.1,106.7,105.4,104.5,102.8,100.6,99.1,97.5,95.7,94.7,93.3,91.0,91.0,91.4,91.2,89.7,87.8,85.4,79.0,78.5,75.3,71.8,64.5,58.5
07:31:44.117,121.3,102.9,116.4,107.0,109.2,111.3,114.4,108.8,109.4,109.8,110.1,105.2,107.7,106.8,108.1,103.8,105.1,104.5,102.7,101.4,99.4,97.3,95.8,93.6,92.9,91.1,88.5,86.1,86.1,86.1,84.3,82.1,79.5,72.9,72.2,65.9,59.2,53.6,48.0
07:31:45.117,120.5,101.3,116.4,108.4,107.0,106.2,107.9,105.3,111.8,110.8,108.2,108.6,109.3,108.8,107.0,106.8,104.3,104.5,102.0,100.8,99.4,96.6,93.9,90.4,90.2,88.8,86.5,84.3,83.1,81.0,78.3,75.0,71.9,67.5,65.6,60.2,55.4,49.8,45.5
07:31:46.117,120.4,101.6,116.5,106.0,108.7,104.9,106.5,111.8,109.0,109.5,111.0,108.6,108.6,106.6,108.6,105.9,104.7,104.0,100.8,98.7,97.1,95.4,92.4,91.0,91.5,90.4,88.6,86.9,86.7,87.2,86.3,84.6,81.2,76.6,73.9,70.4,65.7,59.2,54.9
07:31:47.117,120.3,101.0,115.8,104.3,110.0,108.9,103.9,107.7,105.8,110.1,108.9,104.6,109.5,105.3,107.4,103.1,104.6,102.0,101.1,100.4,98.7,95.4,92.5,89.2,89.4,86.6,86.1,84.7,86.0,85.6,84.7,82.8,78.2,75.3,72.9,67.4,62.6,57.8,49.5
07:31:48.117,120.0,100.2,115.2,104.9,103.2,109.7,111.6,104.5,108.5,108.7,110.4,109.5,107.3,104.7,104.4,104.4,104.3,100.6,98.9,98.9,96.0,95.2,92.3,90.1,90.3,88.5,87.5,85.6,86.5,84.5,81.9,81.1,76.8,75.2,74.1,68.8,63.7,59.5,53.9
07:31:49.117,119.1,99.7,114.4,99.2,101.9,102.8,104.2,107.4,106.8,107.8,105.7,102.6,104.9,106.7,105.1,103.6,101.5,101.1,98.9,99.3,96.5,93.5,89.8,89.0,89.3,87.2,86.5,84.1,83.6,80.5,77.8,75.4,69.8,68.1,64.2,57.4,51.2,46.6,44.7
07:31:50.117,120.0,99.8,114.9,114.7,113.1,104.9,104.2,105.3,106.9,104.7,106.3,107.7,110.2,107.4,104.6,104.6,103.3,102.1,100.8,100.3,97.5,94.9,91.9,91.5,90.5,87.5,85.8,83.0,82.5,80.8,79.0,77.8,74.4,75.0,72.3,66.6,61.6,53.4,47.2
07:31:51.117,118.4,99.3,114.2,108.2,109.9,106.6,104.5,108.6,107.8,105.7,107.0,105.5,107.6,106.8,105.2,102.6,102.6,100.9,99.2,100.0,96.8,93.6,89.9,88.0,87.7,86.5,85.3,82.9,82.7,80.4,79.5,76.9,71.5,69.8,66.5,59.5,53.3,47.8,45.1
07:31:52.117,118.6,97.4,113.8,107.2,108.0,107.4,106.4,107.3,108.3,109.0,107.2,106.3,105.8,102.8,104.2,103.9,100.9,99.8,98.1,97.9,93.8,90.6,87.3,86.9,86.2,83.7,81.8,78.7,76.3,73.1,71.8,69.3,64.4,62.3,57.5,51.6,47.5,44.4,44.5
07:31:53.117,117.4,97.8,113.6,107.5,104.1,104.2,102.1,103.2,103.3,106.3,107.9,106.9,107.5,104.2,103.9,103.1,101.1,100.0,97.9,97.8,95.5,90.7,87.8,87.4,86.2,85.9,84.4,82.2,81.6,78.5,77.6,75.9,71.7,71.3,66.1,59.7,54.9,50.2,45.7
07:31:54.117,117.4,96.8,112.8,99.3,101.1,106.6,103.2,100.0,101.2,104.6,107.0,107.3,105.2,104.4,103.9,101.2,99.9,99.8,99.9,97.6,94.7,91.7,87.7,86.0,85.2,83.2,82.4,79.7,77.8,74.2,73.3,70.4,66.1,66.1,61.3,56.5,49.7,45.9,44.6
07:31:55.117,116.3,94.9,112.0,103.5,105.7,107.3,107.9,101.6,104.4,105.1,104.4,107.2,104.8,101.2,101.7,100.5,99.5,99.4,96.6,94.8,92.6,87.8,83.3,82.2,81.9,81.9,81.2,77.9,74.9,69.0,66.6,64.9,60.7,58.0,51.2,44.3,42.5,43.2,44.4
07:31:56.117,114.9,95.0,111.1,101.3,100.7,102.9,99.7,100.6,100.6,103.5,101.7,104.6,104.2,102.5,101.8,100.4,97.9,97.3,96.3,95.6,92.2,89.1,86.2,84.9,84.5,82.3,79.8,76.7,73.8,68.2,66.7,65.2,58.3,56.5,49.8,44.1,42.4,43.4,44.4
07:31:57.117,114.8,96.0,111.3,97.8,100.0,97.9,99.7,103.8,99.8,104.9,102.2,103.2,103.7,99.6,100.1,100.3,98.9,96.5,94.2,94.7,91.5,88.8,85.4,83.9,82.7,79.8,78.5,75.9,73.6,69.3,68.1,66.4,62.3,60.0,56.2,51.9,46.6,44.7,44.4
07:31:58.117,115.0,94.0,111.3,101.5,100.4,101.6,100.8,101.8,104.2,104.9,104.3,104.3,103.7,101.2,99.9,100.4,97.6,97.6,95.0,94.5,91.0,87.0,83.3,81.9,81.4,80.6,79.6,77.0,72.7,68.9,67.6,67.2,62.0,58.8,52.7,46.7,42.7,43.4,44.4
07:31:59.117,114.4,93.6,110.1,99.2,101.2,100.2,98.3,103.1,106.2,102.7,101.5,103.4,102.0,102.4,99.2,98.0,96.8,95.9,94.1,92.4,89.1,85.4,82.0,81.8,83.8,82.8,82.5,78.5,74.3,68.7,66.1,64.1,58.8,54.0,46.7,42.4,42.5,43.3,44.4
07:32:00.117,113.8,94.5,109.3,99.9,103.3,101.9,100.4,105.3,104.2,102.2,102.8,102.0,101.9,100.9,99.3,98.4,98.2,95.9,95.0,92.9,91.6,89.1,86.5,85.4,86.3,85.0,83.7,80.5,76.1,71.1,70.4,70.3,66.1,62.7,57.5,52.6,45.7,43.8,44.5
07:32:01.117,112.8,90.7,108.6,98.8,100.7,102.0,99.4,99.8,102.5,103.8,101.7,101.5,99.7,100.4,96.7,96.3,95.3,94.7,93.6,90.7,86.2,82.1,78.4,77.2,77.6,76.4,73.8,70.1,66.5,60.2,57.1,53.5,48.2,45.1,41.3,41.4,42.2,43.2,44.3
07:32:02.117,112.1,90.0,108.0,98.8,101.6,98.8,93.8,96.1,99.8,103.3,100.7,102.7,101.2,98.6,97.5,97.2,94.5,94.8,91.6,89.1,85.7,82.9,79.5,77.1,75.5,73.4,71.4,70.3,65.3,58.3,55.5,53.2,48.0,41.7,40.4,41.5,42.2,43.2,44.2
07:32:03.117,112.3,89.6,107.7,101.1,99.2,98.0,100.4,98.9,101.1,99.8,101.2,101.0,100.5,100.0,96.9,95.4,95.3,94.2,91.7,89.7,86.5,82.7,79.6,78.4,76.2,73.9,71.4,67.7,63.4,57.9,57.1,55.0,49.0,43.2,40.7,41.2,42.3,43.2,44.4
07:32:04.117,111.6,88.4,106.7,95.6,101.0,100.9,95.7,102.1,101.2,103.3,98.7,96.8,96.8,100.2,98.1,93.3,94.1,92.6,90.1,87.4,85.3,81.4,77.4,76.9,76.2,73.9,72.1,68.8,62.2,56.2,57.1,56.0,51.8,47.5,42.2,41.4,42.2,43.1,44.3
07:32:05.117,111.6,87.3,107.1,97.5,98.2,94.4,96.5,102.8,100.5,103.3,99.5,100.8,98.1,99.6,96.8,96.9,93.1,91.1,89.0,86.3,84.2,79.9,77.2,75.7,72.8,71.3,69.6,65.8,61.4,54.6,53.4,50.2,44.5,41.6,40.7,41.4,42.2,43.2,44.2
07:32:06.117,111.6,87.3,106.8,101.4,95.6,97.9,96.1,98.7,100.7,99.4,103.3,101.5,98.5,99.6,95.0,93.8,93.3,90.7,89.2,88.1,84.6,79.3,74.8,75.1,74.9,71.9,70.3,65.2,60.3,52.4,51.2,46.7,41.7,40.3,40.3,41.3,42.2,43.3,44.3
07:32:07.117,110.8,88.3,106.3,100.6,97.7,94.0,97.0,98.5,99.7,102.2,102.1,97.0,99.1,96.9,96.0,94.6,92.9,92.0,89.1,86.7,85.6,81.1,77.1,76.6,77.1,77.6,77.4,74.2,69.1,63.1,65.1,64.4,59.8,56.6,48.2,44.2,42.4,43.4,44.4
07:32:08.117,110.9,87.7,105.9,96.6,97.0,100.6,99.0,97.1,98.1,102.5,101.7,99.2,96.0,97.4,96.4,93.7,93.9,92.6,89.6,87.7,85.6,81.1,77.1,76.4,74.6,73.3,68.5,65.2,60.2,51.2,50.5,46.8,41.0,39.6,40.2,41.1,42.2,43.4,44.3
07:32:09.117,109.9,88.2,105.1,94.9,97.9,98.9,99.6,99.9,98.1,99.0,98.3,96.0,96.5,97.6,95.6,94.0,94.1,92.2,90.4,87.7,85.9,81.5,78.5,78.6,76.3,75.3,73.9,70.4,63.8,57.3,56.5,53.6,44.9,40.9,40.6,41.2,42.3,43.4,44.3
07:32:10.117,109.4,86.7,104.9,96.6,94.3,89.6,94.9,98.4,97.7,96.3,93.7,98.3,97.2,96.6,93.3,93.4,91.6,90.3,87.8,86.6,84.1,78.3,73.7,73.2,71.8,71.4,69.5,66.2,60.7,51.4,50.0,44.9,40.6,40.2,40.4,41.4,42.3,43.2,44.2
07:32:11.117,109.4,84.2,102.8,94.5,97.8,99.3,98.6,101.0,97.5,93.7,95.1,93.8,94.8,93.4,93.9,91.9,91.2,87.7,86.1,83.2,82.2,77.5,73.3,71.5,71.6,69.9,68.4,63.9,58.7,50.5,48.6,45.8,40.0,39.5,40.4,41.2,42.3,43.3,44.3
07:32:12.117,109.3,84.6,102.7,96.4,99.8,101.4,100.4,95.3,97.9,95.9,97.6,95.8,94.7,92.9,92.7,93.0,89.7,88.7,85.7,84.6,82.6,77.7,75.1,74.2,72.6,69.5,67.0,63.0,54.8,43.6,40.9,39.3,38.3,39.2,40.1,41.3,42.3,43.4,44.4
07:32:13.117,108.9,83.6,103.2,90.4,92.0,96.9,99.0,100.6,98.8,95.8,96.1,95.7,95.5,93.9,92.6,90.5,90.1,88.8,87.3,82.2,81.1,75.8,72.7,71.0,67.4,64.8,64.3,60.8,56.0,48.5,47.3,43.1,38.6,39.2,40.3,41.2,42.3,43.3,44.4
07:32:14.117,108.8,82.9,102.7,92.1,95.0,99.1,95.0,94.7,96.9,94.8,96.9,94.8,95.0,94.4,92.6,91.6,89.1,88.4,84.8,80.8,80.4,75.5,71.8,70.0,69.8,67.3,63.9,58.9,49.1,41.7,40.0,38.0,38.6,39.5,40.2,41.3,42.4,43.4,44.3
07:32:15.117,109.5,82.9,102.8,95.2,99.9,98.2,96.2,98.9,98.1,97.6,94.0,96.6,94.9,94.5,91.7,90.8,88.7,88.6,86.8,83.1,79.2,74.3,70.8,71.2,69.7,66.6,63.3,59.6,54.5,46.8,47.6,43.1,38.6,39.3,40.2,41.2,42.2,43.2,44.4
07:32:16.117,107.2,82.4,101.8,93.4,94.6,92.9,96.1,94.1,97.1,96.3,96.4,93.3,91.8,94.4,91.1,87.6,88.8,85.5,84.2,82.6,78.9,75.2,70.8,69.8,69.7,66.6,64.8,59.3,52.4,42.8,40.5,38.3,38.3,39.2,40.0,41.1,42.2,43.3,44.3
07:32:17.117,107.4,82.4,101.5,92.5,92.5,92.5,93.9,99.5,96.6,95.4,95.2,95.7,92.2,91.5,89.6,89.4,89.2,87.6,84.6,81.1,78.0,73.3,69.9,68.8,67.6,65.1,63.0,54.6,49.6,42.7,41.7,39.4,38.5,39.3,40.3,41.3,42.5,43.2,44.2
07:32:18.117,105.9,82.3,100.1,91.4,88.6,95.4,95.6,96.4,95.8,92.7,90.6,91.5,93.2,93.9,90.3,87.3,87.9,85.8,85.5,82.5,80.5,74.8,71.6,69.4,69.9,69.4,68.7,63.0,56.3,47.7,46.0,40.9,38.5,39.3,40.4,41.4,42.3,43.3,44.2
07:32:19.117,107.3,81.1,100.1,94.2,95.5,98.4,98.1,96.6,95.7,94.9,95.2,94.3,91.8,90.0,87.9,88.4,86.2,84.7,83.7,80.9,78.6,73.5,70.5,69.3,67.9,64.7,61.2,55.8,48.4,40.8,40.2,38.8,38.3,39.0,40.3,41.2,42.2,43.4,44.3
07:32:20.117,106.1,78.9,100.3,93.2,93.7,93.2,94.3,95.9,95.6,96.4,96.8,91.9,91.9,90.3,89.5,86.2,86.4,83.2,81.3,79.5,78.3,70.9,66.0,64.5,63.0,61.1,59.0,55.1,47.8,40.4,39.0,37.8,38.2,39.6,40.2,41.2,42.3,43.2,44.2
07:32:21.117,105.4,75.9,97.7,97.6,96.4,92.9,94.4,91.6,94.3,91.9,90.7,90.0,90.8,90.5,87.7,85.5,83.0,80.8,78.0,73.8,71.4,66.3,65.0,64.0,61.9,60.0,56.9,50.2,41.0,36.0,36.4,37.4,38.2,39.2,40.0,41.1,42.2,43.2,44.3
07:32:22.117,106.5,75.5,97.0,95.5,94.7,98.0,96.1,95.1,91.6,90.5,90.5,88.5,90.7,89.1,85.4,83.9,81.4,79.3,78.4,74.5,73.4,67.5,62.9,60.9,56.3,54.6,49.4,43.4,38.2,35.5,36.2,37.5,38.1,39.1,40.1,41.3,42.0,43.3,44.3
07:32:23.117,105.8,76.2,97.5,97.9,97.7,98.3,95.0,91.1,91.7,94.2,92.7,90.6,90.1,87.1,87.7,83.6,82.3,81.3,80.4,75.6,73.7,68.1,66.4,64.8,61.6,58.7,56.8,50.1,43.0,38.1,37.3,37.1,38.2,39.4,40.3,41.2,42.2,43.3,44.3
07:32:24.117,104.2,77.0,96.3,95.1,94.3,94.9,96.0,93.5,88.9,85.2,88.3,88.3,87.6,86.7,83.6,83.6,86.1,82.7,79.5,75.4,74.5,68.8,64.9,63.2,61.7,58.9,55.8,48.2,39.7,36.8,36.7,37.3,38.1,39.3,40.2,41.1,42.3,43.2,44.3
07:32:25.117,105.4,74.9,97.1,95.0,92.9,91.5,92.5,89.1,89.0,88.4,89.8,91.4,89.9,84.2,84.4,84.3,81.4,79.8,77.9,73.0,70.9,66.4,61.7,59.4,57.2,54.0,48.5,42.2,35.4,35.3,36.3,37.1,38.0,39.3,40.3,41.2,42.2,43.3,44.3
07:32:26.117,103.1,74.3,94.9,91.2,89.9,92.5,91.6,91.2,91.3,90.9,90.5,86.7,85.0,82.9,84.3,83.5,80.1,79.1,76.5,73.8,70.7,65.6,63.1,61.4,58.6,54.8,49.2,40.9,36.2,35.4,36.4,37.4,38.5,39.1,40.2,41.3,42.3,43.3,44.1
07:32:27.117,103.3,72.9,94.0,92.9,90.9,92.7,91.8,90.1,86.4,89.0,87.0,83.5,84.8,85.4,82.0,79.1,79.7,79.2,76.2,73.0,71.0,64.2,60.0,57.5,54.8,48.3,40.1,34.4,34.5,35.5,36.2,37.2,38.2,39.2,40.2,41.1,42.3,43.2,44.2
07:32:28.117,102.6,72.9,94.1,92.1,95.4,94.1,94.2,91.2,88.6,87.7,87.4,87.5,84.6,85.0,81.6,82.5,79.3,77.1,75.2,74.2,69.4,63.0,60.6,57.7,56.0,51.8,46.7,38.2,35.0,35.7,36.4,37.5,38.1,39.4,40.2,41.4,42.2,43.2,44.4
07:32:29.117,101.2,72.4,93.5,92.4,88.2,86.0,88.8,88.3,85.8,88.9,88.7,85.8,87.0,82.7,80.9,81.5,80.0,77.9,76.8,72.0,69.9,63.6,60.0,58.2,55.3,49.8,44.6,37.7,34.5,35.3,36.1,37.2,38.5,39.2,40.0,41.2,42.3,43.4,44.4
07:32:30.117,102.7,71.4,93.0,87.4,90.7,90.7,89.7,90.1,91.4,84.5,86.8,88.5,83.5,82.4,80.4,80.1,78.9,75.7,75.2,71.2,69.3,62.9,59.3,58.0,55.3,51.1,44.3,36.5,34.1,35.2,36.1,37.5,38.3,39.4,40.3,41.4,42.4,43.4,44.4
07:32:31.117,101.0,70.9,92.7,89.3,90.8,85.9,85.2,88.7,87.4,91.6,83.0,85.8,84.9,83.6,80.0,78.2,78.8,77.0,73.5,71.4,68.9,62.4,58.1,54.7,53.1,50.1,46.3,38.7,35.1,35.2,36.3,37.0,38.4,39.1,40.3,41.1,42.4,43.2,44.3
07:32:32.117,101.1,69.2,91.3,88.7,92.4,89.4,88.4,91.7,88.6,84.5,86.4,82.2,80.4,83.4,80.3,77.7,75.1,75.5,72.6,68.5,66.0,59.2,54.2,51.9,48.8,45.1,38.7,33.8,34.1,35.5,36.5,37.6,38.2,39.1,40.3,41.5,42.4,43.3,44.3
07:32:33.117,99.3,68.7,91.6,82.5,87.4,89.5,87.2,88.9,85.9,87.2,84.4,86.1,83.7,80.5,81.9,78.8,76.2,74.0,71.6,68.7,64.6,58.4,52.9,48.8,45.7,42.0,39.6,35.2,34.3,35.8,36.3,37.1,38.2,39.4,40.3,41.4,42.4,43.2,44.4
07:32:34.117,98.6,67.7,90.1,85.5,84.5,88.2,89.2,85.4,85.0,87.5,83.0,83.0,83.6,81.2,78.8,77.7,76.3,74.4,72.0,69.0,64.7,56.8,51.8,50.5,45.8,38.7,35.3,33.4,34.3,35.0,36.4,37.5,38.4,39.3,40.2,41.1,42.2,43.2,44.3
07:32:35.117,101.6,66.4,89.1,91.6,89.7,90.3,89.8,86.1,87.6,84.0,80.1,81.9,80.1,78.4,76.7,75.9,73.2,72.5,70.6,66.8,62.8,53.5,50.1,46.7,41.4,36.6,33.6,33.4,34.4,35.5,36.4,37.2,38.4,39.2,40.1,41.2,42.1,43.1,44.2
07:32:36.117,101.5,63.5,89.2,84.3,83.2,86.3,90.1,84.1,87.7,85.4,81.2,82.1,80.7,78.2,76.6,72.9,71.3,68.4,65.6,62.4,56.6,49.1,44.5,39.6,34.4,32.1,32.2,33.8,34.3,35.4,36.2,37.2,38.3,39.1,40.2,41.0,42.3,43.3,44.2
07:32:37.117,100.4,63.1,88.8,86.5,90.3,88.1,91.1,89.1,84.1,83.4,81.9,80.0,78.9,78.0,77.7,73.7,70.1,68.8,64.3,60.0,56.5,50.0,45.1,38.9,33.5,31.7,32.5,33.6,34.3,35.3,36.3,37.4,38.2,39.4,40.1,41.2,42.2,43.3,44.2
07:32:38.117,99.7,62.8,88.7,86.9,84.2,88.1,87.9,84.9,87.6,84.4,83.1,80.0,77.9,78.6,76.9,73.8,69.9,66.9,63.5,60.4,56.0,49.3,43.2,36.2,32.7,31.9,32.2,33.5,34.7,35.2,36.4,37.2,38.0,39.4,40.3,41.3,42.2,43.3,44.4
07:32:39.117,98.3,62.5,87.3,87.6,89.5,86.4,88.2,87.1,84.1,82.3,81.0,79.4,75.5,77.0,74.5,72.0,70.0,67.9,63.5,58.5,54.5,46.7,41.5,36.4,32.1,31.3,32.5,33.9,34.3,35.3,36.1,37.1,38.1,39.1,40.1,41.3,42.2,43.2,44.2
07:32:40.117,98.7,61.9,86.6,86.7,83.8,83.7,86.8,86.2,83.9,81.9,79.4,79.3,76.6,77.0,72.4,71.2,68.7,68.8,63.4,59.9,55.9,49.0,43.1,37.5,33.1,31.6,32.3,33.3,34.7,35.3,36.5,37.3,38.3,39.5,40.2,41.2,42.2,43.4,44.2
07:32:41.117,97.0,60.4,85.1,83.8,81.9,84.7,81.5,86.0,82.2,80.7,76.0,80.0,76.7,75.5,74.2,71.6,68.0,65.8,62.0,58.9,53.6,46.6,41.0,36.2,32.4,31.2,32.2,33.4,34.5,35.3,36.3,37.0,38.0,39.3,40.3,41.3,42.2,43.2,44.2
07:32:42.117,100.1,59.0,85.2,82.8,84.9,86.4,83.7,79.9,80.3,80.2,79.4,77.2,74.5,75.8,70.0,69.9,66.5,64.3,60.4,55.3,52.7,44.1,38.4,34.5,30.6,31.7,32.4,33.7,34.4,35.6,36.4,37.3,38.6,39.2,40.1,41.1,42.1,43.4,44.2
07:32:43.117,98.5,58.7,84.7,88.4,87.3,87.5,85.3,82.0,79.8,81.1,78.4,77.1,77.2,73.3,72.4,69.7,67.4,63.1,59.7,54.4,50.2,43.7,38.4,33.4,31.0,31.5,32.4,33.7,34.5,35.6,36.4,37.2,38.1,39.3,40.1,41.1,42.4,43.3,44.3
07:32:44.117,100.7,57.5,83.2,86.2,87.5,84.7,83.2,76.4,75.9,77.2,75.5,78.5,74.9,73.1,71.0,67.3,64.8,62.6,58.4,54.7,49.9,43.6,37.9,33.1,31.2,31.3,32.8,33.5,34.6,35.5,36.2,37.3,38.3,39.1,40.0,41.4,42.2,43.3,44.3
07:32:45.117,96.7,56.8,82.7,83.3,82.3,81.6,85.6,84.9,81.7,75.7,74.9,74.6,72.4,72.5,69.8,65.7,64.8,62.4,57.8,53.4,47.7,41.7,38.5,33.9,31.2,31.8,32.5,33.6,34.3,35.3,36.3,37.3,38.3,39.3,40.3,41.3,42.2,43.4,44.4
07:32:46.117,100.9,56.1,81.2,86.1,86.1,82.8,81.6,79.5,77.3,76.9,74.3,74.0,71.4,67.2,68.8,67.9,64.1,60.9,57.3,54.1,49.0,41.9,37.1,33.4,30.8,31.2,32.7,33.5,34.6,35.3,36.4,37.4,38.3,39.6,40.4,41.2,42.2,43.2,44.3
07:32:47.117,94.3,56.1,80.7,81.7,83.0,79.8,77.6,76.7,79.3,70.7,74.9,74.8,71.6,70.9,66.0,65.6,65.0,60.1,57.5,52.2,46.9,42.9,42.2,43.2,34.0,31.2,36.0,34.7,35.8,37.3,36.7,37.4,38.3,39.2,40.2,41.2,42.3,43.4,44.4
07:32:48.117,93.7,55.4,80.4,82.5,79.6,84.0,83.6,76.1,74.5,78.2,71.7,72.7,73.2,69.4,68.1,63.4,62.9,59.2,56.5,51.4,46.1,40.6,39.9,43.9,43.1,34.5,34.4,35.3,34.3,35.2,36.1,37.1,38.1,39.3,40.2,41.3,42.2,43.2,44.2
07:32:49.117,95.4,54.8,80.5,79.9,82.1,80.9,83.0,81.9,78.8,75.6,73.2,73.7,69.5,68.4,64.6,63.6,62.4,59.7,56.9,51.8,45.4,41.0,36.2,32.9,30.6,32.0,32.2,33.3,34.0,35.6,36.4,36.8,38.3,39.4,40.4,41.1,42.2,43.3,44.2
07:32:50.117,98.0,54.4,79.1,83.4,76.1,77.7,77.4,76.0,77.4,72.5,72.0,70.3,71.6,68.1,66.7,64.2,60.6,58.5,55.1,50.8,46.1,41.5,38.9,33.7,31.0,31.9,33.0,34.2,35.0,35.5,36.1,37.1,38.1,39.2,40.3,41.1,42.2,43.3,44.3
07:32:51.117,95.8,54.0,79.4,81.7,80.7,75.3,76.8,77.6,77.4,78.4,72.6,72.8,68.6,70.2,66.2,64.2,59.0,58.8,54.6,49.9,45.5,39.4,36.7,33.8,30.8,31.5,32.2,33.2,34.2,34.8,35.9,37.4,38.5,39.1,40.1,41.0,42.2,43.2,44.4
07:32:52.117,95.8,53.8,77.8,76.6,77.9,80.2,75.6,72.8,77.2,76.2,71.0,69.6,69.3,66.3,64.3,63.6,60.8,58.7,53.3,48.9,44.0,39.3,37.3,31.3,30.4,31.2,32.7,33.7,34.3,35.5,36.4,37.3,38.3,39.3,40.2,41.1,42.0,43.3,44.3
07:32:53.117,96.2,53.6,78.3,81.8,82.7,78.6,76.9,78.7,75.0,72.5,72.0,69.3,70.1,65.7,64.9,62.4,60.2,57.6,54.1,49.4,43.5,38.8,37.7,38.1,34.1,31.4,32.3,33.9,34.7,35.5,36.0,37.3,38.1,39.3,40.1,41.2,42.2,43.2,44.4
07:32:54.117,96.1,52.9,77.6,80.4,78.8,80.8,82.0,75.4,73.4,72.2,68.5,65.5,66.7,67.1,65.0,62.6,58.9,55.9,53.5,48.6,43.3,36.9,35.3,31.0,31.5,31.5,32.0,33.0,34.6,35.1,36.0,37.2,38.4,39.4,40.2,41.4,42.3,43.4,44.2
07:32:55.117,92.1,52.7,76.4,80.3,80.9,78.7,72.5,72.5,72.8,73.1,70.0,68.6,66.0,62.8,63.4,61.4,59.3,57.9,53.8,48.0,42.7,36.4,33.0,32.7,31.6,31.4,32.4,33.1,34.4,35.3,36.6,37.1,38.0,39.0,40.1,41.2,42.2,43.4,44.3
07:32:56.117,92.4,52.9,76.9,80.1,83.7,81.1,76.9,77.9,73.5,69.5,66.2,68.0,69.8,65.9,64.3,63.4,61.1,55.5,53.5,47.9,42.1,36.8,32.4,30.0,30.6,31.4,32.0,33.4,34.2,35.3,36.2,37.1,38.1,39.3,40.3,41.3,42.3,43.3,44.3
07:32:57.117,93.4,52.5,74.7,80.9,79.7,77.5,74.2,68.8,69.8,67.1,68.3,67.4,67.0,65.3,63.4,63.3,58.0,55.7,52.7,47.8,42.3,37.0,31.6,30.0,30.5,32.0,32.4,33.5,34.1,35.6,36.3,37.3,38.2,39.3,40.2,41.1,42.2,43.2,44.2
07:32:58.117,92.8,52.3,74.9,80.6,77.2,75.0,72.9,72.7,72.5,71.9,68.2,67.0,64.3,65.3,63.2,61.9,57.5,56.5,52.2,47.3,41.5,35.1,31.4,29.6,30.5,31.8,33.0,33.5,34.5,34.9,36.6,37.2,38.0,39.0,40.0,41.4,42.2,43.3,44.3
07:32:59.117,93.8,52.4,75.2,79.8,78.7,73.5,74.0,72.2,72.4,73.1,67.6,68.7,67.8,66.1,62.4,61.2,60.5,57.4,52.6,47.5,40.8,35.6,30.9,29.8,29.7,31.4,32.3,33.8,34.4,35.5,36.4,37.2,38.4,39.3,40.1,41.2,42.2,43.4,44.2
07:33:00.117,92.9,52.1,75.4,76.7,74.9,70.3,74.9,77.2,70.0,70.6,69.7,68.3,66.0,64.9,62.2,60.3,59.0,56.4,51.5,46.9,41.5,39.7,34.2,32.2,31.8,31.6,32.3,33.8,34.6,35.3,36.2,37.2,38.2,39.2,40.3,41.1,42.3,43.2,44.2
07:33:01.117,88.9,51.8,74.2,73.6,72.5,74.2,70.8,71.3,70.7,71.7,66.6,65.7,65.7,63.6,63.1,61.5,58.4,56.0,51.0,46.3,40.8,35.4,33.0,32.4,30.6,31.8,32.2,33.2,34.1,35.2,36.1,37.2,37.9,39.2,40.1,41.2,42.3,43.3,44.4
07:33:02.117,96.3,52.0,74.8,83.5,79.2,70.8,71.3,71.4,70.8,68.0,66.7,67.3,67.3,65.0,62.8,62.6,57.4,55.8,51.2,45.2,39.6,34.2,31.9,31.4,31.3,31.4,32.3,33.6,34.1,35.7,36.1,37.3,38.2,39.5,40.1,41.3,42.3,43.4,44.3
07:33:03.117,91.6,51.4,74.0,79.3,77.8,75.6,76.3,72.3,65.6,69.7,66.0,67.8,63.7,64.7,62.5,59.8,58.0,55.5,51.5,45.6,39.2,33.4,30.3,29.4,30.7,30.8,32.2,33.9,34.2,35.3,36.0,37.4,38.3,39.2,40.1,41.1,42.3,43.3,44.5
07:33:04.117,91.4,51.7,74.2,78.3,73.8,72.3,71.0,69.3,69.6,69.3,69.3,65.7,67.7,66.2,61.8,60.4,57.5,55.0,52.5,45.5,41.1,35.1,30.6,29.9,29.5,31.3,32.4,32.9,34.0,35.5,36.3,37.3,38.1,39.4,40.3,41.3,42.2,43.2,44.3
07:33:05.117,89.2,51.7,73.8,75.9,73.8,70.1,69.2,72.5,71.0,69.2,68.6,66.9,65.2,63.4,62.3,60.2,58.1,55.2,50.4,45.1,39.4,35.9,33.5,31.9,30.7,31.3,32.7,33.6,34.1,35.0,36.4,37.4,38.3,39.3,40.3,41.0,42.2,43.3,44.3
07:33:06.117,91.5,51.7,73.9,75.9,78.1,77.3,71.1,71.7,68.2,68.4,67.1,65.3,60.2,61.1,63.1,61.5,57.6,55.2,50.9,45.7,38.0,36.6,34.1,41.1,32.4,32.3,33.0,34.1,34.8,35.4,36.5,37.0,38.3,39.3,40.1,41.2,42.4,43.4,44.2
07:33:07.117,90.6,51.2,75.1,80.4,79.6,78.5,71.7,70.2,70.0,73.0,65.5,68.7,64.8,63.2,63.0,59.7,56.5,53.9,49.2,44.6,38.9,32.0,29.2,30.0,29.7,32.2,33.0,33.2,34.9,35.3,36.2,37.2,38.2,39.4,40.3,41.4,42.3,43.3,44.3
07:33:08.117,90.5,51.5,74.3,73.0,70.6,72.9,71.9,71.5,72.1,72.7,68.2,67.7,65.1,62.1,62.0,61.0,58.6,53.9,49.3,45.1,39.1,32.6,29.8,29.7,31.0,32.1,32.8,33.7,34.2,35.1,36.1,37.5,38.0,39.3,40.2,41.4,42.2,43.2,44.3
07:33:09.117,91.6,51.2,74.2,78.5,77.7,72.5,64.6,67.0,71.1,68.0,69.4,67.0,66.5,62.7,62.0,57.9,56.9,52.9,50.5,44.3,37.9,33.5,31.8,30.5,30.8,31.4,32.5,33.2,34.4,35.1,36.5,37.1,38.0,38.9,40.3,41.1,42.1,43.3,44.2
07:33:10.117,90.3,50.7,74.8,77.3,78.4,73.3,73.5,69.4,71.0,72.0,67.1,65.5,66.2,63.7,62.0,59.2,56.5,53.1,50.3,44.2,37.9,34.0,32.4,30.1,29.7,30.8,32.2,33.9,34.3,34.9,36.0,37.1,38.1,39.4,40.3,41.2,42.2,43.4,44.4
07:33:11.117,88.4,51.2,74.9,81.6,81.3,79.2,75.6,69.6,64.8,69.3,67.6,64.6,66.6,61.7,61.3,60.9,57.9,54.7,49.0,44.4,39.3,32.9,31.3,31.0,31.1,31.3,32.7,33.6,34.4,35.1,36.3,37.0,38.2,39.0,40.2,41.3,42.1,43.3,44.4
07:33:12.117,93.1,51.0,75.9,76.0,76.4,76.3,73.7,68.4,76.3,71.5,69.7,69.3,65.8,63.9,61.1,57.9,56.5,52.9,49.7,45.2,39.3,32.4,29.9,30.3,30.3,31.5,32.5,33.3,34.6,34.9,36.4,37.2,38.0,39.1,40.3,41.3,42.2,43.2,44.3
07:33:13.117,89.8,50.8,75.0,74.2,76.6,77.4,77.3,73.6,70.4,70.3,70.5,64.1,65.8,63.8,60.7,58.3,55.8,51.9,48.6,43.9,38.5,31.8,30.6,30.2,30.5,31.6,31.9,33.2,34.4,35.1,36.3,37.4,38.1,39.2,40.2,41.3,42.2,43.3,44.3
07:33:14.117,94.9,50.9,75.1,76.3,75.2,78.8,76.7,73.8,70.0,65.7,68.1,66.7,67.5,65.0,58.5,60.1,56.2,52.3,49.7,44.4,36.8,32.0,28.4,30.3,30.7,31.6,32.2,33.1,34.2,35.1,35.9,37.0,38.2,39.2,40.3,41.3,42.2,43.1,44.1
07:33:15.117,89.2,51.2,75.0,76.6,80.1,81.9,78.6,69.8,66.4,68.7,69.8,65.3,64.4,64.0,64.5,61.5,57.6,53.8,48.6,43.9,37.1,32.7,30.9,32.0,30.7,31.9,32.6,33.3,33.9,35.2,36.4,37.1,38.4,39.4,40.3,41.2,42.3,43.3,44.4
07:33:16.117,90.2,51.1,75.4,80.5,79.4,77.4,72.7,72.3,72.8,67.3,71.1,65.4,65.9,63.9,63.3,60.2,57.0,53.4,51.4,44.9,39.3,33.3,30.8,30.3,30.6,31.1,32.4,33.4,34.0,34.9,36.5,37.3,37.8,39.3,40.2,41.2,42.2,43.4,44.3
07:33:17.117,93.4,50.9,75.0,79.9,78.7,79.5,78.9,71.9,72.3,68.6,69.0,68.1,66.0,63.1,59.5,60.4,57.4,51.7,49.4,45.7,39.1,32.8,30.8,29.5,30.4,31.1,32.4,33.0,34.1,35.6,36.3,37.4,38.4,39.3,40.4,41.3,42.4,43.2,44.3
07:33:18.117,93.1,51.4,75.5,80.5,83.0,78.5,72.7,69.8,74.7,71.7,67.9,66.9,65.0,65.1,63.0,58.7,58.2,54.9,50.0,43.5,37.9,34.2,32.1,29.8,30.2,31.9,32.3,33.2,34.2,35.4,36.3,37.4,38.4,39.4,40.4,41.3,42.2,43.3,44.3
07:33:19.117,93.7,51.3,75.3,76.8,77.6,78.7,77.0,70.7,73.6,68.9,68.4,68.9,63.7,64.4,62.1,61.2,57.5,54.2,48.5,42.9,37.5,32.1,29.9,30.5,30.4,31.9,32.6,33.3,34.1,35.3,36.1,37.3,38.4,39.3,40.0,41.3,42.3,43.3,44.2
07:33:20.117,90.2,51.1,74.8,73.8,76.2,79.5,76.7,71.3,72.5,69.3,68.7,67.8,64.8,63.2,61.2,59.1,57.5,54.3,51.5,44.1,40.0,32.6,29.9,30.6,30.5,32.0,32.1,33.3,34.3,34.6,36.1,37.2,38.2,39.3,40.4,41.2,42.3,43.3,44.3
07:33:21.117,94.3,51.1,75.7,81.0,76.4,76.7,78.7,73.4,71.6,68.9,69.4,67.9,66.6,63.0,61.6,58.4,57.4,53.4,49.2,42.8,38.6,32.1,28.9,30.1,30.4,31.3,32.4,33.6,34.3,35.0,36.1,37.0,38.4,39.6,40.2,41.1,42.3,43.3,44.4
07:33:22.117,93.9,51.2,75.7,77.6,76.4,77.0,79.4,76.0,73.1,70.3,73.0,67.0,64.5,64.6,61.8,61.6,57.9,54.3,49.1,45.5,39.7,32.8,29.7,29.7,30.6,31.6,32.7,33.8,34.2,35.4,36.6,37.7,38.2,39.3,40.3,41.3,42.3,43.2,44.1
07:33:23.117,89.8,51.0,74.6,76.6,71.4,70.9,77.8,77.0,67.1,66.3,67.2,66.0,65.3,64.0,64.1,60.0,56.3,55.5,49.1,43.9,38.3,31.3,29.2,30.4,30.2,31.2,32.0,33.2,34.0,35.1,36.3,37.4,38.3,39.5,40.4,41.3,42.2,43.2,44.3
07:33:24.117,93.2,51.4,75.9,79.1,80.2,80.8,79.6,73.2,72.2,65.8,71.3,69.2,68.1,63.6,64.9,61.6,59.6,51.9,50.3,43.8,39.3,32.0,29.6,30.2,30.4,31.8,32.8,33.3,34.3,34.9,36.3,36.8,38.3,39.3,40.5,41.0,42.1,43.2,44.5
07:33:25.117,93.8,51.2,75.2,74.0,72.8,79.4,75.1,69.4,69.0,70.2,68.8,65.1,67.7,63.8,61.1,57.9,56.9,54.0,48.2,44.8,38.6,33.1,31.1,30.5,30.1,31.1,33.1,33.5,34.2,35.2,36.5,37.1,38.3,39.3,40.3,41.3,42.3,43.3,44.3
07:33:26.117,91.0,51.1,76.1,77.4,77.8,79.0,81.0,77.9,75.1,71.2,68.1,67.3,68.0,63.3,61.3,60.9,56.3,53.3,48.3,43.8,38.5,32.0,29.6,29.9,30.1,31.8,32.9,33.0,34.1,35.6,36.5,37.3,38.0,39.1,40.5,41.2,42.3,43.3,44.3
07:33:27.117,91.4,51.7,76.6,79.5,74.5,73.6,79.4,75.1,70.5,70.6,68.7,68.6,67.2,66.0,62.9,61.2,60.5,54.3,49.7,45.1,39.3,32.7,29.7,30.5,30.9,31.6,33.0,33.5,34.5,35.5,36.1,37.1,38.4,39.3,40.1,41.2,42.3,43.3,44.3
07:33:28.117,92.2,51.5,76.2,80.9,74.7,75.2,79.8,74.6,73.8,73.2,67.7,64.6,66.4,63.6,61.0,59.7,59.5,55.8,49.4,44.1,38.2,31.3,29.0,30.2,31.1,31.6,32.0,33.6,34.1,35.2,36.3,37.3,38.1,39.3,40.1,41.2,42.3,43.2,44.2
07:33:29.117,93.3,52.9,75.5,81.7,74.3,74.0,76.0,76.1,72.2,67.9,60.5,66.3,68.6,65.9,63.3,62.9,61.7,57.7,53.1,47.7,42.0,34.7,31.6,32.7,30.9,31.3,32.3,33.8,34.2,35.5,36.4,37.4,38.1,39.2,40.2,41.3,42.2,43.2,44.5
07:33:30.117,92.3,51.8,75.2,81.1,79.1,76.4,80.2,77.9,68.8,66.4,64.5,68.8,67.7,67.0,61.4,60.6,57.4,55.5,48.1,44.2,39.4,35.8,33.4,30.9,30.5,31.4,32.2,33.4,34.4,35.2,36.0,37.5,38.3,39.4,40.3,41.2,42.1,43.3,44.3
07:33:31.117,91.4,51.5,75.2,76.6,78.3,75.9,79.4,77.1,68.2,71.0,63.6,69.3,68.5,65.9,60.7,62.3,58.1,53.7,47.7,43.5,39.6,34.0,33.6,31.0,30.1,31.3,32.7,33.5,34.2,35.4,36.3,37.3,38.7,39.3,40.3,41.2,42.2,43.4,44.4
07:33:32.117,92.7,51.6,75.2,79.0,74.0,70.0,76.5,78.6,71.0,65.9,67.7,69.5,67.7,65.1,61.1,63.1,58.1,53.3,49.3,46.5,42.2,35.8,32.1,31.3,31.1,31.5,32.7,33.4,34.3,35.0,36.3,37.3,38.3,39.4,40.1,41.3,42.3,43.4,44.3
07:33:33.117,93.2,51.3,74.7,82.5,73.7,66.3,74.7,77.7,68.2,67.8,65.6,66.4,67.9,63.5,63.3,60.8,58.0,53.4,49.3,44.9,39.0,32.9,30.1,29.4,31.3,31.7,32.8,33.4,34.3,35.5,36.1,37.2,38.4,39.2,40.4,41.2,42.2,43.3,44.3
07:33:34.117,89.8,51.2,74.5,81.2,76.1,64.9,69.6,72.9,72.1,70.1,69.6,69.3,68.2,64.5,61.7,59.6,58.5,51.9,48.9,46.1,40.1,32.1,29.3,30.3,30.7,31.6,32.0,33.3,34.3,35.3,36.3,37.4,38.4,38.9,40.0,41.0,42.3,43.2,44.3
07:33:35.117,89.6,52.1,75.9,81.8,79.4,74.9,73.4,75.1,71.5,69.6,71.1,71.4,64.1,63.8,61.6,60.4,59.0,56.2,52.5,44.8,40.5,32.9,29.7,29.7,30.8,31.5,32.4,33.5,34.2,35.5,36.2,37.4,38.3,39.2,40.2,41.1,42.3,43.3,44.3
07:33:36.117,91.8,53.0,75.9,79.8,81.1,74.8,72.2,67.6,64.5,63.6,71.8,72.7,68.3,66.0,63.7,61.6,61.6,59.0,53.3,47.3,41.9,34.5,34.3,32.3,31.2,31.2,32.5,33.5,34.3,35.1,36.1,37.4,38.3,39.4,40.2,41.1,42.1,43.3,44.4
07:33:37.117,93.6,52.3,75.5,77.9,78.2,77.4,71.7,68.9,69.6,72.1,70.3,69.0,68.9,66.8,63.3,60.5,59.3,56.2,50.4,46.7,40.4,31.8,29.6,30.9,31.0,31.7,32.4,33.6,34.1,35.4,36.3,37.2,38.1,39.3,40.2,41.1,42.2,43.3,44.4
07:33:38.117,93.4,52.2,75.2,77.2,77.5,69.9,65.7,67.2,68.5,72.8,69.1,67.5,65.3,66.2,62.1,63.1,58.0,55.0,50.8,46.1,40.6,36.3,36.4,31.9,30.4,31.4,33.0,33.2,34.5,35.2,36.3,37.3,38.1,39.2,40.3,41.2,42.4,43.2,44.3
07:33:39.117,93.6,51.7,75.4,86.5,81.4,73.2,72.8,70.8,70.5,69.8,64.0,66.2,67.0,67.4,63.7,59.6,56.7,54.8,50.0,45.0,39.2,34.5,38.4,33.9,30.8,31.7,32.5,33.3,34.3,35.5,36.5,37.3,38.5,39.3,40.4,41.3,42.3,43.3,44.3
07:33:40.117,91.2,52.4,78.1,78.0,79.2,74.7,73.1,74.8,74.9,75.9,73.3,71.4,71.0,68.5,65.8,61.3,58.5,53.7,50.5,46.6,41.3,33.4,28.5,29.3,30.0,31.3,32.2,33.0,34.2,35.0,36.1,37.1,38.6,39.4,40.2,41.0,42.4,43.2,44.1
07:33:41.117,94.5,52.2,77.7,78.0,78.3,76.0,72.1,68.7,73.7,75.4,74.2,71.7,68.1,68.2,63.2,63.4,58.9,54.1,50.0,44.8,40.1,32.5,29.5,30.4,30.4,31.6,32.1,33.6,34.0,35.2,36.7,37.2,38.2,39.4,40.1,41.2,42.4,43.3,44.3
07:33:42.117,90.1,53.0,77.7,82.5,75.8,70.5,70.1,71.3,68.8,72.8,74.9,67.9,71.1,68.8,66.7,64.2,57.6,55.2,51.6,47.0,41.3,33.7,29.7,30.0,30.1,31.7,32.8,33.7,34.6,34.9,36.3,37.3,38.1,39.3,40.2,41.2,42.4,43.4,44.3
07:33:43.117,90.9,52.4,76.5,80.6,80.1,73.6,71.6,72.8,70.9,73.9,72.5,66.2,68.6,67.6,63.0,64.0,60.9,55.2,50.5,47.8,41.9,33.9,30.1,29.6,30.4,31.4,31.9,33.2,34.2,34.9,36.2,37.0,38.0,39.1,40.4,41.4,42.3,43.4,44.3
07:33:44.117,89.7,51.4,77.2,77.9,74.5,71.7,70.6,76.8,74.6,72.9,72.8,66.9,68.2,66.7,63.7,60.2,57.6,52.3,49.7,46.0,40.0,32.3,29.7,30.1,30.9,31.2,32.4,32.6,34.3,35.3,36.4,37.3,38.3,39.3,40.0,41.3,42.3,43.3,44.3
07:33:45.117,92.4,51.6,76.8,82.8,81.3,77.5,70.0,76.5,70.7,67.8,73.0,68.3,64.2,68.1,62.1,61.0,55.7,53.0,50.3,43.9,40.2,33.0,30.4,30.3,30.3,30.7,32.4,33.1,34.3,35.2,36.4,37.4,38.1,39.1,40.1,41.2,42.3,43.3,44.4
07:33:46.117,97.5,51.9,77.4,84.3,80.3,75.9,67.7,76.7,74.1,72.5,74.6,66.2,66.3,67.7,64.0,60.7,59.3,55.2,50.3,45.5,39.5,36.3,35.0,30.5,30.2,31.6,32.8,33.1,34.2,35.1,36.4,37.3,38.4,39.2,40.2,41.2,42.3,43.2,44.3
07:33:47.117,88.9,52.1,76.3,79.4,78.6,74.4,67.6,69.4,75.2,73.5,71.8,68.0,65.1,63.3,66.2,63.1,55.7,54.3,50.9,45.3,38.8,32.4,29.9,30.0,31.2,31.2,32.4,33.3,34.1,35.6,36.2,37.5,38.2,39.2,40.3,41.0,42.2,43.2,44.3
07:33:48.117,92.1,51.9,75.8,80.2,79.1,74.0,66.9,65.1,70.1,73.0,69.6,66.6,67.0,63.5,63.5,62.3,56.8,56.0,51.2,44.8,39.9,32.8,29.9,30.5,31.3,31.3,32.2,33.1,33.6,35.0,36.1,37.2,38.3,39.2,40.1,41.1,42.4,43.1,44.4
07:33:49.117,90.7,52.1,77.3,80.2,81.1,74.9,64.2,68.2,75.9,74.8,70.3,68.1,72.7,66.0,63.8,59.8,56.5,54.8,51.5,46.3,40.6,33.6,29.9,29.8,30.6,31.4,32.2,33.5,34.4,35.6,36.5,37.2,38.0,39.2,40.2,41.1,42.2,43.3,44.3
07:33:50.117,91.9,52.9,77.4,78.7,75.8,72.5,69.8,70.7,74.7,76.4,73.7,70.2,68.9,66.4,64.3,60.3,56.8,54.6,51.2,48.8,41.7,38.7,41.4,37.0,32.3,33.4,33.2,33.5,34.7,35.6,36.4,37.1,38.2,39.5,40.4,41.3,42.2,43.3,44.3
07:33:51.117,95.4,52.8,79.5,82.5,72.9,66.7,70.5,71.2,78.5,79.4,74.5,76.8,70.2,68.1,65.7,60.8,59.4,56.2,50.5,48.0,40.8,34.4,30.4,30.7,31.3,31.8,32.4,33.0,34.1,35.3,36.5,37.2,38.3,39.4,40.2,41.5,42.2,43.2,44.4
07:33:52.117,93.6,53.5,79.9,82.6,78.3,72.6,72.7,72.5,75.4,80.2,76.7,70.0,72.5,68.2,67.8,61.7,59.2,58.4,53.3,49.2,43.7,36.9,37.1,36.8,33.9,32.5,33.8,33.6,34.3,35.3,36.1,37.0,38.2,39.3,40.3,41.3,42.3,43.3,44.4
07:33:53.117,93.9,53.0,78.4,78.9,78.1,76.4,75.4,74.2,71.1,78.8,74.9,67.9,67.1,68.9,68.0,64.3,58.5,56.8,51.7,47.5,41.0,32.0,30.3,29.9,31.7,31.9,32.3,33.2,34.2,35.1,36.2,37.3,38.2,39.1,40.2,41.1,42.3,43.4,44.2
07:33:54.117,91.4,52.7,78.1,77.7,78.8,79.0,78.6,69.7,71.4,75.3,73.2,68.7,69.0,68.9,65.6,61.7,58.8,54.2,50.5,47.5,44.3,36.3,35.3,34.6,31.0,31.8,32.5,33.1,34.4,35.4,36.4,37.4,38.2,39.0,40.1,41.2,42.4,43.3,44.5
07:33:55.117,91.9,52.5,78.2,80.8,79.5,80.2,79.9,72.2,68.9,68.9,77.2,72.9,69.6,70.7,64.3,62.4,56.7,54.7,51.7,47.1,41.5,34.4,36.1,33.4,31.2,31.4,32.6,33.0,34.5,35.2,36.7,37.1,38.2,39.3,40.1,41.3,42.3,43.3,44.3
07:33:56.117,92.3,53.0,78.5,79.5,78.2,79.6,77.4,72.0,67.9,68.0,77.4,73.6,68.9,71.1,65.3,63.3,58.1,55.0,51.3,45.9,41.1,35.5,38.9,35.5,31.4,31.7,33.0,33.3,34.4,35.2,36.5,37.3,38.2,39.4,40.0,41.2,42.2,43.3,44.3
07:33:57.117,90.4,53.3,78.3,77.9,77.2,80.3,79.7,69.7,67.8,65.8,71.8,74.7,70.0,68.4,66.3,62.6,59.0,55.9,52.9,47.3,42.2,36.9,33.9,33.3,31.5,31.8,32.8,33.4,34.4,34.7,35.8,37.1,37.8,39.2,40.3,41.2,42.3,43.4,44.3
07:33:58.117,92.4,54.2,79.6,85.0,83.9,81.0,80.6,74.4,70.5,70.3,71.9,73.5,75.8,69.4,67.0,62.2,61.7,56.9,54.6,48.1,43.9,36.6,34.5,32.6,31.4,31.7,32.9,33.4,34.3,35.3,36.3,37.6,38.3,39.1,40.4,41.2,42.3,43.4,44.3
07:33:59.117,90.3,52.7,78.5,81.3,80.5,77.8,76.7,76.9,70.4,70.1,68.9,75.1,72.5,68.0,62.4,60.4,57.4,55.8,53.9,48.6,41.8,36.3,35.5,33.9,31.4,32.0,32.3,33.4,34.0,35.4,36.1,37.2,38.4,39.2,40.1,41.2,42.3,43.3,44.4
07:34:00.117,94.9,53.8,79.7,79.8,85.0,84.2,81.6,74.6,66.9,67.5,67.6,68.5,70.1,66.4,63.4,63.9,60.3,57.6,53.7,47.6,41.2,34.9,33.2,36.3,32.2,32.1,33.0,33.2,33.9,35.5,36.1,37.5,38.2,39.1,40.4,41.2,42.1,43.1,44.3
07:34:01.117,93.2,53.9,78.4,86.0,83.3,82.4,80.3,79.3,73.0,67.4,67.7,65.2,72.6,69.7,65.7,69.1,59.4,57.2,53.5,47.8,40.1,36.7,35.4,31.4,31.5,32.1,32.5,33.4,34.1,35.3,36.4,37.2,38.2,39.1,40.2,41.3,42.3,43.2,44.2
07:34:02.117,91.6,53.9,78.7,78.1,79.3,79.2,82.5,77.6,71.7,69.3,72.5,70.6,67.0,67.4,64.9,67.9,61.9,57.5,52.2,47.6,42.4,33.4,30.0,29.9,30.4,31.3,31.8,33.0,33.8,35.3,36.5,37.3,38.4,39.3,40.2,41.2,42.3,43.1,44.3
07:34:03.117,95.3,54.1,80.8,83.5,85.5,82.2,85.8,81.6,73.5,71.1,73.0,74.0,68.1,69.5,68.3,63.0,59.3,59.1,54.1,47.0,42.8,34.9,34.1,30.7,30.3,31.9,32.8,33.5,34.8,35.5,36.4,37.2,37.9,39.5,40.3,41.2,42.2,43.4,44.3
07:34:04.117,96.4,53.8,80.6,85.7,85.7,86.7,83.0,78.8,78.5,73.7,72.5,75.8,66.6,72.0,68.9,62.4,58.5,57.4,53.8,47.6,42.2,35.6,31.5,30.3,30.8,32.5,32.2,33.8,34.8,35.1,36.3,37.3,38.3,39.2,40.3,41.4,42.3,43.2,44.3
07:34:05.117,93.8,54.2,81.3,83.6,83.7,82.2,84.5,79.6,76.9,74.1,73.9,69.8,68.4,69.2,62.1,62.2,60.9,58.7,53.7,48.1,42.0,35.0,30.8,29.6,30.9,31.5,32.8,33.4,34.3,35.2,36.6,37.9,38.4,39.4,40.4,41.4,42.1,43.2,44.2
07:34:06.117,95.7,54.3,81.3,88.0,87.1,83.4,82.3,81.5,81.7,72.1,72.4,74.0,72.7,72.5,65.4,64.8,61.1,57.8,55.1,49.3,43.6,35.8,31.0,29.6,29.9,32.0,32.9,33.4,34.2,34.9,36.3,37.0,38.4,39.3,40.3,41.2,42.3,43.3,44.4
07:34:07.117,95.5,52.7,80.9,84.7,83.3,81.8,84.7,75.8,75.3,70.6,67.8,67.9,64.2,64.0,59.7,61.3,58.0,55.7,51.9,45.1,41.4,33.6,29.8,30.4,30.0,32.1,32.1,33.1,34.6,35.4,36.7,37.5,38.1,39.3,40.2,41.3,42.2,43.2,44.3
07:34:08.117,94.0,53.9,81.9,83.5,83.1,81.7,83.3,83.9,83.4,71.4,72.5,74.9,71.2,71.7,62.8,61.7,60.8,59.7,55.1,49.4,42.9,38.6,34.1,32.0,31.4,31.6,32.4,33.5,34.6,35.2,36.6,37.4,38.3,39.5,40.3,41.2,42.2,43.1,44.3
07:34:09.117,93.2,53.5,80.9,85.9,83.4,84.1,81.3,83.6,76.4,73.0,71.6,72.1,71.6,72.9,63.8,62.6,60.0,56.2,52.1,49.1,43.2,36.2,32.2,31.6,31.0,32.2,32.9,33.7,34.5,35.5,36.3,37.1,38.3,39.4,40.5,41.2,42.3,43.3,44.3
07:34:10.117,94.1,55.2,82.4,80.6,83.2,86.4,86.9,82.1,80.9,72.7,74.0,74.0,75.3,73.6,70.1,64.8,61.3,58.4,55.1,50.3,44.2,37.1,31.7,32.0,31.1,32.6,32.8,34.0,34.2,35.0,36.5,37.1,38.2,39.4,40.4,41.2,42.2,43.3,44.3
07:34:11.117,95.3,54.8,81.7,81.9,79.2,86.8,86.4,81.6,78.8,71.1,70.6,71.3,71.8,72.6,64.4,66.1,60.3,59.3,54.9,48.9,43.3,36.3,33.6,34.7,30.9,32.0,32.6,33.3,34.3,35.2,36.3,37.5,38.3,39.3,40.2,41.1,42.1,43.3,44.2
07:34:12.117,97.0,55.2,82.6,84.1,88.1,87.2,86.5,84.6,78.2,77.4,77.4,73.5,67.2,69.8,68.4,64.0,61.9,61.2,55.5,49.0,43.9,36.6,32.2,30.9,31.6,33.3,32.9,33.4,34.2,35.7,36.6,37.1,38.5,39.4,40.2,41.3,42.3,43.4,44.3
07:34:13.117,94.7,54.5,80.1,81.2,82.8,85.6,81.5,81.5,74.3,75.5,74.4,72.8,63.2,65.8,70.5,65.8,59.5,57.6,53.9,47.3,40.7,34.5,31.3,31.0,30.6,32.2,32.8,33.4,34.4,35.4,36.5,37.5,38.4,39.3,40.1,41.3,42.3,43.4,44.3
07:34:14.117,94.6,55.1,79.9,83.3,82.7,76.6,83.4,84.7,71.7,75.2,75.7,72.3,65.5,65.3,70.8,68.9,62.5,59.2,55.6,48.3,44.5,36.4,33.4,32.7,31.1,32.7,32.2,33.4,34.2,35.2,36.6,37.3,38.2,39.2,40.1,41.2,42.2,43.3,44.3
07:34:15.117,93.3,54.3,79.7,82.5,83.8,83.0,82.7,77.1,71.0,74.1,73.2,70.4,68.5,67.5,66.7,63.0,60.9,57.2,53.3,51.0,42.2,35.2,31.9,31.2,31.3,32.2,33.1,33.7,34.4,35.2,36.4,37.4,38.3,39.3,40.4,41.2,42.3,43.4,44.1
07:34:16.117,92.5,53.3,76.9,81.6,79.9,78.0,76.1,73.2,70.9,71.9,73.1,71.3,70.3,65.7,65.7,63.1,63.7,55.7,53.6,48.1,43.7,37.2,38.4,32.3,31.0,32.0,33.0,33.6,34.1,35.3,36.2,37.3,38.4,39.5,40.1,41.3,42.2,43.3,44.4
07:34:17.117,93.4,54.4,79.1,83.2,85.8,80.3,79.1,72.9,75.6,77.2,72.9,66.3,69.1,68.3,63.5,62.8,63.7,58.3,52.2,51.2,44.2,36.1,35.7,32.9,31.9,32.3,33.0,33.6,34.2,35.3,36.4,37.6,38.4,39.3,40.0,41.3,42.2,43.1,44.3
07:34:18.117,93.8,53.1,79.1,80.4,86.5,83.1,77.7,73.0,79.2,78.7,70.9,67.7,64.9,67.2,60.7,60.9,62.6,57.8,53.1,48.9,43.0,36.6,34.0,31.4,31.0,32.1,32.7,33.7,34.4,35.3,36.6,37.3,38.2,39.2,40.0,41.4,42.3,43.3,44.2
07:34:19.117,91.9,53.1,78.4,75.7,79.6,82.1,75.6,71.2,75.7,77.7,67.3,67.5,68.9,64.5,63.1,59.3,58.0,56.9,53.1,48.9,42.6,35.9,33.5,31.8,31.3,32.4,33.1,33.1,34.4,35.2,36.6,37.5,38.4,39.2,40.3,41.2,42.1,43.2,44.3
07:34:20.117,92.4,53.2,77.6,79.4,78.4,73.0,69.3,71.3,77.1,76.3,72.6,67.2,68.9,64.8,61.2,63.2,58.7,57.1,53.5,50.1,42.9,38.0,38.3,38.8,33.1,33.0,34.1,34.9,34.7,36.7,37.3,37.1,38.2,39.3,40.3,41.3,42.2,43.2,44.1
07:34:21.117,94.1,53.4,78.0,80.5,76.1,76.8,75.3,71.9,77.3,79.1,70.6,69.6,67.7,68.5,65.3,60.3,59.4,57.4,53.8,49.4,45.2,41.5,40.9,39.8,35.1,35.8,35.5,35.5,34.8,35.3,36.3,37.5,38.3,39.3,40.5,41.3,42.3,43.3,44.3
07:34:22.117,95.2,55.4,78.0,86.4,83.8,78.3,72.3,69.7,73.3,75.0,71.3,71.7,67.8,70.3,69.2,60.5,65.4,56.7,55.8,50.3,47.0,45.8,46.2,42.2,39.6,41.8,37.2,36.5,35.3,35.3,36.6,37.3,38.4,39.5,40.4,41.2,42.3,43.2,44.3
07:34:23.117,91.7,57.1,79.0,82.7,82.2,74.7,76.1,82.0,80.2,75.8,68.2,69.4,67.8,69.8,62.1,59.4,61.1,59.8,54.1,52.5,51.3,48.2,50.5,50.0,48.4,47.9,42.2,38.4,36.3,35.5,36.4,37.5,38.2,39.1,40.2,41.2,42.2,43.1,44.3
07:34:24.117,93.9,58.3,78.9,80.7,79.0,71.6,70.1,80.1,77.0,74.3,70.2,70.6,69.6,66.2,65.5,63.3,60.5,58.7,55.2,51.9,50.5,49.5,51.3,52.6,50.9,49.3,41.9,37.1,35.9,35.7,36.4,37.3,38.5,39.5,40.2,41.3,42.2,43.2,44.3
07:34:25.117,91.4,55.0,78.5,82.6,77.2,68.2,69.7,75.3,78.2,74.1,67.4,69.5,69.7,69.8,65.7,62.0,60.4,57.6,57.1,49.7,45.3,42.6,41.7,39.9,40.6,41.2,37.9,35.7,34.5,35.6,36.5,37.5,38.3,39.4,40.3,41.4,42.2,43.3,44.4
07:34:26.117,92.9,55.2,79.7,78.7,77.2,72.4,73.0,72.3,78.4,73.0,71.7,77.3,71.2,68.0,65.5,63.2,61.2,59.3,57.3,51.6,45.8,40.8,39.2,38.9,39.3,39.1,35.6,35.4,34.6,35.8,36.3,37.6,38.5,39.6,40.2,41.3,42.4,43.3,44.3
07:34:27.117,93.3,54.8,79.7,80.4,78.1,73.0,76.7,75.8,76.1,72.6,74.1,77.8,69.9,70.7,67.9,64.2,59.7,56.1,57.1,49.7,45.8,40.8,41.5,41.5,35.2,36.7,34.3,34.8,34.4,35.8,36.4,36.9,38.3,39.2,40.2,41.4,42.4,43.2,44.4
07:34:28.117,91.8,55.6,80.6,86.4,82.2,75.3,74.7,78.3,78.6,73.9,76.0,77.8,68.1,71.8,71.1,67.3,62.5,59.1,57.8,53.0,47.2,39.9,35.0,33.9,32.4,35.4,34.1,33.9,34.3,34.7,36.5,37.1,38.4,39.2,40.1,41.2,42.2,43.4,44.4
07:34:29.117,92.1,56.3,80.1,76.0,71.5,69.3,70.0,73.1,77.2,71.4,69.4,75.5,71.3,73.8,69.8,65.7,62.7,60.3,55.5,49.4,45.5,40.3,37.9,34.2,34.2,34.8,33.9,33.3,34.2,35.0,36.8,37.2,38.1,39.2,40.2,41.2,42.3,43.3,44.2
07:34:30.117,91.6,57.1,79.2,84.4,76.6,67.1,74.9,75.3,73.0,65.5,68.0,71.8,71.6,74.3,67.8,68.4,63.9,61.3,56.3,51.8,46.7,41.5,37.0,33.2,33.0,34.0,33.4,33.6,34.8,35.4,36.4,37.3,38.3,39.1,40.3,41.4,42.3,43.2,44.3
07:34:31.117,90.8,56.4,79.4,83.5,79.4,72.2,71.8,73.3,76.8,67.6,68.5,73.3,73.9,75.2,67.9,65.8,65.0,61.8,57.5,53.1,48.1,43.4,39.6,33.9,32.5,34.3,33.6,33.4,34.9,35.4,36.4,37.4,38.4,39.0,40.3,41.2,42.3,43.3,44.3
07:34:32.117,92.3,57.6,80.3,83.7,75.8,64.9,71.7,74.0,79.0,69.7,70.1,69.0,77.0,73.1,69.4,68.5,66.8,61.6,57.2,54.1,48.8,46.1,42.4,35.7,34.4,34.9,33.6,33.7,34.3,35.5,36.1,37.4,38.3,39.1,40.4,41.5,42.3,43.3,44.3
07:34:33.117,92.4,58.2,81.4,83.8,79.1,75.3,75.7,76.0,72.0,71.9,73.2,70.8,79.9,70.8,69.0,69.7,63.3,63.1,59.0,54.6,50.8,48.5,44.5,40.7,37.7,39.1,35.2,34.0,34.6,35.3,36.3,37.2,38.1,39.4,40.2,41.3,42.2,43.1,44.2
07:34:34.117,93.0,58.4,81.0,83.2,76.3,70.3,75.6,75.7,72.3,71.6,74.0,71.4,79.6,68.6,67.2,70.4,61.0,59.2,56.9,54.4,51.3,51.2,51.4,46.9,43.8,42.9,39.1,36.2,36.0,35.1,36.5,37.3,38.2,39.4,40.3,41.3,42.3,43.3,44.2
07:34:35.117,91.7,59.0,81.6,81.6,75.7,73.9,76.5,80.8,74.9,76.6,76.3,75.3,73.3,72.1,74.9,66.8,63.9,62.7,57.6,56.6,51.8,50.9,51.9,49.2,47.7,43.6,38.2,35.1,35.2,35.5,36.5,37.4,38.3,39.2,40.3,41.2,42.2,43.3,44.3
07:34:36.117,92.9,56.4,79.8,83.4,79.4,77.6,79.2,73.4,71.2,68.0,72.4,75.7,74.5,73.2,71.4,67.2,61.8,60.4,55.3,51.5,47.9,46.3,41.8,41.2,39.1,36.1,34.5,34.3,34.8,35.6,36.2,37.3,38.1,39.4,40.2,41.1,42.0,43.1,44.2
07:34:37.117,90.1,55.9,79.7,80.1,77.8,66.9,71.4,72.6,71.8,72.3,74.1,72.9,73.0,71.9,66.8,68.8,62.1,58.3,56.0,48.9,43.6,38.3,38.6,32.6,32.4,32.9,32.6,33.9,34.5,34.9,36.2,37.5,38.6,39.1,40.4,41.2,42.4,43.2,44.3
07:34:38.117,91.3,54.8,79.3,81.4,79.5,75.1,80.9,77.4,71.9,68.3,73.7,71.7,72.6,70.7,68.3,64.8,61.8,56.8,54.8,49.5,44.1,36.4,36.5,31.9,31.1,32.0,32.4,33.5,34.2,35.3,36.8,37.3,38.2,39.3,40.2,41.3,42.1,43.1,44.3
07:34:39.117,91.4,55.5,80.5,79.9,75.7,77.0,79.4,79.2,73.7,75.5,73.0,75.3,74.4,73.1,69.2,64.1,62.4,60.2,55.5,48.7,44.6,37.4,35.1,30.9,30.7,31.9,32.6,33.8,34.3,35.3,36.1,37.4,38.3,39.1,40.1,41.1,42.3,43.1,44.3
07:34:40.117,90.6,55.8,79.9,74.6,73.5,76.4,80.2,76.6,74.6,74.9,76.8,72.7,71.1,73.7,69.0,65.6,62.7,58.9,58.6,52.3,46.3,38.2,36.4,31.5,31.4,31.3,32.8,34.0,34.7,35.2,36.4,37.5,38.0,39.2,40.4,41.4,42.4,43.3,44.3
07:34:41.117,91.5,56.4,79.9,78.1,79.9,78.2,76.6,74.3,73.4,74.3,75.3,75.0,68.7,76.5,71.2,63.6,63.2,61.3,59.1,53.1,47.0,38.3,35.7,31.0,30.1,31.9,32.5,33.1,34.2,35.1,36.2,37.5,38.4,39.3,40.2,41.2,42.3,43.3,44.2
07:34:42.117,90.5,56.6,80.1,76.0,77.6,72.7,75.6,74.4,76.7,72.7,76.4,72.2,73.8,76.1,69.3,65.9,64.9,62.7,59.1,53.4,49.5,41.6,37.9,33.7,31.4,31.0,32.6,33.4,34.3,35.6,36.1,37.2,38.1,39.3,40.2,41.2,42.6,43.3,44.3
07:34:43.117,90.3,57.0,81.5,70.9,67.3,76.2,78.8,75.6,74.3,78.2,74.7,73.1,77.8,74.7,69.5,67.8,64.8,61.1,59.4,54.0,49.1,41.3,35.8,31.9,30.9,31.8,32.3,33.5,34.6,35.5,36.3,36.9,38.3,39.0,40.2,41.2,42.4,43.3,44.3
07:34:44.117,90.8,54.3,78.6,80.1,78.1,74.5,74.5,76.5,76.1,77.9,74.4,69.6,68.1,71.2,64.6,66.4,60.7,58.1,55.9,52.3,47.4,37.8,33.3,32.9,31.1,31.8,32.2,33.4,34.6,35.2,36.1,37.5,38.1,39.3,40.3,41.3,42.3,43.3,44.3
07:34:45.117,91.4,54.9,78.4,76.3,80.1,78.6,73.4,69.8,69.5,75.6,71.5,72.9,69.7,69.0,67.1,63.9,61.8,59.9,54.4,51.5,46.2,37.7,32.3,30.8,30.7,32.2,32.6,33.3,33.9,34.6,36.0,37.2,38.3,39.2,40.0,41.2,42.4,43.3,44.4
07:34:46.117,90.3,54.7,80.0,70.9,66.6,75.1,83.1,80.4,72.6,77.1,71.5,72.1,72.8,73.4,67.8,64.8,60.9,58.9,56.3,50.7,43.5,36.3,32.4,31.0,30.7,31.8,32.9,33.6,34.1,35.2,36.7,37.2,38.1,39.2,40.3,41.2,42.2,43.4,44.4
07:34:47.117,93.2,56.8,81.3,76.6,77.6,75.9,74.7,79.1,74.3,75.6,72.2,72.3,72.9,72.5,69.1,65.7,63.9,61.5,58.1,51.6,47.7,38.5,32.7,30.1,30.9,32.0,32.7,33.5,33.7,35.5,36.3,37.7,38.0,39.5,40.1,41.3,42.4,43.3,44.3
07:34:48.117,91.3,57.8,82.4,79.1,78.3,79.3,80.4,80.2,78.2,80.9,74.2,73.0,76.3,72.7,70.1,69.4,65.6,61.7,59.4,54.5,50.5,41.1,35.1,31.5,31.3,31.5,32.1,33.4,34.2,35.7,36.0,37.2,38.5,39.2,40.4,41.3,42.4,43.4,44.2
07:34:49.117,91.2,57.7,81.5,79.6,79.3,80.4,81.0,82.4,76.3,74.7,75.4,72.2,75.0,71.6,71.1,69.6,64.8,63.4,59.7,55.5,51.2,46.0,41.1,37.7,34.2,32.3,33.6,35.8,35.5,35.4,36.4,37.1,38.0,39.5,40.3,41.3,42.1,43.4,44.4
07:34:50.117,92.5,57.3,83.3,82.2,83.5,79.4,85.3,83.9,77.9,79.0,77.7,78.4,76.4,74.2,72.3,69.1,65.1,62.0,58.9,52.3,45.4,40.0,33.0,32.4,32.1,31.8,32.8,33.4,34.1,35.0,35.9,37.3,38.3,39.3,40.2,41.2,42.3,43.3,44.4
07:34:51.117,93.4,56.2,80.7,78.5,78.1,78.1,76.2,79.3,76.7,74.9,70.8,74.7,71.8,70.7,68.6,66.8,65.5,59.9,56.8,50.7,43.2,35.4,30.6,31.3,30.5,31.4,32.6,33.3,34.2,35.6,36.4,37.0,38.3,39.6,40.4,41.2,42.2,43.3,44.3
07:34:52.117,92.6,55.8,81.7,81.9,81.5,78.2,75.1,75.4,75.6,76.8,72.0,77.5,75.1,70.7,67.9,64.6,63.5,61.5,56.4,50.3,45.3,37.5,33.8,32.4,32.4,31.8,32.5,33.7,34.5,35.4,36.3,37.2,38.3,39.6,40.3,41.5,42.2,43.3,44.2
07:34:53.117,88.9,54.6,80.5,74.6,77.3,75.1,76.1,74.0,78.8,78.3,75.3,75.0,73.6,70.5,66.1,64.8,61.8,59.7,55.2,47.2,45.1,36.0,31.0,32.1,31.1,31.9,32.4,33.4,34.5,35.5,36.3,37.4,38.1,39.2,40.1,41.4,42.2,43.3,44.3
07:34:54.117,94.4,56.4,83.1,73.9,85.1,84.5,80.9,79.3,78.7,76.2,76.8,79.9,75.8,73.9,69.2,66.6,63.5,60.0,55.7,50.2,44.6,35.2,31.2,30.8,30.7,30.5,32.6,33.3,34.6,35.4,36.3,37.5,38.5,39.3,40.3,41.2,42.3,43.3,44.3
07:34:55.117,92.0,54.6,80.9,76.8,84.2,80.0,75.0,75.1,74.0,73.0,72.8,76.8,74.4,70.6,66.4,61.4,63.2,57.6,54.5,49.8,43.6,37.6,34.1,29.7,30.6,31.8,32.1,33.5,34.7,35.3,36.1,37.3,38.2,39.2,40.2,41.3,42.1,43.2,44.3
07:34:56.117,92.0,55.7,81.6,74.3,76.8,77.0,75.9,75.7,75.1,79.4,76.2,76.2,75.2,75.0,66.1,65.1,64.2,59.5,54.9,53.0,47.6,39.4,35.0,31.6,30.9,31.0,32.0,33.7,34.5,35.0,36.6,37.5,38.1,39.5,40.4,41.2,42.2,43.2,44.3
07:34:57.117,90.6,54.2,79.6,76.2,77.5,80.5,77.3,76.6,77.2,71.6,73.6,72.1,76.0,69.9,65.9,64.1,62.6,57.4,54.2,49.0,44.0,38.2,40.6,37.1,32.1,31.8,32.7,34.5,34.7,35.1,36.4,37.2,38.2,39.0,40.3,41.3,42.2,43.2,44.2
07:34:58.117,94.6,56.9,82.3,80.5,82.1,83.0,82.2,80.6,78.2,73.1,75.6,73.7,75.3,70.8,71.9,67.9,64.3,61.8,55.6,52.4,49.6,39.4,35.3,32.2,30.8,31.3,32.4,32.9,34.4,35.6,36.2,37.2,38.3,39.3,40.3,41.4,42.3,43.3,44.2
07:34:59.117,92.5,55.7,80.1,76.4,72.0,77.2,78.9,77.1,77.3,73.2,75.8,72.2,72.6,70.3,69.1,67.9,62.0,58.2,54.6,50.0,46.0,40.9,39.4,40.5,32.3,32.3,34.3,34.0,34.4,35.8,36.4,37.6,38.4,39.3,40.3,41.1,42.3,43.1,44.2
07:35:00.117,89.4,55.1,79.4,76.3,78.2,80.7,76.1,74.9,75.1,73.0,73.9,74.7,72.5,71.3,68.7,65.6,62.8,59.4,57.8,50.2,45.1,42.9,35.2,32.5,30.7,31.4,32.6,33.6,34.5,35.6,36.1,37.3,38.1,39.2,40.2,41.0,42.1,43.2,44.2
07:35:01.117,91.8,58.1,82.6,79.1,82.6,81.8,79.0,78.9,75.8,73.2,77.9,76.7,73.5,73.7,70.6,67.9,66.5,61.7,58.1,53.0,46.2,37.6,36.6,36.0,33.8,32.2,33.1,33.8,33.8,35.5,36.6,37.2,38.3,39.3,40.2,41.2,42.2,43.3,44.3
07:35:02.117,92.4,58.3,83.0,75.5,84.1,88.3,83.8,81.7,76.4,77.5,77.2,77.6,73.8,72.0,69.8,69.2,68.2,63.3,58.5,53.3,46.1,37.8,36.5,41.7,42.8,34.6,35.7,33.9,34.5,35.4,36.5,37.5,38.5,39.2,40.2,41.3,42.4,43.3,44.4
07:35:03.117,93.7,58.1,82.6,75.8,78.0,80.3,76.4,80.8,78.6,77.6,76.4,79.2,74.6,72.7,70.4,68.0,65.8,64.0,60.6,54.0,50.7,45.7,47.4,37.6,34.4,35.2,33.2,33.9,34.5,35.4,35.8,37.1,38.2,39.2,40.4,41.2,42.3,43.1,44.3
07:35:04.117,94.3,58.4,82.7,77.3,79.8,81.7,78.1,74.5,78.4,75.3,75.5,76.1,76.7,70.9,70.4,67.6,65.5,64.3,60.9,54.8,48.3,41.7,38.3,33.3,31.4,32.1,32.2,33.4,34.4,35.7,36.4,37.5,38.4,39.2,40.2,41.2,42.3,43.2,44.2
07:35:05.117,90.6,56.4,81.5,77.9,81.4,84.7,79.7,80.1,76.8,77.3,75.8,76.3,75.3,72.2,70.9,67.8,64.5,59.7,59.2,54.0,47.6,40.6,35.7,33.1,30.5,31.9,32.1,33.5,34.3,35.3,36.6,37.4,38.0,39.6,40.3,41.2,42.2,43.3,44.3
07:35:06.117,91.8,56.6,80.9,78.4,80.3,76.5,74.1,74.8,76.2,75.5,74.3,75.4,73.8,70.0,70.0,66.4,64.3,58.5,58.2,51.7,46.7,36.8,31.5,31.6,31.2,31.9,32.3,33.5,34.2,35.2,36.4,37.2,38.1,39.2,40.2,41.3,42.3,43.3,44.4
07:35:07.117,90.6,55.3,79.4,75.4,80.8,78.0,73.2,76.2,74.4,74.2,76.1,70.1,71.0,71.2,67.8,65.7,62.0,59.0,55.3,52.4,48.6,38.6,32.9,31.9,31.2,31.1,32.2,32.9,33.9,35.1,35.9,37.1,38.2,39.2,40.5,41.1,42.4,43.2,44.3
07:35:08.117,91.4,54.4,79.5,69.8,72.5,80.6,81.3,77.7,77.5,70.9,73.7,69.5,70.9,72.3,69.6,63.7,61.4,57.3,54.5,50.9,45.5,36.8,31.2,30.9,30.0,31.3,32.3,33.2,34.1,35.2,36.5,37.5,38.0,39.3,40.5,41.4,42.4,43.3,44.4
07:35:09.117,89.6,54.5,77.9,75.0,77.6,77.8,74.3,71.4,71.3,70.2,72.3,71.4,69.7,68.9,66.4,61.1,62.8,58.4,55.9,47.6,40.7,35.3,34.3,31.0,30.6,31.7,32.7,33.3,33.8,35.1,36.0,37.3,38.4,39.4,40.4,41.1,42.3,43.3,44.2
07:35:10.117,92.1,53.8,76.7,73.3,74.5,78.5,77.1,73.5,74.6,69.2,70.2,68.1,68.2,68.7,64.5,62.3,63.7,58.9,56.6,48.6,43.5,35.6,36.5,33.1,30.7,31.5,32.8,34.1,34.4,35.6,36.6,37.1,38.0,39.3,40.3,41.2,42.4,43.4,44.3
07:35:11.117,91.8,55.3,77.8,71.8,66.7,75.7,80.4,74.5,69.6,72.3,69.3,67.9,68.1,68.1,65.6,63.9,61.4,60.9,57.0,51.4,45.3,34.2,30.3,29.3,30.3,31.7,32.5,33.5,34.3,35.6,36.2,37.2,38.4,39.2,40.2,41.2,42.3,43.3,44.3
07:35:12.117,88.9,55.2,77.8,76.4,75.6,78.1,77.4,74.1,73.8,69.7,71.0,70.8,68.1,69.3,65.5,65.2,62.7,60.1,55.9,52.1,46.3,37.7,37.2,41.6,42.1,33.7,36.1,35.4,34.3,35.2,36.5,37.3,38.1,39.2,40.3,41.4,42.3,43.3,44.4
07:35:13.117,90.4,56.0,77.7,74.5,74.7,79.8,79.6,68.8,71.4,70.8,75.3,70.9,67.9,67.1,65.1,64.5,63.7,62.2,58.2,52.6,49.3,40.5,37.2,33.3,31.0,31.8,32.1,33.6,34.4,35.5,36.6,37.5,38.4,39.2,39.9,41.3,42.3,43.3,44.2
07:35:14.117,89.4,55.7,78.3,74.6,76.0,76.9,74.9,73.5,72.9,74.2,76.0,71.4,69.5,67.6,67.9,67.3,64.8,61.7,58.4,51.6,46.4,41.0,34.3,31.6,30.5,31.6,33.2,33.3,34.1,35.4,36.2,37.4,38.3,39.2,40.2,41.5,42.2,43.2,44.3
07:35:15.117,91.3,56.3,79.9,77.3,76.3,79.9,80.0,74.7,76.7,76.7,76.3,70.3,70.9,69.0,67.0,67.7,64.9,60.7,58.2,51.9,47.3,40.9,36.6,35.2,32.5,31.7,33.1,35.0,34.3,35.3,36.2,37.1,38.1,39.7,40.5,41.1,42.3,43.4,44.2
07:35:16.117,91.0,55.0,78.4,77.9,73.3,73.9,74.9,75.7,74.1,75.9,74.6,70.2,70.9,66.5,65.8,65.5,63.3,59.0,55.0,51.0,47.0,40.0,37.4,33.5,30.5,31.6,32.5,35.2,34.9,35.4,36.4,37.3,38.6,39.1,40.4,41.1,42.2,43.2,44.3
07:35:17.117,92.5,54.2,78.5,76.7,72.4,74.2,72.2,74.5,71.2,67.3,73.0,72.5,71.1,68.0,63.8,62.4,60.2,55.9,52.9,47.4,41.8,34.9,33.0,30.1,30.9,31.5,32.7,33.5,34.0,35.4,36.2,37.5,38.2,39.4,40.1,41.2,42.3,43.2,44.3
07:35:18.117,90.0,53.7,78.2,72.6,72.7,70.4,68.7,75.4,66.9,71.8,72.6,70.7,68.0,67.5,63.3,59.7,61.7,56.7,52.0,46.2,37.6,31.9,29.7,30.0,30.8,31.7,32.4,33.6,34.2,35.6,36.2,37.4,38.4,39.2,40.4,41.3,42.3,43.2,44.2
07:35:19.117,93.4,53.8,79.2,75.8,74.2,76.6,76.2,74.2,74.4,76.6,73.7,71.4,70.6,69.3,64.2,62.5,61.5,56.4,50.8,47.0,39.0,32.7,29.6,29.7,29.8,31.3,32.1,32.8,34.0,35.3,36.3,37.3,37.9,39.2,40.3,41.2,42.1,43.3,44.1
07:35:20.117,90.8,52.6,77.3,74.9,72.6,70.8,74.3,77.1,74.1,75.4,70.6,71.7,71.7,67.9,62.5,62.2,59.8,53.7,52.3,46.3,41.7,36.6,33.4,33.8,32.0,31.6,32.7,33.9,34.1,35.2,36.0,37.1,38.4,39.3,40.2,41.4,42.3,43.2,44.2
07:35:21.117,90.9,52.4,77.5,77.7,70.7,72.0,74.2,74.9,72.1,73.2,69.8,72.2,68.2,68.2,60.4,58.7,57.6,55.6,51.9,45.5,41.5,34.8,35.0,33.8,33.3,31.8,32.5,33.7,34.8,35.0,36.2,37.2,38.4,39.2,40.3,41.4,42.4,43.2,44.4
07:35:22.117,93.3,51.2,75.7,76.1,70.0,72.8,74.3,76.4,71.1,71.7,69.7,68.5,67.8,66.6,64.8,57.3,56.0,56.2,48.4,44.5,39.5,34.9,34.3,34.1,31.0,31.8,32.4,32.8,34.7,35.5,36.3,37.4,38.2,39.3,40.2,41.3,42.3,43.4,44.4
07:35:23.117,88.8,52.0,77.1,77.0,71.9,68.1,73.7,73.6,67.3,76.1,71.1,70.3,65.4,65.2,63.9,59.2,56.2,56.4,49.5,44.1,40.2,34.5,35.8,33.5,30.9,31.1,32.8,33.4,34.3,35.0,36.4,37.4,38.1,39.2,40.5,41.3,42.2,43.2,44.4
07:35:24.117,90.9,51.4,77.3,80.6,72.3,69.7,79.4,80.9,69.2,75.9,71.8,68.9,64.5,65.0,62.9,57.7,54.7,55.7,49.0,41.4,37.5,34.3,32.7,36.0,33.0,31.4,32.0,33.3,34.5,35.6,36.2,37.3,38.1,39.3,40.4,41.1,42.2,43.2,44.2
07:35:25.117,89.0,51.4,75.0,79.7,73.9,69.7,75.4,77.9,70.0,69.8,66.9,68.3,65.0,64.4,64.7,56.9,57.8,55.4,51.1,43.6,38.1,31.0,30.1,31.0,30.8,31.1,32.5,33.4,34.7,35.0,36.3,37.5,38.4,39.3,40.1,41.3,42.3,43.5,44.3
07:35:26.117,91.0,51.1,74.8,82.3,73.5,67.6,75.3,72.1,70.0,71.8,67.2,67.6,62.0,60.3,64.6,61.4,57.0,53.9,47.1,42.5,36.7,31.6,31.0,31.0,30.5,31.1,32.4,33.5,34.3,35.3,36.0,37.4,38.2,39.2,40.0,41.3,42.3,43.4,44.3
07:35:27.117,90.9,52.5,76.8,77.8,75.9,72.7,74.9,75.1,74.9,72.5,73.3,67.6,65.5,64.4,67.7,63.8,55.5,53.6,51.7,47.4,41.4,33.1,32.6,32.0,30.8,31.4,32.0,33.3,34.2,35.3,36.3,37.7,38.0,39.2,40.3,41.4,42.4,43.3,44.2
07:35:28.117,91.7,51.5,76.0,79.9,76.0,70.3,78.4,77.8,73.6,68.2,71.5,65.0,63.0,64.5,66.0,61.9,57.0,52.5,50.7,43.1,39.7,30.7,29.5,29.9,30.2,31.2,32.2,32.5,34.3,35.3,36.5,37.1,38.3,39.3,40.1,41.2,42.2,43.4,44.3
07:35:29.117,91.5,51.7,76.0,78.7,78.6,72.2,68.5,73.2,73.5,65.3,69.5,65.8,63.7,63.3,64.6,60.3,59.5,50.8,50.6,45.8,39.3,31.7,29.0,30.0,30.4,31.7,32.9,32.8,34.3,35.8,36.1,37.2,38.3,39.3,40.3,41.3,42.2,43.4,44.3
07:35:30.117,91.9,52.8,75.5,78.9,76.5,68.0,71.8,75.0,71.7,68.8,73.2,68.1,64.6,64.6,65.3,64.6,62.4,54.2,51.0,45.6,39.1,32.8,29.1,30.3,31.3,30.9,32.4,33.6,34.4,35.4,36.1,37.2,38.3,39.4,40.3,41.4,42.3,43.3,44.4
07:35:31.117,88.6,51.4,74.3,79.1,72.4,67.0,70.2,72.4,72.8,66.2,70.8,67.6,65.7,62.7,63.9,61.7,58.6,53.9,48.2,43.2,37.2,31.6,32.4,30.9,30.9,31.7,32.2,33.4,34.0,35.2,36.2,37.3,38.1,39.2,40.3,41.2,42.2,43.2,44.4
07:35:32.117,89.1,51.6,75.4,78.5,77.1,74.1,70.0,73.6,72.4,65.6,70.8,68.3,70.0,65.6,64.4,59.9,58.9,55.0,49.0,43.4,38.8,31.7,31.7,34.5,30.8,31.2,32.7,33.5,34.5,34.8,36.0,37.4,38.2,39.1,40.3,41.3,42.2,43.2,44.2
07:35:33.117,86.2,50.9,74.5,73.8,74.7,72.0,66.0,70.8,76.7,66.2,71.4,67.8,63.6,64.4,59.7,58.3,57.6,56.0,50.5,43.6,38.2,30.0,29.7,31.5,30.7,31.6,32.4,33.2,34.3,35.5,36.3,37.1,38.3,39.3,40.3,41.2,42.2,43.2,44.3
07:35:34.117,92.8,52.6,75.7,78.8,77.2,71.6,67.9,71.0,74.8,69.6,69.7,67.8,65.7,64.1,62.3,58.0,57.6,54.3,50.5,44.0,39.5,38.9,38.6,43.4,41.1,34.0,35.1,34.8,34.5,35.8,36.5,37.3,38.7,39.5,40.4,41.3,42.3,43.2,44.2
07:35:35.117,92.0,51.2,74.2,83.2,79.1,71.2,68.8,71.4,72.3,66.4,66.9,66.0,63.6,64.1,62.2,57.3,58.4,53.2,50.6,43.2,37.1,31.6,34.4,36.6,39.1,32.5,33.4,33.4,33.9,35.3,36.1,37.2,38.5,39.3,40.3,41.4,42.0,43.1,44.4
07:35:36.117,92.4,51.8,75.9,82.1,76.4,70.8,69.7,72.9,74.6,71.4,67.0,71.1,63.9,64.7,61.2,60.1,59.0,53.9,51.5,43.7,36.8,33.4,32.3,30.4,30.7,32.0,32.4,33.2,34.3,35.0,36.4,37.6,38.3,39.3,40.3,41.4,42.3,43.2,44.4
07:35:37.117,91.4,51.3,74.7,78.1,74.8,75.2,71.3,73.0,70.9,69.8,65.2,68.6,64.9,65.6,60.3,60.2,57.2,53.0,49.2,40.9,35.8,32.1,30.6,29.4,29.9,31.4,31.9,33.9,34.0,35.3,36.2,37.6,38.2,39.3,40.4,41.3,42.3,43.3,44.4
07:35:38.117,93.5,50.8,74.3,85.1,82.1,78.7,71.8,71.5,71.7,69.6,65.2,66.9,62.1,64.3,61.3,61.5,58.7,53.0,48.9,43.6,40.8,32.4,29.7,29.5,29.9,31.5,32.6,33.7,34.4,35.5,36.3,37.2,38.5,39.1,40.4,41.3,42.3,43.1,44.2
07:35:39.117,90.1,51.5,74.8,84.0,80.2,77.3,69.9,67.3,72.2,67.5,65.5,73.6,62.9,65.0,65.5,60.2,59.3,55.7,48.5,44.8,36.7,31.1,29.7,30.5,30.9,32.1,33.1,32.8,34.1,35.4,36.5,37.5,38.3,39.3,40.2,41.3,42.3,43.4,44.2
07:35:40.117,92.1,52.9,76.7,82.1,76.4,75.3,71.7,71.5,70.8,71.9,67.4,73.4,65.7,66.3,66.3,61.1,60.8,56.7,50.9,44.7,37.7,33.0,32.4,31.4,31.2,31.4,32.3,33.8,34.1,35.2,36.4,37.2,38.2,39.2,40.2,41.2,42.2,43.3,44.3
07:35:41.117,92.0,52.9,77.0,81.5,81.7,76.4,73.8,69.5,73.4,72.8,70.7,74.1,68.4,66.7,68.3,63.9,59.7,55.9,51.3,45.9,38.6,31.6,31.1,31.9,30.7,31.6,32.6,33.7,34.4,35.8,36.6,37.2,38.4,39.1,40.1,41.2,42.3,43.3,44.4
07:35:42.117,91.0,53.6,77.4,79.6,82.5,79.2,73.7,68.4,70.8,70.8,68.9,72.7,72.2,64.7,68.6,64.6,61.8,56.4,53.5,48.3,42.1,33.8,29.6,29.4,30.3,32.2,32.5,33.2,33.9,35.3,36.2,37.5,38.3,39.5,40.3,41.1,42.4,43.4,44.4
07:35:43.117,93.1,55.4,80.1,87.4,83.6,77.0,77.3,73.0,73.0,72.6,73.4,74.9,76.4,71.5,69.7,64.3,66.3,62.0,54.0,50.1,44.9,39.2,34.9,30.8,30.8,32.2,32.5,33.4,34.3,35.3,36.5,37.3,38.3,39.5,40.4,41.4,42.4,43.3,44.3
07:35:44.117,92.1,53.4,77.5,80.5,77.9,76.6,73.9,72.8,67.6,69.0,65.5,72.0,74.5,70.8,64.7,61.7,61.7,56.9,52.4,42.6,39.9,33.0,31.1,31.2,31.0,32.2,32.8,33.7,34.8,35.4,36.4,37.1,38.1,39.2,40.2,41.4,42.3,43.3,44.3
07:35:45.117,90.3,54.1,77.8,72.6,79.2,82.0,78.3,74.7,69.0,65.4,68.8,71.2,73.4,72.7,64.5,66.8,63.0,57.8,49.6,44.9,39.6,34.0,32.5,30.3,30.5,32.2,32.5,33.9,34.9,35.5,36.2,37.3,38.5,39.5,40.2,41.2,42.4,43.3,44.1
07:35:46.117,92.5,54.0,77.1,80.6,80.8,82.0,79.7,74.9,69.3,66.2,70.1,69.7,71.6,71.1,66.4,67.2,64.1,57.0,50.7,49.4,42.2,35.4,37.1,40.9,32.5,31.8,33.1,34.1,34.4,35.6,36.5,37.2,38.1,39.2,40.2,41.4,42.3,43.4,44.3
07:35:47.117,91.7,52.2,75.6,77.1,77.1,73.6,73.4,76.2,67.4,64.2,66.7,67.5,67.4,70.4,61.8,58.1,58.7,52.8,50.0,43.9,38.8,31.7,30.6,30.2,30.2,32.1,32.8,33.3,34.7,35.2,36.5,37.3,38.4,39.5,40.4,41.3,42.3,43.2,44.2
07:35:48.117,91.0,52.2,77.6,79.0,78.0,81.4,79.7,76.8,70.7,67.9,67.6,71.2,63.4,70.7,61.5,55.2,61.4,50.7,48.0,43.1,39.1,33.2,32.3,31.1,30.7,31.5,32.2,33.1,34.3,35.4,36.5,37.6,38.5,39.1,40.3,41.3,42.3,43.4,44.4
07:35:49.117,91.1,52.1,75.8,80.6,78.5,81.0,79.9,75.9,68.6,63.1,67.1,67.9,66.9,72.5,63.5,60.9,62.2,51.6,47.7,43.3,40.5,33.5,33.7,33.6,31.3,31.7,32.1,33.1,34.2,35.3,36.5,37.4,38.1,39.3,40.2,41.2,42.2,43.3,44.2
07:35:50.117,90.8,52.0,75.9,83.3,79.0,79.3,76.8,73.7,70.1,64.5,64.4,68.7,67.0,71.1,63.8,59.6,59.1,53.5,50.5,45.6,41.3,31.8,29.4,30.2,30.6,31.9,32.1,33.7,34.5,35.3,36.4,37.3,38.2,39.2,40.1,41.2,42.3,43.4,44.3
07:35:51.117,90.2,51.6,75.4,81.6,75.2,67.6,74.4,76.5,68.8,59.6,66.4,65.5,64.7,68.3,64.6,55.2,57.2,52.2,47.7,43.4,39.0,31.5,31.3,31.5,30.5,31.9,32.7,33.3,34.1,35.3,36.5,37.1,38.3,39.3,40.1,41.1,42.3,43.2,44.2
07:35:52.117,90.0,51.2,74.3,77.0,72.5,79.0,78.2,73.8,70.4,64.1,66.1,68.0,63.5,67.0,65.0,55.4,57.4,51.8,52.1,42.7,36.1,33.0,30.2,30.9,31.1,32.0,32.9,33.3,34.0,35.5,36.5,37.1,38.1,39.2,40.1,41.4,42.3,43.3,44.3
07:35:53.117,88.6,51.1,74.7,73.9,79.3,78.7,81.2,76.6,68.1,62.8,68.3,66.3,62.4,65.1,66.1,61.6,56.7,53.7,51.2,42.1,36.3,30.8,28.5,30.0,31.3,31.8,32.5,33.4,34.1,35.3,36.2,37.3,38.1,39.3,40.2,41.4,42.2,43.2,44.3
07:35:54.117,90.3,51.0,74.7,81.1,77.5,77.0,73.9,68.3,64.2,60.1,63.9,68.2,62.9,62.6,61.5,61.1,54.3,51.3,47.1,40.7,34.5,29.9,28.7,28.8,30.5,31.7,32.6,33.2,34.1,35.2,36.4,37.3,38.2,39.3,40.3,41.3,42.3,43.3,44.4
07:35:55.117,90.0,50.9,73.3,80.3,74.4,74.3,74.0,73.4,65.9,64.6,71.4,63.5,63.0,61.1,60.1,61.0,53.3,55.1,50.2,40.7,35.9,29.5,29.2,30.1,30.8,31.2,32.7,33.1,34.6,35.4,36.5,37.3,38.4,39.4,40.3,41.4,42.3,43.3,44.5
07:35:56.117,89.1,51.3,74.3,80.7,78.1,74.1,72.5,71.9,66.0,65.2,68.0,67.3,64.1,63.5,60.4,63.0,54.2,54.5,50.8,40.9,36.1,30.2,28.8,29.6,30.9,31.6,32.8,33.4,34.3,35.0,36.2,37.2,38.3,39.1,40.4,41.5,42.3,43.3,44.4
07:35:57.117,91.2,50.3,73.8,84.3,80.5,79.0,78.5,71.2,68.4,69.3,67.9,65.9,64.4,62.0,58.5,60.7,52.5,53.1,49.7,41.9,33.2,29.6,28.1,29.6,30.9,32.3,32.0,33.6,34.2,35.2,36.1,37.2,38.6,39.3,40.3,41.3,42.2,43.2,44.3
07:35:58.117,87.5,50.2,73.1,75.1,73.5,72.9,74.2,70.0,63.8,66.3,70.4,64.9,64.8,57.0,58.6,60.1,53.3,50.8,47.3,40.7,34.1,29.2,29.3,30.4,31.1,31.9,32.3,33.0,34.3,35.4,36.5,36.9,38.2,39.2,40.3,41.6,42.3,43.3,44.3
07:35:59.117,90.3,49.2,72.1,78.8,77.1,78.1,71.6,65.9,64.7,63.8,66.5,64.0,59.3,58.0,53.9,55.6,53.5,46.6,41.0,36.7,30.7,29.1,29.3,30.2,32.0,31.8,32.3,33.3,34.6,35.2,36.5,37.5,38.0,39.1,40.4,41.4,42.3,43.4,44.4
07:36:00.117,86.0,49.0,70.5,73.8,73.3,72.3,70.0,68.2,66.1,63.1,66.4,67.7,58.7,59.1,53.5,54.1,52.0,47.3,42.4,36.7,34.0,30.6,29.6,30.3,30.8,31.4,32.1,33.4,34.7,35.3,36.3,37.2,38.2,39.0,40.3,41.4,42.4,43.3,44.3
07:36:01.117,86.6,49.0,70.2,76.4,73.8,71.1,69.4,66.7,67.5,63.8,62.8,63.0,58.9,57.8,51.6,50.0,51.2,46.1,39.3,37.0,32.2,30.7,29.9,30.5,30.9,32.0,32.1,33.3,34.5,35.4,36.8,37.1,38.3,39.5,40.3,41.2,42.3,43.1,44.3
07:36:02.117,90.7,49.0,70.9,75.2,76.4,73.3,69.1,67.8,64.7,64.8,66.4,65.1,61.7,59.5,55.1,47.7,51.3,47.9,41.1,37.1,33.9,32.4,31.5,29.5,31.0,32.2,32.7,33.3,34.2,35.5,36.2,37.1,38.3,39.3,40.4,41.3,42.4,43.3,44.4
07:36:03.117,87.2,49.2,72.2,75.7,71.3,70.6,72.5,70.7,69.5,66.5,67.5,62.4,61.8,62.0,55.8,51.4,49.7,48.9,43.5,35.1,32.3,29.9,28.8,30.1,31.1,32.4,32.2,33.5,34.5,35.3,36.6,37.5,38.1,39.6,40.1,41.3,42.3,43.2,44.2
07:36:04.117,86.2,49.4,72.1,73.7,74.7,77.5,74.8,70.4,66.6,63.3,67.6,66.0,62.1,62.8,55.4,55.2,53.5,50.2,44.4,40.0,35.3,28.5,28.7,28.9,30.6,31.6,32.1,33.3,34.0,35.6,36.3,37.3,38.6,39.2,40.3,41.2,42.4,43.3,44.2
07:36:05.117,89.5,49.6,73.0,75.2,76.7,77.3,73.3,68.5,64.9,62.8,68.5,63.8,62.7,62.8,56.0,56.3,51.6,49.1,43.0,39.6,32.5,29.0,28.3,29.7,30.0,32.1,32.7,33.5,34.0,35.2,36.5,37.5,38.2,39.4,40.2,41.2,42.2,43.3,44.2
07:36:06.117,86.7,49.2,71.5,73.8,70.9,71.9,71.8,69.7,69.1,66.3,66.5,62.0,59.7,62.3,57.9,53.3,50.2,45.5,42.0,38.7,31.7,29.5,33.8,33.6,31.1,31.6,32.9,33.8,34.7,35.5,36.2,37.4,38.5,39.2,40.2,41.7,42.3,43.2,44.3
07:36:07.117,87.5,49.2,70.4,76.5,72.7,71.1,71.6,71.9,67.0,62.6,65.2,60.2,60.9,61.2,58.5,51.6,51.1,46.0,40.9,36.6,34.1,31.0,31.9,30.6,30.4,32.2,32.1,33.4,34.5,35.5,36.5,37.6,38.5,39.3,40.4,41.4,42.3,43.3,44.2
